entry_time,exit_time,direction,entry,exit,sl,target,exit_reason,pnl_r,pnl_dollars,equity_after
1753447200,1753455600,short,115950.0,115256.7075,116643.2925,114563.41500000001,SL,1.0,100.0,10100.0
1753459500,1753475700,long,115775.0,116998.22099999999,115163.3895,116998.22099999999,Target,2.0,202.0,10302.0
1753494000,1753497000,short,117305.0,117608.775,117608.775,116697.45000000001,SL,-1.0,-103.02,10198.98
1753497300,1753632600,long,117733.5,119007.655,117096.4225,119007.655,Target,2.0,203.98,10402.96
1753642800,1753653600,short,119012.0,119333.13674999999,119333.13674999999,118369.72650000002,SL,-1.0,-104.03,10298.93
1753660500,1753661700,short,119449.0,119583.76199999999,119583.76199999999,119179.47600000002,SL,-1.0,-102.99,10195.94
1753662300,1753663200,long,119657.5,119286.327,119286.327,120399.84599999999,SL,-1.0,-101.96,10093.98
1753664100,1753669800,short,119321.0,119764.35225,119764.35225,118434.29550000001,SL,-1.0,-100.94,9993.04
1753670100,1753686300,long,119764.0,118961.98925000001,118961.98925000001,121368.02149999997,SL,-1.0,-99.93,9893.11
1753686600,1753710000,short,118945.5,118945.5,119550.24524999999,117736.00950000001,SL,0.0,0.0,9893.11
1753721400,1753722000,long,118366.5,117952.49425,117952.49425,119194.5115,SL,-1.0,-98.93,9794.18
1753730100,1753731900,long,118137.0,117552.69425,117552.69425,119305.6115,SL,-1.0,-97.94,9696.24
1753732500,1753734900,short,117936.5,117936.5,118261.60124999999,117286.29750000002,SL,0.0,0.0,9696.24
1753736400,1753775100,long,118030.0,119252.47749999998,117418.76125000001,119252.47749999998,Target,2.0,193.92,9890.16
1753780200,1753780500,short,118935.0,118806.498,119063.502,118677.99600000001,SL,1.0,98.9,9989.06
1753780800,1753786500,short,118811.0,118305.99600000001,119063.502,118305.99600000001,Target,2.0,199.78,10188.85
1753792200,1753797600,long,118918.0,118358.79100000001,118358.79100000001,120036.41799999998,SL,-1.0,-101.89,10086.96
1753797900,1753807500,short,118348.0,117633.99875000001,119062.00124999999,116919.99750000003,SL,1.0,100.87,10187.83
1753809300,1753890600,long,117871.5,117871.5,117001.47,119611.56,SL,0.0,0.0,10187.83
1753891800,1753901700,short,117673.5,116501.29950000002,118259.60024999999,116501.29950000002,Target,2.0,203.76,10391.58
1753906800,1753922700,long,117185.0,118484.59349999999,116535.20325,118484.59349999999,Target,2.0,207.83,10599.42
1753940100,1753944300,short,118372.5,118576.2585,118576.2585,117964.98300000001,SL,-1.0,-105.99,10493.42
1753953000,1753968600,short,118475.5,117827.76000000001,118799.37,117827.76000000001,Target,2.0,209.87,10703.29
1753970700,1753982700,long,118393.5,117735.103,117735.103,119710.294,SL,-1.0,-107.03,10596.26
1754015100,1754032200,long,115758.0,114957.99225000001,114957.99225000001,117358.01549999998,SL,-1.0,-105.96,10490.29
1754040000,1754051400,long,115112.5,115112.5,114449.24675,116439.00649999999,SL,0.0,0.0,10490.29
1754056200,1754171400,short,114452.5,112976.06450000001,115928.93549999999,111499.62900000002,SL,1.0,104.9,10595.2
1754177100,1754181600,short,112433.5,112433.5,112977.96075,111344.5785,SL,0.0,0.0,10595.2
1754182800,1754316000,long,112900.5,115083.36499999999,111809.0675,115083.36499999999,Target,2.0,211.9,10807.1
1754322000,1754323500,short,114679.0,115050.99674999999,115050.99674999999,113935.00650000002,SL,-1.0,-108.07,10699.03
1754324100,1754333100,long,114990.0,114990.0,114453.24475000001,116063.51049999997,SL,0.0,0.0,10699.03
1754341200,1754342100,long,114765.5,115099.15599999999,114598.672,115099.15599999999,Target,2.0,213.98,10913.01
1754342400,1754357700,long,115050.0,114708.11725000001,114708.11725000001,115733.76549999998,SL,-1.0,-109.13,10803.88
1754371500,1754375700,long,114326.5,114326.5,114211.8655,114555.769,SL,0.0,0.0,10803.88
1754376600,1754379300,short,114218.5,113897.25875000001,114539.74124999999,113576.01750000002,SL,1.0,108.04,10911.92
1754383200,1754391600,long,114294.5,114746.44975,113842.55025,115198.3995,SL,1.0,109.12,11021.04
1754397000,1754397300,short,114482.0,114034.56400000001,114929.43599999999,113587.12800000003,SL,1.0,110.21,11131.25
1754413800,1754421300,long,113122.5,113535.88274999999,112709.11725000001,113949.26549999998,SL,1.0,111.31,11242.56
1754431200,1754433000,short,113541.0,113868.40574999999,113868.40574999999,112886.18850000002,SL,-1.0,-112.43,11130.14
1754440800,1754441100,short,113985.0,113856.47175000001,114113.52824999999,113727.94350000002,SL,1.0,111.3,11241.44
1754441400,1754456700,short,113716.0,113716.0,114065.004,113017.992,SL,0.0,0.0,11241.44
1754457300,1754492100,long,113911.0,114538.67,113283.33,115166.34,SL,1.0,112.41,11353.85
1754509200,1754517000,short,115263.5,114973.25200000001,115553.74799999999,114683.00400000002,SL,1.0,113.54,11467.39
1754530500,1754531700,long,115032.5,114772.08525,114772.08525,115553.32949999999,SL,-1.0,-114.67,11352.72
1754532000,1754560800,short,114714.5,115215.579,115215.579,113712.342,SL,-1.0,-113.53,11239.19
1754571300,1754573100,short,116330.0,116330.0,116500.72124999999,115988.55750000002,SL,0.0,0.0,11239.19
1754573700,1754584800,long,116469.0,116096.9225,116096.9225,117213.155,SL,-1.0,-112.39,11126.8
1754585400,1754595300,short,116046.5,116782.362,116782.362,114574.77600000001,SL,-1.0,-111.27,11015.53
1754604600,1754604900,short,117171.0,117325.6335,117325.6335,116861.73300000001,SL,-1.0,-110.16,10905.37
1754605200,1754609700,long,117250.0,117250.0,116952.99425,117844.0115,SL,0.0,0.0,10905.37
1754612700,1754613300,short,116988.5,117510.22575,117510.22575,115945.0485,SL,-1.0,-109.05,10796.32
1754614500,1754617500,long,117324.0,116774.58350000001,116774.58350000001,118422.83299999998,SL,-1.0,-107.96,10688.36
1754636400,1754642100,long,116698.5,116435.75300000001,116435.75300000001,117223.99399999998,SL,-1.0,-106.88,10581.47
1754642400,1754661600,short,116456.0,116950.446,116950.446,115467.10800000001,SL,-1.0,-105.81,10475.66
1754664000,1754730600,short,116443.5,117301.6215,117301.6215,114727.25700000001,SL,-1.0,-104.76,10370.9
1754738400,1754772000,short,117232.5,116798.19600000001,117666.80399999999,116363.89200000002,SL,1.0,103.71,10474.61
1754775300,1754793000,short,116507.5,116825.88375,116825.88375,115870.73250000001,SL,-1.0,-104.75,10369.86
1754804100,1754811900,short,118111.0,117666.75200000001,118555.24799999999,117222.50400000002,SL,1.0,103.7,10473.56
1754814900,1754856900,long,118166.0,118166.0,117521.21,119455.57999999999,SL,0.0,0.0,10473.56
1754857200,1754863500,short,118118.0,118750.3455,118750.3455,116853.30900000001,SL,-1.0,-104.74,10368.83
1754875500,1754875800,short,119054.0,119375.15775,119375.15775,118411.6845,SL,-1.0,-103.69,10265.14
1754876400,1754878800,long,119729.5,121384.46149999998,118902.01925000001,121384.46149999998,Target,2.0,205.3,10470.44
1754897700,1754910300,short,121850.5,120803.187,122374.1565,120803.187,Target,2.0,209.41,10679.85
1754922000,1754922900,long,120010.0,120292.89349999999,119727.10650000001,120575.78699999998,SL,1.0,106.8,10786.65
1754923200,1754932500,long,120282.5,119706.61675,119706.61675,121434.2665,SL,-1.0,-107.87,10678.78
1754953500,1754992800,long,118836.0,118264.33825,118264.33825,119979.3235,SL,-1.0,-106.79,10572.0
1755002400,1755015300,long,118955.5,119725.62225,118185.37775,120495.7445,SL,1.0,105.72,10677.72
1755020400,1755022500,short,119394.0,119884.41225,119884.41225,118413.17550000001,SL,-1.0,-106.78,10570.94
1755023100,1755051300,long,119781.5,119076.432,119076.432,121191.636,SL,-1.0,-105.71,10465.23
1755057600,1755057900,long,119447.5,119640.65699999999,119254.34300000001,119833.81399999998,SL,1.0,104.65,10569.88
1755060900,1755067800,short,119381.5,119381.5,119793.867,118556.766,SL,0.0,0.0,10569.88
1755069000,1755072600,long,119353.5,119680.04324999999,119026.95675000001,120006.58649999998,SL,1.0,105.7,10675.58
1755090000,1755091500,short,120266.5,120672.80625,120672.80625,119453.88750000001,SL,-1.0,-106.76,10568.82
1755091800,1755092400,long,120621.0,120117.91100000001,120117.91100000001,121627.17799999999,SL,-1.0,-105.69,10463.14
1755098100,1755105600,short,120983.5,121775.8575,121775.8575,119398.785,SL,-1.0,-104.63,10358.5
1755111600,1755112200,short,121554.0,121923.43125,121923.43125,120815.13750000001,SL,-1.0,-103.59,10254.92
1755122700,1755123000,short,122840.0,122927.43299999999,122927.43299999999,122665.13400000002,SL,-1.0,-102.55,10152.37
1755136500,1755140700,short,123491.5,123886.41225,123886.41225,122701.67550000001,SL,-1.0,-101.52,10050.85
1755143400,1755149100,short,123515.5,122784.68100000001,123880.9095,122784.68100000001,Target,2.0,201.02,10251.86
1755197400,1755265200,long,118064.0,118064.0,117055.443,120081.114,SL,0.0,0.0,10251.86
1755279300,1755287100,long,117489.0,116885.02825,116885.02825,118696.9435,SL,-1.0,-102.52,10149.34
1755291000,1755292500,long,117211.5,116967.98675000001,116967.98675000001,117698.52649999998,SL,-1.0,-101.49,10047.85
1755293100,1755297000,short,117164.0,117388.16475,117388.16475,116715.67050000001,SL,-1.0,-100.48,9947.37
1755300600,1755306900,short,117145.0,117781.8615,117781.8615,115871.277,SL,-1.0,-99.47,9847.9
1755312300,1755318300,short,117503.5,117762.35174999999,117762.35174999999,116985.79650000003,SL,-1.0,-98.48,9749.42
1755318900,1755326100,long,117714.0,117321.31000000001,117321.31000000001,118499.37999999998,SL,-1.0,-97.49,9651.93
1755330300,1755338100,long,117599.5,117283.32900000001,117283.32900000001,118231.84199999998,SL,-1.0,-96.52,9555.41
1755338400,1755349200,short,117272.5,117726.33374999999,117726.33374999999,116364.83250000002,SL,-1.0,-95.55,9459.85
1755360000,1755380400,short,117639.0,117476.62875,117801.37125,117314.2575,SL,1.0,94.6,9554.45
1755395100,1755406200,long,117346.0,117830.16249999998,117103.91875000001,117830.16249999998,Target,2.0,191.09,9745.54
1755414000,1755420300,short,117888.0,118117.029,118117.029,117429.94200000001,SL,-1.0,-97.46,9648.08
1755433800,1755438600,short,118200.0,118381.161,118381.161,117837.67800000001,SL,-1.0,-96.48,9551.6
1755438900,1755447300,long,118454.5,117973.9835,117973.9835,119415.533,SL,-1.0,-95.52,9456.09
1755447600,1755457500,short,117976.0,117612.86,118339.14,117249.72,SL,1.0,94.56,9550.65
1755467400,1755471900,long,117660.0,117820.779,117499.221,117981.55799999999,SL,1.0,95.51,9646.16
1755473400,1755480300,short,117507.0,117022.0335,117991.9665,116537.06700000001,SL,1.0,96.46,9742.62
1755494100,1755495300,long,115631.0,115306.318,115306.318,116280.364,SL,-1.0,-97.43,9645.19
1755495900,1755523800,short,115117.5,115695.31874999999,115695.31874999999,113961.86250000002,SL,-1.0,-96.45,9548.74
1755525900,1755531300,short,115006.0,115758.8505,115758.8505,113500.299,SL,-1.0,-95.49,9453.25
1755546000,1755552000,short,116238.0,116628.78525,116628.78525,115456.4295,SL,-1.0,-94.53,9358.72
1755558600,1755563400,short,116415.0,115892.5605,116937.4395,115370.12100000001,SL,1.0,93.59,9452.31
1755565800,1755567900,long,116453.5,115860.54075,115860.54075,117639.4185,SL,-1.0,-94.52,9357.78
1755580500,1755582600,long,115182.5,114923.5095,114923.5095,115700.481,SL,-1.0,-93.58,9264.21
1755582900,1755595800,short,114974.5,115448.19524999999,115448.19524999999,114027.10950000002,SL,-1.0,-92.64,9171.56
1755608100,1755608400,short,115361.5,115594.26825,115594.26825,114895.96350000001,SL,-1.0,-91.72,9079.85
1755608700,1755610800,long,115561.5,115177.88225000001,115177.88225000001,116328.73549999998,SL,-1.0,-90.8,8989.05
1755611400,1755628800,short,114943.5,113009.64750000002,115910.42624999999,113009.64750000002,Target,2.0,179.78,9168.83
1755632700,1755653700,long,113384.5,112668.63750000001,112668.63750000001,114816.22499999998,SL,-1.0,-91.69,9077.14
1755654000,1755658200,short,112564.5,113421.6825,113421.6825,110850.13500000001,SL,-1.0,-90.77,8986.37
1755676500,1755678300,short,113491.0,113814.37874999999,113814.37874999999,112844.24250000002,SL,-1.0,-89.86,8896.51
1755678600,1755689400,long,113807.0,113289.82675000001,113289.82675000001,114841.34649999999,SL,-1.0,-88.97,8807.54
1755692100,1755697500,long,113800.0,112968.4875,112968.4875,115463.025,SL,-1.0,-88.08,8719.47
1755701400,1755795600,long,113732.0,112256.34375,112256.34375,116683.3125,SL,-1.0,-87.19,8632.27
1755803400,1755804000,long,112675.5,112121.91100000001,112121.91100000001,113782.67799999999,SL,-1.0,-86.32,8545.95
1755804600,1755809700,short,112220.5,112756.34999999999,112756.34999999999,111148.80000000002,SL,-1.0,-85.46,8460.49
1755810000,1755828900,long,112411.5,113304.52099999998,111964.98950000001,113304.52099999998,Target,2.0,169.21,8629.7
1755835500,1755843600,short,112996.5,113333.13824999999,113333.13824999999,112323.22350000002,SL,-1.0,-86.3,8543.4
1755845400,1755865800,short,112923.5,111934.1385,113418.18075,111934.1385,Target,2.0,170.87,8714.27
1755868200,1755871200,long,112219.0,112832.8305,111605.1695,113446.661,SL,1.0,87.14,8801.41
1755891300,1755894000,short,116639.5,116946.44399999999,116946.44399999999,116025.61200000002,SL,-1.0,-88.01,8713.4
1755894300,1755912900,long,116946.0,116423.759,116423.759,117990.48199999999,SL,-1.0,-87.13,8626.26
1755925200,1755937500,long,115903.0,115615.66325000001,115615.66325000001,116477.67349999998,SL,-1.0,-86.26,8540.0
1755968400,1755985200,long,114979.5,114979.5,114686.12825000001,115566.24349999998,SL,0.0,0.0,8540.0
1755987300,1755998700,long,115220.0,115220.0,114910.01625,115839.9675,SL,0.0,0.0,8540.0
1755999000,1755999600,short,115258.5,115453.19774999999,115453.19774999999,114869.10450000002,SL,-1.0,-85.4,8454.6
1756000200,1756003800,long,115482.0,115086.92775,115086.92775,116272.1445,SL,-1.0,-84.55,8370.06
1756009800,1756013700,long,115211.0,114933.50450000001,114933.50450000001,115765.99099999998,SL,-1.0,-83.7,8286.36
1756021500,1756022400,long,114973.0,114794.57400000001,114794.57400000001,115329.85199999998,SL,-1.0,-82.86,8203.49
1756028700,1756031400,long,115000.5,114592.675,114592.675,115816.15,SL,-1.0,-82.03,8121.46
1756048500,1756051200,long,114678.5,114366.28825000001,114366.28825000001,115302.92349999998,SL,-1.0,-81.21,8040.24
1756059600,1756063800,long,114811.0,114236.853,114236.853,115959.294,SL,-1.0,-80.4,7959.84
1756064400,1756153800,short,112664.0,110478.10375000001,114849.89624999999,108292.20750000002,SL,1.0,79.6,8039.44
1756161300,1756163400,long,110386.5,109797.57375000001,109797.57375000001,111564.35249999998,SL,-1.0,-80.39,7959.04
1756163700,1756169100,short,110016.5,109423.22275,110609.77725,108829.9455,SL,1.0,79.59,8038.63
1756173300,1756173900,long,109622.0,109811.24375,109432.75625,110000.48749999999,SL,1.0,80.39,8119.02
1756176900,1756180800,short,109581.0,109959.9525,109959.9525,108823.095,SL,-1.0,-81.19,8037.83
1756190400,1756193400,short,110005.0,110354.1495,110354.1495,109306.701,SL,-1.0,-80.38,7957.45
1756194300,1756207800,long,110280.0,109666.63925000001,109666.63925000001,111506.72149999999,SL,-1.0,-79.57,7877.88
1756212300,1756215900,long,110490.0,109528.20850000001,109528.20850000001,112413.58299999998,SL,-1.0,-78.78,7799.1
1756216200,1756217400,short,109381.0,110265.105,110265.105,107612.79000000001,SL,-1.0,-77.99,7721.11
1756218600,1756222500,long,110164.5,109642.1515,109642.1515,111209.19699999999,SL,-1.0,-77.21,7643.9
1756222800,1756233300,short,109649.0,110592.26849999999,110592.26849999999,107762.46300000002,SL,-1.0,-76.44,7567.46
1756254000,1756257000,short,111656.0,111407.57575,111904.42425,111159.1515,SL,1.0,75.67,7643.13
1756267200,1756278900,long,111384.5,110838.05325000001,110838.05325000001,112477.39349999998,SL,-1.0,-76.43,7566.7
1756286700,1756302300,long,110934.5,111515.20449999999,110353.79550000001,112095.90899999999,SL,1.0,75.67,7642.37
1756321500,1756322700,short,112034.0,112034.0,112491.2175,111119.565,SL,0.0,0.0,7642.37
1756327800,1756451400,long,112283.0,110815.06475,110815.06475,115218.87049999999,SL,-1.0,-76.42,7565.94
1756464000,1756470600,long,109961.0,110519.7365,109681.63175,110519.7365,Target,2.0,151.32,7717.26
1756475100,1756480500,short,109680.5,108639.667,110721.333,107598.834,SL,1.0,77.17,7794.44
1756486200,1756486800,long,108543.0,108543.0,108387.77900000001,108853.44199999998,SL,0.0,0.0,7794.44
1756487400,1756494600,short,108386.0,108386.0,108840.89325,107476.21350000001,SL,0.0,0.0,7794.44
1756495500,1756497900,long,108589.0,107825.56025000001,107825.56025000001,110115.87949999998,SL,-1.0,-77.94,7716.49
1756498200,1756541100,short,107804.0,108648.29699999999,108648.29699999999,106115.40600000002,SL,-1.0,-77.16,7639.33
1756548600,1756548900,short,108603.0,108581.71500000001,108624.28499999999,108560.43000000002,SL,1.0,76.39,7715.72
1756551600,1756567200,short,108391.5,108726.336,108726.336,107721.82800000001,SL,-1.0,-77.16,7638.56
1756576500,1756596300,short,108673.5,108673.5,108864.405,108291.69,SL,0.0,0.0,7638.56
1756611600,1756613400,short,109234.5,108985.1955,109359.15225,108985.1955,Target,2.0,152.77,7791.33
1756624200,1756634100,long,108766.0,108433.75600000001,108433.75600000001,109430.48799999998,SL,-1.0,-77.91,7713.42
1756650900,1756656000,long,108415.0,108660.112,108169.888,108905.22399999999,SL,1.0,77.13,7790.55
1756670700,1756679100,short,108918.5,109140.04275,109140.04275,108475.41450000001,SL,-1.0,-77.91,7712.65
1756680300,1756683300,short,108812.0,108365.89825000001,109258.10174999999,107919.79650000003,SL,1.0,77.13,7789.78
1756705200,1756713600,long,107927.0,109444.22199999998,107168.38900000001,109444.22199999998,Target,2.0,155.8,7945.57
1756722300,1756730100,short,109004.5,109004.5,109754.84999999999,107503.80000000002,SL,0.0,0.0,7945.57
1756737600,1756743600,short,109005.0,109005.0,109342.644,108329.712,SL,0.0,0.0,7945.57
1756750200,1756759200,long,108927.5,108527.20925,108527.20925,109728.0815,SL,-1.0,-79.46,7866.12
1756767900,1756781700,long,108548.5,109940.40649999998,107852.54675000001,109940.40649999998,Target,2.0,157.32,8023.44
1756791900,1756793100,short,110086.0,110294.61975,110294.61975,109668.7605,SL,-1.0,-80.23,7943.2
1756797900,1756802400,short,110125.0,110496.72075,110496.72075,109381.55850000001,SL,-1.0,-79.43,7863.77
1756803000,1756812000,long,110542.0,109948.49825,109948.49825,111729.00349999999,SL,-1.0,-78.64,7785.13
1756820700,1756966800,long,110437.5,110437.5,108946.4995,113419.50099999999,SL,0.0,0.0,7785.13
1756974000,1756980600,long,110596.0,110920.1635,110271.8365,111244.32699999999,SL,1.0,77.85,7862.99
1756984200,1756988100,short,110668.5,111039.99225,111039.99225,109925.51550000001,SL,-1.0,-78.63,7784.36
1756989900,1756994700,short,110581.5,110013.95325,111149.04675,109446.40650000001,SL,1.0,77.84,7862.2
1757007000,1757024700,long,109771.5,110695.864,109309.318,110695.864,Target,2.0,157.24,8019.44
1757030700,1757037600,short,110743.0,111122.53349999999,111122.53349999999,109983.93300000002,SL,-1.0,-80.19,7939.25
1757064300,1757075400,short,112290.0,112667.80575,112667.80575,111534.3885,SL,-1.0,-79.39,7859.86
1757082000,1757507400,short,111400.0,113340.14175,113340.14175,107519.71650000001,SL,-1.0,-78.6,7781.26
1757520900,1757524200,short,113711.0,113956.95,113956.95,113219.1,SL,-1.0,-77.81,7703.44
1757524800,1757525100,long,113869.0,113541.70075,113541.70075,114523.5985,SL,-1.0,-77.03,7626.41
1757525700,1757553300,short,113543.0,114115.029,114115.029,112398.94200000001,SL,-1.0,-76.26,7550.15
1757556600,1757558100,short,113884.0,113884.0,114068.50575,113514.9885,SL,0.0,0.0,7550.15
1757560800,1757562900,long,113987.0,114247.39175,113726.60825,114507.78349999999,SL,1.0,75.5,7625.65
1757568300,1757568900,short,113945.0,114248.59575,114248.59575,113337.80850000001,SL,-1.0,-76.26,7549.39
1757569200,1757581800,long,114246.0,113866.53825000001,113866.53825000001,115004.92349999998,SL,-1.0,-75.49,7473.9
1757587500,1757592600,long,114007.0,114216.42725,113797.57275,114425.85449999999,SL,1.0,74.74,7548.64
1757595000,1757598000,short,114070.0,114070.0,114563.253,113083.494,SL,0.0,0.0,7548.64
1757599200,1757640600,long,114588.0,115594.81899999999,113581.18100000001,116601.63799999998,SL,1.0,75.49,7624.12
1757642400,1757685600,short,115340.5,115340.5,115865.904,114289.69200000001,SL,0.0,0.0,7624.12
1757688900,1757694600,short,115073.0,115369.65599999999,115369.65599999999,114479.68800000002,SL,-1.0,-76.24,7547.88
1757709000,1757815500,short,115982.0,115982.0,116670.306,114605.388,SL,0.0,0.0,7547.88
1757818200,1757828100,short,115807.5,115807.5,116139.54075,115143.4185,SL,0.0,0.0,7547.88
1757832000,1757838900,short,115714.5,115900.42125,115900.42125,115342.6575,SL,-1.0,-75.48,7472.4
1757849400,1757857500,short,115816.5,115193.43000000002,116128.03499999999,115193.43000000002,Target,2.0,149.45,7621.85
1757867700,1757886000,long,115398.0,116022.14349999998,115085.92825000001,116022.14349999998,Target,2.0,152.44,7774.29
1757892000,1757906100,short,115489.0,115489.0,116090.01599999999,114286.96800000002,SL,0.0,0.0,7774.29
1757919900,1757923200,short,116075.0,115681.79500000001,116468.20499999999,115288.59000000003,SL,1.0,77.74,7852.03
1757936400,1757940900,long,115141.5,114645.14875000001,114645.14875000001,116134.20249999998,SL,-1.0,-78.52,7773.51
1757943600,1757943900,long,114653.5,114653.5,114579.6815,114801.13699999999,SL,0.0,0.0,7773.51
1757947500,1757949300,long,114883.5,114368.28725000001,114368.28725000001,115913.92549999998,SL,-1.0,-77.74,7695.78
1757952900,1757963400,long,114820.5,115168.265,114472.735,115516.03,SL,1.0,76.96,7772.73
1757976300,1757984700,short,115205.5,115205.5,115483.71299999999,114649.07400000002,SL,0.0,0.0,7772.73
1757986500,1757987700,long,115361.5,114987.47750000001,114987.47750000001,116109.54499999998,SL,-1.0,-77.73,7695.01
1757994000,1757996100,long,115331.5,114977.48250000001,114977.48250000001,116039.53499999997,SL,-1.0,-76.95,7618.06
1758012000,1758030600,short,115576.0,114698.043,116014.9785,114698.043,Target,2.0,152.36,7770.42
1758037500,1758038700,long,115326.5,115724.49299999999,114928.50700000001,116122.48599999998,SL,1.0,77.7,7848.12
1758058500,1758077400,short,116642.0,116960.95125,116960.95125,116004.0975,SL,-1.0,-78.48,7769.64
1758079800,1758085200,short,116487.0,116487.0,116805.37349999999,115850.25300000003,SL,0.0,0.0,7769.64
1758086700,1758088500,long,116504.0,116947.55924999999,116060.44075000001,117391.11849999998,SL,1.0,77.7,7847.34
1758097500,1758105300,short,116951.5,116355.30900000001,117249.5955,116355.30900000001,Target,2.0,156.95,8004.28
1758131100,1758131700,long,115991.5,115478.73175,115478.73175,117017.03649999999,SL,-1.0,-80.04,7924.24
1758133500,1758134700,short,115715.5,115044.83600000001,116386.16399999999,114374.17200000002,SL,1.0,79.24,8003.48
1758137700,1758150300,long,115632.0,116935.038,114980.481,116935.038,Target,2.0,160.07,8163.55
1758155100,1758157800,short,116129.0,116553.2475,116553.2475,115280.505,SL,-1.0,-81.64,8081.92
1758158100,1758165000,long,116566.5,117387.71399999998,116155.89300000001,117387.71399999998,Target,2.0,161.64,8243.55
1758173700,1758204900,short,117210.0,117638.28975,117638.28975,116353.42050000001,SL,-1.0,-82.44,8161.12
1758209700,1758212100,short,117325.5,117695.8185,117695.8185,116584.86300000001,SL,-1.0,-81.61,8079.51
1758217200,1758219300,short,117408.5,117800.871,117800.871,116623.758,SL,-1.0,-80.8,7998.71
1758224100,1758240900,short,117260.0,117260.0,117831.38625,116117.22750000001,SL,0.0,0.0,7998.71
1758241800,1758252900,long,117186.5,116913.51400000001,116913.51400000001,117732.47199999998,SL,-1.0,-79.99,7918.73
1758267600,1758275100,long,116919.0,116591.675,116591.675,117573.65,SL,-1.0,-79.19,7839.54
1758290400,1758293100,long,116233.0,116002.9695,116002.9695,116693.06099999999,SL,-1.0,-78.4,7761.14
1758299700,1758301500,long,115880.0,115880.0,115689.12650000001,116261.74699999997,SL,0.0,0.0,7761.14
1758302400,1758312600,short,115723.5,115293.9525,116153.0475,114864.405,SL,1.0,77.61,7838.75
1758317100,1758334500,long,115394.0,115394.0,115184.379,115813.242,SL,0.0,0.0,7838.75
1758344400,1758358200,long,115524.0,115751.17725,115296.82275,115978.35449999999,SL,1.0,78.39,7917.14
1758359400,1758369600,short,115742.0,115900.9215,115900.9215,115424.157,SL,-1.0,-79.17,7837.97
1758385500,1758422700,short,115829.5,115602.00050000001,116056.99949999999,115374.50100000002,SL,1.0,78.38,7916.35
1758423300,1758447000,long,115647.5,115340.301,115340.301,116261.89799999999,SL,-1.0,-79.16,7837.19
1758449400,1758473100,long,115609.0,115232.35500000001,115232.35500000001,116362.28999999998,SL,-1.0,-78.37,7758.81
1758477600,1758488400,long,115593.5,115265.33850000001,115265.33850000001,116249.82299999997,SL,-1.0,-77.59,7681.23
1758492600,1758492900,long,115250.0,115257.34250000001,115257.34250000001,115264.68500000003,SL,1.0,76.81,7758.04
1758495000,1758501000,long,115482.5,115090.426,115090.426,116266.64799999999,SL,-1.0,-77.58,7680.46
1758513300,1758520500,long,114567.5,114223.8595,114223.8595,115254.78099999999,SL,-1.0,-76.8,7603.65
1758538500,1758552900,long,112804.0,112804.0,112273.835,113864.32999999999,SL,0.0,0.0,7603.65
1758554700,1758570000,short,112611.5,112169.00125,113053.99875,111726.5025,SL,1.0,76.04,7679.69
1758574200,1758595500,long,112593.0,111949.49725,111949.49725,113880.0055,SL,-1.0,-76.8,7602.89
1758599400,1758648300,long,112388.0,112388.0,111705.1195,113753.761,SL,0.0,0.0,7602.89
1758661800,1758682200,long,111907.0,111907.0,111368.78775,112983.4245,SL,0.0,0.0,7602.89
1758689100,1758771000,long,112197.0,112197.0,110941.50150000001,114707.99699999997,SL,0.0,0.0,7602.89
1758786300,1758793200,long,111802.0,111802.0,111458.243,112489.514,SL,0.0,0.0,7602.89
1758794400,1758809700,short,111522.0,111522.0,112287.61575,109990.7685,SL,0.0,0.0,7602.89
1758810600,1758819600,long,111454.0,110774.08525,110774.08525,112813.82949999999,SL,-1.0,-76.03,7526.86
1758828900,1758829200,long,109565.0,109538.70325,109538.70325,109617.59349999999,SL,-1.0,-75.27,7451.6
1758838500,1758843300,long,109486.5,108974.48550000001,108974.48550000001,110510.52899999998,SL,-1.0,-74.52,7377.08
1758843600,1758849300,short,108962.0,109703.32424999999,109703.32424999999,107479.35150000002,SL,-1.0,-73.77,7303.31
1758856800,1758867300,short,109435.5,109435.5,109778.862,108748.77600000001,SL,0.0,0.0,7303.31
1758868500,1758871800,long,109389.5,108911.01725,108911.01725,110346.46549999999,SL,-1.0,-73.03,7230.28
1758872400,1758877800,short,108984.5,109604.27475,109604.27475,107744.9505,SL,-1.0,-72.3,7157.97
1758881400,1758887400,short,109164.5,109164.5,109609.27725,108274.9455,SL,0.0,0.0,7157.97
1758888300,1758889800,long,109044.5,109044.5,108653.14625,109827.20749999999,SL,0.0,0.0,7157.97
1758890400,1758912000,long,109323.5,109933.88375,108713.11625,110544.26749999999,SL,1.0,71.58,7229.55
1758914100,1759075200,short,109471.0,110022.984,110022.984,108367.032,SL,-1.0,-72.3,7157.26
1759084500,1759086300,short,110136.0,110262.1035,110262.1035,109883.793,SL,-1.0,-71.57,7085.69
1759110900,1759135500,short,111748.5,112290.61725,112290.61725,110664.26550000001,SL,-1.0,-70.86,7014.83
1759144200,1759148100,short,111926.5,112191.56774999999,112191.56774999999,111396.36450000003,SL,-1.0,-70.15,6944.68
1759148400,1759149300,long,112203.0,112203.0,111945.49925000001,112718.00149999998,SL,0.0,0.0,6944.68
1759151100,1759153200,short,111952.0,112556.25,112556.25,110743.5,SL,-1.0,-69.45,6875.23
1759165800,1759168200,short,113749.5,114080.0115,114080.0115,113088.47700000001,SL,-1.0,-68.75,6806.48
1759182000,1759190100,short,114111.0,114348.1455,114348.1455,113636.709,SL,-1.0,-68.06,6738.42
1759192200,1759193100,short,114128.5,114465.204,114465.204,113455.092,SL,-1.0,-67.38,6671.03
1759201500,1759207800,short,114434.5,114089.9505,114606.77475,114089.9505,Target,2.0,133.42,6804.45
1759233600,1759239600,long,113011.0,113295.89125,112726.10875,113580.7825,SL,1.0,68.04,6872.5
1759242900,1759243800,short,113095.0,113515.72949999999,113515.72949999999,112253.54100000003,SL,-1.0,-68.72,6803.77
1759244100,1759245900,long,113435.5,112877.53300000001,112877.53300000001,114551.43399999998,SL,-1.0,-68.04,6735.73
1759246500,1759252800,short,113204.0,113204.0,113611.7775,112388.445,SL,0.0,0.0,6735.73
1759253400,1759261500,long,113209.5,114233.25399999999,112697.623,114233.25399999999,Target,2.0,134.71,6870.45
1759270500,1759276800,short,114091.5,114091.5,114451.197,113372.106,SL,0.0,0.0,6870.45
1759277700,1759290300,long,114109.0,114109.0,113835.054,114656.89199999999,SL,0.0,0.0,6870.45
1759290900,1759292700,short,114123.5,114550.2465,114550.2465,113270.00700000001,SL,-1.0,-68.7,6801.74
1759300500,1759306500,short,114343.0,114639.291,114639.291,113750.418,SL,-1.0,-68.02,6733.73
1759339500,1759340700,short,117525.0,116992.26750000002,117791.36624999999,116992.26750000002,Target,2.0,134.67,6868.4
1759346100,1759356300,long,117361.5,117748.5165,116974.4835,118135.533,SL,1.0,68.68,6937.09
1759379700,1759407600,short,118521.5,118965.453,118965.453,117633.59400000001,SL,-1.0,-69.37,6867.71
1759416900,1759420200,short,118809.5,119819.37975,119819.37975,116789.74050000001,SL,-1.0,-68.68,6799.04
1759426200,1759427700,short,119402.5,119847.39374999999,119847.39374999999,118512.71250000002,SL,-1.0,-67.99,6731.05
1759428300,1759442400,long,120091.0,120091.0,119294.323,121684.35399999999,SL,0.0,0.0,6731.05
1759447500,1759456200,long,120397.0,119969.985,119969.985,121251.03,SL,-1.0,-67.31,6663.74
1759461000,1759470000,long,120338.0,119840.05,119840.05,121333.9,SL,-1.0,-66.64,6597.1
1759481700,1759500900,long,119919.5,119919.5,119264.83775,121228.82449999999,SL,0.0,0.0,6597.1
1759501200,1759502100,short,119939.5,120592.26599999999,120592.26599999999,118633.96800000002,SL,-1.0,-65.97,6531.13
1759502700,1759506900,long,120614.0,122298.8315,119771.58425,122298.8315,Target,2.0,130.62,6661.75
1759514400,1759631400,short,122050.0,123023.98125,123023.98125,120102.0375,SL,-1.0,-66.62,6595.13
1759649700,1759656600,short,124608.5,123995.42050000001,125221.57949999999,123382.34100000001,SL,1.0,65.95,6661.08
1759665600,1759665900,long,123422.5,123060.93875,123060.93875,124145.6225,SL,-1.0,-66.61,6594.47
1759666500,1759683000,short,123118.5,122662.74375000001,123574.25624999999,122206.98750000002,SL,1.0,65.94,6660.42
1759683300,1759683600,short,122879.5,123117.52799999999,123117.52799999999,122403.44400000002,SL,-1.0,-66.6,6593.81
1759683900,1759762500,long,123342.0,124464.64025,122219.35975,125587.2805,SL,1.0,65.94,6659.75
1759763400,1759764000,short,124583.0,125076.00674999999,125076.00674999999,123596.98650000003,SL,-1.0,-66.6,6593.16
1759764300,1759779600,long,125203.5,125203.5,124240.34875,127129.80249999999,SL,0.0,0.0,6593.16
1759780800,1759785600,short,125370.5,124838.08,125902.92,124305.66,SL,1.0,65.93,6659.09
1759789800,1759790400,long,125143.5,124800.56850000001,124800.56850000001,125829.36299999998,SL,-1.0,-66.59,6592.5
1759799400,1759800000,long,124963.0,124544.6965,124544.6965,125799.60699999999,SL,-1.0,-65.92,6526.57
1759800300,1759825200,short,124523.5,123325.44,125122.53,123325.44,Target,2.0,130.53,6657.1
1759827900,1759843800,long,123931.5,124540.19225,123322.80775,125148.88449999999,SL,1.0,66.57,6723.67
1759845000,1759849500,short,123632.5,122420.60900000001,124844.39099999999,121208.71800000002,SL,1.0,67.24,6790.91
1759865100,1759872900,long,121300.0,121911.37449999999,120688.62550000001,122522.74899999998,SL,1.0,67.91,6858.82
1759875300,1759875600,short,121975.0,122074.00649999999,122074.00649999999,121776.98700000002,SL,-1.0,-68.59,6790.23
1759877100,1759880400,short,121874.0,121539.42625,122208.57375,121204.85250000001,SL,1.0,67.9,6858.13
1759884900,1759895100,long,121942.0,121170.3845,121170.3845,123485.231,SL,-1.0,-68.58,6789.55
1759899900,1759902300,long,121615.0,121384.27750000001,121384.27750000001,122076.44499999998,SL,-1.0,-67.9,6721.66
1759902900,1759906500,short,121161.5,121675.8075,121675.8075,120132.88500000001,SL,-1.0,-67.22,6654.44
1759909800,1759910400,short,121372.0,121731.33524999999,121731.33524999999,120653.32950000002,SL,-1.0,-66.54,6587.9
1759911000,1759912200,long,121629.5,122035.14224999999,121223.85775000001,122440.78449999998,SL,1.0,65.88,6653.77
1759926900,1759930800,short,122636.5,122191.49,123081.51,121746.48000000001,SL,1.0,66.54,6720.31
1759932900,1759956900,long,122773.0,122773.0,121562.1885,125194.62299999999,SL,0.0,0.0,6720.31
1759962000,1759964700,long,123306.5,123065.43650000001,123065.43650000001,123788.62699999998,SL,-1.0,-67.2,6653.11
1759966500,1759969800,long,123482.0,122931.5035,122931.5035,124582.99299999999,SL,-1.0,-66.53,6586.58
1759984200,1759988100,long,122206.0,121796.0715,121796.0715,123025.85699999999,SL,-1.0,-65.87,6520.71
1759992000,1759994700,long,122037.5,121775.58175000001,121775.58175000001,122561.33649999998,SL,-1.0,-65.21,6455.51
1760003100,1760004900,long,121631.5,121631.5,121414.76225,122064.9755,SL,0.0,0.0,6455.51
1760018400,1760025300,short,122368.5,121212.2685,123524.7315,120056.03700000001,SL,1.0,64.56,6520.06
1760034000,1760055900,long,120783.0,121745.362,120301.819,121745.362,Target,2.0,130.4,6650.46
1760061300,1760061600,short,121600.0,121600.0,121843.39124999999,121113.21750000003,SL,0.0,0.0,6650.46
1760068200,1760068500,long,121462.0,120993.47300000001,120993.47300000001,122399.05399999997,SL,-1.0,-66.5,6583.96
1760069100,1760076000,short,121060.5,121607.7735,121607.7735,119965.95300000001,SL,-1.0,-65.84,6518.12
1760080200,1760101200,short,121218.5,121751.34525,121751.34525,120152.8095,SL,-1.0,-65.18,6452.94
1760106300,1760109300,short,121182.5,120289.49275,122075.50725,119396.48550000001,SL,1.0,64.53,6517.47
1760137200,1760141700,long,113600.0,112002.97050000001,112002.97050000001,116794.05899999998,SL,-1.0,-65.17,6452.29
1760150400,1760166000,long,112561.5,111434.255,111434.255,114815.98999999999,SL,-1.0,-64.52,6387.77
1760173200,1760181900,long,111284.5,111946.83875,110622.16125,112609.17749999999,SL,1.0,63.88,6451.65
1760190300,1760201400,short,112123.5,111712.76100000001,112534.23899999999,111302.02200000003,SL,1.0,64.52,6516.16
1760203800,1760209800,long,112082.0,111611.1665,111611.1665,113023.66699999999,SL,-1.0,-65.16,6451.0
1760220000,1760223900,long,110844.5,110844.5,110471.7365,111590.027,SL,0.0,0.0,6451.0
1760226600,1760227200,short,110800.0,110576.516,111023.484,110353.032,SL,1.0,64.51,6515.51
1760235900,1760236500,long,110193.0,110193.0,109755.59475,111067.81049999999,SL,0.0,0.0,6515.51
1760238000,1760238300,short,110081.5,110737.341,110737.341,108769.818,SL,-1.0,-65.16,6450.36
1760238600,1760283000,long,111099.0,112699.27674999999,109498.72325000001,114299.55349999998,SL,1.0,64.5,6514.86
1760294700,1760296200,short,113566.0,114252.09749999999,114252.09749999999,112193.80500000002,SL,-1.0,-65.15,6449.71
1760296800,1760300700,long,114169.0,114899.7475,113438.2525,115630.495,SL,1.0,64.5,6514.21
1760306400,1760306700,short,114834.0,115083.01275,115083.01275,114335.97450000001,SL,-1.0,-65.14,6449.07
1760311500,1760314500,short,115196.0,115196.0,115537.73999999999,114512.52000000002,SL,0.0,0.0,6449.07
1760314800,1760327400,long,115640.0,114657.14275,114657.14275,117605.7145,SL,-1.0,-64.49,6384.57
1760336700,1760346600,long,114897.5,114897.5,114322.81000000001,116046.87999999998,SL,0.0,0.0,6384.57
1760346900,1760354700,short,114760.0,114073.3055,115446.6945,113386.611,SL,1.0,63.85,6448.42
1760360100,1760362200,long,114451.5,114814.57274999999,114088.42725000001,115177.64549999998,SL,1.0,64.48,6512.9
1760362800,1760365200,long,114725.0,114725.0,114115.91350000001,115943.17299999998,SL,0.0,0.0,6512.9
1760366700,1760368200,short,114484.5,114484.5,115168.55549999999,113116.38900000002,SL,0.0,0.0,6512.9
1760372100,1760402700,long,114854.0,114854.0,114010.966,116540.068,SL,0.0,0.0,6512.9
1760441400,1760447700,long,111419.0,110425.7595,110425.7595,113405.481,SL,-1.0,-65.13,6447.78
1760451000,1760470500,long,111131.5,112504.9065,109758.0935,113878.313,SL,1.0,64.48,6512.25
1760471400,1760495400,short,112525.5,113548.24574999999,113548.24574999999,110480.00850000003,SL,-1.0,-65.12,6447.13
1760498100,1760504400,short,112443.5,112443.5,113160.05175,111010.3965,SL,0.0,0.0,6447.13
1760505300,1760508900,long,112454.5,112024.95950000001,112024.95950000001,113313.58099999998,SL,-1.0,-64.47,6382.66
1760509200,1760512500,short,111977.5,112569.25649999999,112569.25649999999,110793.98700000002,SL,-1.0,-63.83,6318.83
1760521200,1760526900,short,112555.5,111970.45800000001,113140.54199999999,111385.41600000003,SL,1.0,63.19,6382.02
1760538000,1760541300,long,111897.0,110620.66200000001,110620.66200000001,114449.67599999998,SL,-1.0,-63.82,6318.2
1760551500,1760589900,long,110848.5,110848.5,110140.902,112263.696,SL,0.0,0.0,6318.2
1760590200,1760598000,short,110907.0,111693.31874999999,111693.31874999999,109334.36250000002,SL,-1.0,-63.18,6255.02
1760599800,1760607600,short,110712.0,110712.0,111778.8615,108578.277,SL,0.0,0.0,6255.02
1760608500,1760629200,long,111124.5,109396.2745,109396.2745,114580.951,SL,-1.0,-62.55,6192.47
1760650800,1760680200,long,108269.0,108269.0,107480.23300000001,109846.53399999999,SL,0.0,0.0,6192.47
1760700000,1760919600,long,106067.0,107869.15849999999,104264.84150000001,109671.31699999998,SL,1.0,61.92,6254.39
1760927400,1760932200,long,108417.0,109734.81199999998,107758.09400000001,109734.81199999998,Target,2.0,125.09,6379.48
1760951400,1760978700,short,111062.0,110425.67875,111698.32125,109789.35750000001,SL,1.0,63.79,6443.28
1760985900,1761005400,long,110741.5,110115.9145,110115.9145,111992.671,SL,-1.0,-64.43,6378.84
1761030000,1761030600,long,107873.5,107741.10250000001,107741.10250000001,108138.29499999998,SL,-1.0,-63.79,6315.05
1761032400,1761035700,long,108002.5,107550.198,107550.198,108907.10399999999,SL,-1.0,-63.15,6251.9
1761043500,1761043800,long,107970.0,108459.26724999999,107480.73275000001,108948.53449999998,SL,1.0,62.52,6314.42
1761054000,1761054300,short,108756.0,108431.136,108918.432,108431.136,Target,2.0,126.29,6440.71
1761054600,1761055500,short,108294.5,108899.4225,108899.4225,107084.655,SL,-1.0,-64.41,6376.3
1761056100,1761058500,long,109707.5,111358.55524999999,108056.44475000001,113009.61049999998,SL,1.0,63.76,6440.07
1761067500,1761085800,short,111940.0,108712.50300000003,113553.74849999999,108712.50300000003,Target,2.0,128.8,6568.87
1761099600,1761102600,long,108499.5,108038.45375,108038.45375,109421.5925,SL,-1.0,-65.69,6503.18
1761106500,1761111300,long,108409.5,107865.54025,107865.54025,109497.41949999999,SL,-1.0,-65.03,6438.15
1761119700,1761129900,long,108191.5,107717.61425,107717.61425,109139.2715,SL,-1.0,-64.38,6373.77
1761136200,1761141300,long,107944.5,108543.19975,107345.80025,109141.8995,SL,1.0,63.74,6437.5
1761143700,1761144900,short,107986.5,108833.38949999999,108833.38949999999,106292.72100000002,SL,-1.0,-64.38,6373.13
1761145500,1761155400,long,108775.5,107576.18500000001,107576.18500000001,111174.12999999998,SL,-1.0,-63.73,6309.4
1761160200,1761162900,long,108189.5,107775.58525,107775.58525,109017.32949999999,SL,-1.0,-63.09,6246.3
1761163200,1761166800,short,107840.5,107409.39125,108271.60875,106978.2825,SL,1.0,62.46,6308.77
1761175200,1761191700,long,107590.5,108286.47399999999,106894.52600000001,108982.44799999997,SL,1.0,63.09,6371.86
1761206400,1761206700,short,109239.0,109634.79,109634.79,108447.42000000001,SL,-1.0,-63.72,6308.14
1761207600,1761210600,long,109746.5,109138.4035,109138.4035,110962.693,SL,-1.0,-63.08,6245.06
1761214800,1761219000,long,109638.0,109201.87175,109201.87175,110510.25649999999,SL,-1.0,-62.45,6182.6
1761219300,1761219600,long,109213.5,109234.12375,109192.87625,109254.7475,SL,1.0,61.83,6244.43
1761227100,1761228900,long,109341.0,108710.61750000001,108710.61750000001,110601.76499999998,SL,-1.0,-62.44,6181.99
1761229500,1761230100,short,109275.5,109650.798,109650.798,108524.90400000001,SL,-1.0,-61.82,6120.17
1761230400,1761243600,long,109632.0,110617.3505,108646.6495,111602.701,SL,1.0,61.2,6181.37
1761246600,1761252900,short,110272.0,109522.40850000002,110646.79574999999,109522.40850000002,Target,2.0,123.63,6305.0
1761258900,1761280200,long,110030.5,111243.9785,109423.76075,111243.9785,Target,2.0,126.1,6431.1
1761291900,1761296700,short,110904.0,111317.631,111317.631,110076.73800000001,SL,-1.0,-64.31,6366.78
1761297300,1761305400,long,111305.0,110869.5375,110869.5375,112175.92499999999,SL,-1.0,-63.67,6303.12
1761309600,1761312900,long,111344.0,110767.58850000001,110767.58850000001,112496.82299999997,SL,-1.0,-63.03,6240.09
1761313500,1761332400,short,110629.0,110629.0,111439.19175,109008.6165,SL,0.0,0.0,6240.09
1761348000,1761348600,short,110884.0,111072.00825,111072.00825,110507.9835,SL,-1.0,-62.4,6177.68
1761348900,1761351300,long,110986.0,110779.08275,110779.08275,111399.8345,SL,-1.0,-61.78,6115.91
1761351600,1761355500,short,110804.0,111067.00575,111067.00575,110277.9885,SL,-1.0,-61.16,6054.75
1761355800,1761377700,long,111070.0,111532.83124999999,110607.16875000001,111995.66249999998,SL,1.0,60.55,6115.3
1761386700,1761396300,short,111482.0,111775.35974999999,111775.35974999999,110895.28050000002,SL,-1.0,-61.15,6054.14
1761400500,1761408300,short,111599.5,111315.58625000001,111883.41374999999,111031.67250000002,SL,1.0,60.54,6114.68
1761416700,1761424500,long,111424.5,111424.5,111194.375,111884.75,SL,0.0,0.0,6114.68
1761432000,1761439800,long,111514.0,111712.68549999999,111315.31450000001,111911.37099999998,SL,1.0,61.15,6175.83
1761444600,1761470400,short,111461.0,111810.87749999999,111810.87749999999,110761.24500000002,SL,-1.0,-61.76,6114.07
1761491700,1761515100,short,113496.5,113496.5,113916.42975,112656.64050000001,SL,0.0,0.0,6114.07
1761516600,1761572100,long,114695.0,114695.0,113200.87125000001,117683.25749999998,SL,0.0,0.0,6114.07
1761579300,1761581100,long,115003.5,115003.5,114676.13325000001,115658.23349999997,SL,0.0,0.0,6114.07
1761591600,1761593400,short,115290.0,114729.48750000002,115570.25624999999,114729.48750000002,Target,2.0,122.28,6236.35
1761614700,1761619500,long,114211.5,113761.59075,113761.59075,115111.3185,SL,-1.0,-62.36,6173.99
1761627600,1761630000,long,113925.0,113714.11450000001,113714.11450000001,114346.77099999998,SL,-1.0,-61.74,6112.25
1761633900,1761642000,long,113960.0,114580.7065,113649.64675,114580.7065,Target,2.0,122.25,6234.5
1761652800,1761656700,short,114301.5,114683.81324999999,114683.81324999999,113536.87350000002,SL,-1.0,-62.34,6172.15
1761657000,1761661800,long,114787.0,115501.56474999999,114072.43525000001,116216.12949999998,SL,1.0,61.72,6233.87
1761665700,1761670200,short,114915.0,115424.6835,115424.6835,113895.633,SL,-1.0,-62.34,6171.53
1761676200,1761679500,short,114861.5,113702.1165,115441.19175,113702.1165,Target,2.0,123.43,6294.96
1761691200,1761696000,long,113089.0,112722.61050000001,112722.61050000001,113821.77899999998,SL,-1.0,-62.95,6232.02
1761705900,1761707100,long,112529.0,112306.81850000001,112306.81850000001,112973.36299999998,SL,-1.0,-62.32,6169.69
1761707700,1761712200,short,112409.5,112754.84925,112754.84925,111718.8015,SL,-1.0,-61.7,6108.0
1761727500,1761736500,short,113071.0,113071.0,113454.699,112303.60200000001,SL,0.0,0.0,6108.0
1761737400,1761744900,long,113094.5,113094.5,112647.14825000001,113989.20349999997,SL,0.0,0.0,6108.0
1761746100,1761753300,short,112897.0,111367.39500000002,113661.80249999999,111367.39500000002,Target,2.0,122.16,6230.16
1761760500,1761762900,long,111758.0,110911.01675000001,110911.01675000001,113451.96649999998,SL,-1.0,-62.3,6167.86
1761763200,1761763500,long,109322.5,111021.96125000001,111021.96125000001,112721.42250000002,SL,1.0,61.68,6229.53
1761770100,1761780600,long,111105.5,110297.82350000001,110297.82350000001,112720.85299999997,SL,-1.0,-62.3,6167.24
1761787500,1761793200,long,110438.0,110731.09999999999,110144.90000000001,111024.19999999998,SL,1.0,61.67,6228.91
1761796800,1761797100,short,110706.0,110478.561,110933.439,110251.122,SL,1.0,62.29,6291.2
1761803700,1761827100,long,110370.0,108790.5775,108790.5775,113528.845,SL,-1.0,-62.91,6228.29
1761842100,1761844200,long,108004.0,107472.73675000001,107472.73675000001,109066.52649999998,SL,-1.0,-62.28,6166.01
1761844500,1761846300,short,107472.5,107472.5,108178.56224999999,106060.37550000002,SL,0.0,0.0,6166.01
1761856800,1761871800,long,107228.0,108993.39849999998,106345.30075000001,108993.39849999998,Target,2.0,123.32,6289.33
1761879000,1761884400,short,108671.0,109504.72499999999,109504.72499999999,107003.55000000002,SL,-1.0,-62.89,6226.43
1761892500,1761897600,short,109624.5,109624.5,109996.47075,108880.55850000001,SL,0.0,0.0,6226.43
1761900000,1761906600,long,109690.0,109690.0,109114.91525,110840.16949999999,SL,0.0,0.0,6226.43
1761907800,1761908700,long,109884.0,109620.66225000001,109620.66225000001,110410.67549999998,SL,-1.0,-62.26,6164.17
1761909000,1761911400,short,109630.5,110145.54525,110145.54525,108600.40950000001,SL,-1.0,-61.64,6102.53
1761912000,1761917400,long,110387.5,109368.28850000001,109368.28850000001,112425.92299999998,SL,-1.0,-61.03,6041.5
1761919500,1761922800,long,109922.5,110569.16524999999,109275.83475000001,111215.83049999998,SL,1.0,60.42,6101.92
1761927300,1761929400,short,110078.0,108925.40100000001,110654.2995,108925.40100000001,Target,2.0,122.04,6223.96
1761936600,1761939000,long,109388.5,109884.97325,108892.02675,110381.44649999999,SL,1.0,62.24,6286.19
1761943800,1761944100,short,109754.0,109540.19400000002,109860.90299999999,109540.19400000002,Target,2.0,125.72,6411.92
1761944400,1761958800,short,109465.5,109834.89,109834.89,108726.72,SL,-1.0,-64.12,6347.8
1761963600,1761964800,short,109725.5,109569.0865,109881.9135,109412.67300000001,SL,1.0,63.48,6411.28
1761966000,1761969900,long,109761.5,110508.94249999998,109387.77875000001,110508.94249999998,Target,2.0,128.23,6539.5
1761977700,1762009500,short,110028.0,110028.0,110391.66824999999,109300.66350000002,SL,0.0,0.0,6539.5
1762010100,1762059900,long,110149.5,110524.9145,109774.0855,110900.329,SL,1.0,65.4,6604.9
1762077300,1762084200,short,110602.5,111067.00575,111067.00575,109673.4885,SL,-1.0,-66.05,6538.85
1762088400,1762089600,short,110702.5,110329.49,111075.51,109956.48000000001,SL,1.0,65.39,6604.24
1762098300,1762098600,long,110233.5,110222.861,110222.861,110254.77799999999,SL,-1.0,-66.04,6538.2
1762104600,1762111200,long,110116.0,110116.0,109972.48625,110403.0275,SL,0.0,0.0,6538.2
1762112100,1762122600,short,110087.0,109823.35225000001,110350.64774999999,109559.70450000002,SL,1.0,65.38,6603.58
1762125300,1762131600,long,110452.0,109455.74475000001,109455.74475000001,112444.51049999997,SL,-1.0,-66.04,6537.54
1762158000,1762158300,long,107507.0,107321.81225,107321.81225,107877.3755,SL,-1.0,-65.38,6472.17
1762161000,1762167300,long,107736.0,106899.52350000001,106899.52350000001,109408.95299999998,SL,-1.0,-64.72,6407.44
1762169100,1762180200,long,107459.0,107459.0,106654.64600000001,109067.70799999998,SL,0.0,0.0,6407.44
1762180500,1762183500,short,107500.5,106655.8545,108345.1455,105811.209,SL,1.0,64.07,6471.52
1762190100,1762190400,long,106808.0,107389.14,106226.86,107970.28,SL,1.0,64.72,6536.23
1762196700,1762213200,short,106700.0,106700.0,107424.68549999999,105250.62900000002,SL,0.0,0.0,6536.23
1762213800,1762215300,long,106491.5,106157.39475,106157.39475,107159.71049999999,SL,-1.0,-65.36,6470.87
1762215600,1762216500,short,106245.0,106685.81624999999,106685.81624999999,105363.36750000002,SL,-1.0,-64.71,6406.16
1762217700,1762224300,long,106476.0,106476.0,105777.58475000001,107872.83049999998,SL,0.0,0.0,6406.16
1762225200,1762229100,short,106448.5,107257.10174999999,107257.10174999999,104831.29650000003,SL,-1.0,-64.06,6342.1
1762232100,1762233600,short,106712.0,105840.90600000002,107147.54699999999,105840.90600000002,Target,2.0,126.84,6468.94
1762255200,1762266600,long,104304.5,103523.21250000001,103523.21250000001,105867.07499999998,SL,-1.0,-64.69,6404.25
1762268400,1762272900,long,104468.0,102828.56000000001,102828.56000000001,107746.87999999998,SL,-1.0,-64.04,6340.21
1762294800,1762306200,long,101252.5,99039.95525,99039.95525,105677.5895,SL,-1.0,-63.4,6276.81
1762308900,1762380600,long,101093.0,103312.96125,98873.03875,105532.92249999999,SL,1.0,62.77,6339.58
1762384500,1762388700,long,103757.5,103281.83325000001,103281.83325000001,104708.83349999998,SL,-1.0,-63.4,6276.18
1762398000,1762405500,long,103288.0,103816.4055,102759.5945,104344.81099999999,SL,1.0,62.76,6338.94
1762407300,1762435200,short,103350.0,103350.0,104049.999,101950.00200000001,SL,0.0,0.0,6338.94
1762435800,1762439700,long,103457.5,102415.76650000001,102415.76650000001,105540.96699999998,SL,-1.0,-63.39,6275.55
1762452300,1762452900,long,101460.5,101110.4195,101110.4195,102160.661,SL,-1.0,-62.76,6212.8
1762454700,1762461600,long,101641.0,100830.05975,100830.05975,103262.8805,SL,-1.0,-62.13,6150.67
1762467000,1762479000,long,101210.5,101210.5,100679.63500000001,102272.22999999998,SL,0.0,0.0,6150.67
1762480200,1762484400,short,100960.0,101907.9285,101907.9285,99064.14300000001,SL,-1.0,-61.51,6089.16
1762489200,1762491600,short,101812.5,102150.54974999999,102150.54974999999,101136.40050000002,SL,-1.0,-60.89,6028.27
1762491900,1762500600,long,102150.0,101622.16350000001,101622.16350000001,103205.67299999998,SL,-1.0,-60.28,5967.99
1762523100,1762524000,long,100169.0,100169.0,99799.57525000001,100907.84949999998,SL,0.0,0.0,5967.99
1762526700,1762527000,short,100768.0,100560.25499999999,100560.25499999999,100352.50999999998,SL,1.0,59.68,6027.67
1762557900,1762562100,short,103474.0,102826.25400000002,103797.87299999999,102826.25400000002,Target,2.0,120.55,6148.22
1762569000,1762570200,long,103203.5,102833.55750000001,102833.55750000001,103943.38499999998,SL,-1.0,-61.48,6086.74
1762570800,1762587900,short,102814.5,102272.3475,103356.6525,101730.195,SL,1.0,60.87,6147.61
1762589700,1762590900,long,102307.0,102492.58625,102121.41375,102678.17249999999,SL,1.0,61.48,6209.08
1762593900,1762596900,short,102433.5,102433.5,102584.2665,102131.967,SL,0.0,0.0,6209.08
1762598100,1762601700,long,102544.5,102219.86450000001,102219.86450000001,103193.77099999998,SL,-1.0,-62.09,6146.99
1762602300,1762695000,short,101991.0,102655.80225,102655.80225,100661.39550000001,SL,-1.0,-61.47,6085.52
1762726200,1762729200,short,104069.0,104870.409,104870.409,102466.182,SL,-1.0,-60.86,6024.67
1762729500,1762786200,long,105131.0,105131.0,104062.9425,107267.11499999999,SL,0.0,0.0,6024.67
1762795800,1762797600,long,105323.0,106042.01599999997,104963.49200000001,106042.01599999997,Target,2.0,120.49,6145.16
1762803000,1762803300,short,105679.0,105575.13500000001,105782.86499999999,105471.27000000002,SL,1.0,61.45,6206.61
1762803600,1762803900,short,105780.0,105780.0,105805.37625,105729.2475,SL,0.0,0.0,6206.61
1762809300,1762823700,short,105541.5,106286.11649999999,106286.11649999999,104052.26700000002,SL,-1.0,-62.07,6144.55
1762827300,1762828500,short,106141.5,106696.32149999999,106696.32149999999,105031.85700000002,SL,-1.0,-61.45,6083.1
1762828800,1762837200,long,106827.5,105497.225,105497.225,109488.04999999999,SL,-1.0,-60.83,6022.27
1762851900,1762864500,long,105236.5,104794.57650000001,104794.57650000001,106120.34699999998,SL,-1.0,-60.22,5962.05
1762900800,1762935600,long,102994.5,103504.268,102484.732,104014.036,SL,1.0,59.62,6021.67
1762936200,1762953300,long,103819.0,104677.506,102960.494,105536.01199999999,SL,1.0,60.22,6081.88
1762953600,1762954800,short,104639.0,105113.5305,105113.5305,103689.93900000001,SL,-1.0,-60.82,6021.07
1762955400,1762958100,long,105127.5,104514.21675,104514.21675,106354.06649999999,SL,-1.0,-60.21,5960.86
1762979400,1763003400,long,101681.5,101681.5,101046.95125000001,102950.59749999997,SL,0.0,0.0,5960.86
1763003700,1763004600,short,101309.5,102278.11349999999,102278.11349999999,99372.27300000002,SL,-1.0,-59.61,5901.25
1763005500,1763040300,long,102399.5,102399.5,100820.56450000001,105557.37099999998,SL,0.0,0.0,5901.25
1763047200,1763048100,long,102424.5,101666.14150000001,101666.14150000001,103941.21699999998,SL,-1.0,-59.01,5842.23
1763070600,1763075700,long,98811.5,100181.67549999998,98126.41225000001,100181.67549999998,Target,2.0,116.84,5959.08
1763079600,1763094900,short,99187.5,97949.8125,100425.1875,96712.125,SL,1.0,59.59,6018.67
1763105700,1763106000,long,97202.0,96822.56450000001,96822.56450000001,97960.87099999998,SL,-1.0,-60.19,5958.48
1763106300,1763120400,short,97150.0,95972.31,97738.845,95972.31,Target,2.0,119.17,6077.65
1763130300,1763141100,long,95696.0,96793.82274999999,94598.17725000001,97891.64549999998,SL,1.0,60.78,6138.43
1763142600,1763162400,short,95934.0,94717.44900000001,97150.55099999999,93500.89800000002,SL,1.0,61.38,6199.81
1763166000,1763177100,long,95120.0,96756.34899999999,94301.8255,96756.34899999999,Target,2.0,124.0,6323.81
1763182200,1763188500,short,96033.0,96544.24799999999,96544.24799999999,95010.50400000002,SL,-1.0,-63.24,6260.57
1763190600,1763198400,short,96118.0,96118.0,96602.277,95149.446,SL,0.0,0.0,6260.57
1763204100,1763205300,long,95972.5,95708.122,95708.122,96501.256,SL,-1.0,-62.61,6197.97
1763212500,1763214600,long,95849.5,96130.30825,95568.69175,96411.1165,SL,1.0,61.98,6259.95
1763223300,1763254800,short,95845.5,95310.33375,96380.66625,94775.16750000001,SL,1.0,62.6,6322.54
1763260500,1763286600,long,95590.0,96163.03224999999,95016.96775000001,96736.06449999998,SL,1.0,63.23,6385.77
1763292000,1763304000,short,96043.0,95555.25875000001,96530.74124999999,95067.51750000002,SL,1.0,63.86,6449.63
1763317200,1763327100,long,95069.5,93683.13500000001,93683.13500000001,97842.22999999998,SL,-1.0,-64.5,6385.13
1763333700,1763334000,long,94336.0,93280.3365,93280.3365,96447.32699999999,SL,-1.0,-63.85,6321.28
1763334900,1763339100,short,93801.0,94534.2435,94534.2435,92334.513,SL,-1.0,-63.21,6258.07
1763355900,1763364000,short,95020.5,95457.20474999999,95457.20474999999,94147.09050000002,SL,-1.0,-62.58,6195.49
1763370900,1763371200,short,95492.5,95774.86349999999,95774.86349999999,94927.77300000002,SL,-1.0,-61.95,6133.53
1763371500,1763384400,long,95762.0,95231.36050000001,95231.36050000001,96823.27899999998,SL,-1.0,-61.34,6072.2
1763391000,1763392500,long,95282.0,93903.02500000001,93903.02500000001,98039.94999999998,SL,-1.0,-60.72,6011.47
1763392800,1763412600,short,93859.0,92131.2305,95586.7695,90403.46100000001,SL,1.0,60.11,6071.59
1763417700,1763426400,long,92087.0,91510.72175000001,91510.72175000001,93239.55649999998,SL,-1.0,-60.72,6010.87
1763429100,1763429400,long,91866.0,91866.0,91701.62625,92194.7475,SL,0.0,0.0,6010.87
1763451600,1763476200,long,90427.5,91484.20775,89370.79225,92540.9155,SL,1.0,60.11,6070.98
1763476500,1763478000,long,92044.0,91129.4125,91129.4125,93873.17499999999,SL,-1.0,-60.71,6010.27
1763478600,1763479200,short,91754.0,92465.70975,92465.70975,90330.58050000001,SL,-1.0,-60.1,5950.17
1763495700,1763511300,short,93002.5,92373.2075,93631.7925,91743.91500000001,SL,1.0,59.5,6009.67
1763518800,1763523000,long,92566.5,92078.9375,92078.9375,93541.625,SL,-1.0,-60.1,5949.57
1763536200,1763542800,long,91238.0,91238.0,90721.6165,92270.76699999999,SL,0.0,0.0,5949.57
1763543400,1763564400,short,91228.0,91879.41674999999,91879.41674999999,89925.16650000002,SL,-1.0,-59.5,5890.08
1763566800,1763587200,short,90613.5,90613.5,92402.178,87036.144,SL,0.0,0.0,5890.08
1763612400,1763614200,short,92114.0,92590.272,92590.272,91161.456,SL,-1.0,-58.9,5831.18
1763614800,1763620800,long,92945.5,92119.917,92119.917,94596.666,SL,-1.0,-58.31,5772.87
1763626500,1763627400,long,92104.5,92212.02149999999,91996.97850000001,92319.54299999998,SL,1.0,57.73,5830.6
1763627700,1763629200,long,92283.0,91994.47975,91994.47975,92860.0405,SL,-1.0,-58.31,5772.29
1763629500,1763632800,short,91959.0,91959.0,92354.154,91168.69200000001,SL,0.0,0.0,5772.29
1763640300,1763645400,long,91891.0,92280.7735,91501.2265,92670.54699999999,SL,1.0,57.72,5830.01
1763646900,1763647500,short,91815.5,91089.7525,92541.2475,90364.005,SL,1.0,58.3,5888.31
1763673600,1763681400,long,87168.5,87168.5,86301.8275,88901.845,SL,0.0,0.0,5888.31
1763681700,1763693400,short,87163.5,86137.42725000001,88189.57274999999,85111.35450000002,SL,1.0,58.88,5947.2
1763702100,1763709600,long,86176.5,85321.81775,85321.81775,87885.8645,SL,-1.0,-59.47,5887.72
1763724000,1763725500,long,82857.5,82296.831,82296.831,83978.83799999999,SL,-1.0,-58.88,5828.85
1763729700,1763942700,long,83537.5,86507.30399999999,80567.69600000001,89477.10799999998,SL,1.0,58.29,5887.13
1763950200,1763975700,long,87609.5,86326.815,86326.815,90174.87,SL,-1.0,-58.87,5828.26
1763984700,1763988000,long,86374.5,85855.051,85855.051,87413.39799999999,SL,-1.0,-58.28,5769.98
1763990400,1763995200,long,86268.0,85805.57575,85805.57575,87192.8485,SL,-1.0,-57.7,5712.28
1763997300,1764017400,long,86509.0,89143.23449999999,85191.88275,89143.23449999999,Target,2.0,114.25,5826.53
1764024900,1764030900,short,88578.0,88139.01375,89016.98625,87700.0275,SL,1.0,58.27,5884.79
1764041700,1764042000,long,87665.5,87670.64275,87670.64275,87675.7855,SL,1.0,58.85,5943.64
1764044100,1764057000,long,88095.5,87476.24,87476.24,89334.01999999999,SL,-1.0,-59.44,5884.2
1764067500,1764074400,long,87200.5,87531.4565,86869.5435,87862.413,SL,1.0,58.84,5943.05
1764078300,1764084600,short,86994.0,86994.0,87727.84199999999,85526.31600000002,SL,0.0,0.0,5943.05
1764086100,1764092700,long,86981.0,87696.65424999999,86265.34575000001,88412.30849999998,SL,1.0,59.43,6002.48
1764097500,1764112200,short,86901.5,87727.34174999999,87727.34174999999,85249.81650000002,SL,-1.0,-60.02,5942.45
1764126900,1764129900,short,87668.0,87039.06150000001,87982.46925,87039.06150000001,Target,2.0,118.85,6061.3
1764134700,1764145800,long,87492.0,87492.0,87102.92675,88270.1465,SL,0.0,0.0,6061.3
1764158700,1764159000,long,86701.0,86788.584,86788.584,86876.168,SL,1.0,60.61,6121.91
1764164700,1764168900,long,86969.0,86969.0,86501.22775,87904.54449999999,SL,0.0,0.0,6121.91
1764172200,1764173400,short,86788.5,87369.16274999999,87369.16274999999,85627.17450000002,SL,-1.0,-61.22,6060.69
1764173700,1764178800,long,87525.0,89410.6255,86582.18725,89410.6255,Target,2.0,121.21,6181.91
1764203100,1764205200,short,90137.5,90589.77225,90589.77225,89232.95550000001,SL,-1.0,-61.82,6120.09
1764216300,1764220800,short,91058.5,91342.14825,91342.14825,90491.2035,SL,-1.0,-61.2,6058.89
1764222600,1764234900,short,90991.5,91570.7625,91570.7625,89832.975,SL,-1.0,-60.59,5998.3
1764240300,1764245700,short,91554.0,91352.64525,91755.35475,91151.2905,SL,1.0,59.98,6058.28
1764258600,1764261300,long,90928.5,91245.32849999999,90611.67150000001,91562.15699999998,SL,1.0,60.58,6118.86
1764274500,1764284700,short,91455.0,91455.0,91745.84999999999,90873.30000000002,SL,0.0,0.0,6118.86
1764299700,1764309900,long,91063.0,91424.3735,90701.6265,91785.747,SL,1.0,61.19,6180.05
1764311700,1764319800,short,91221.0,91632.29324999999,91632.29324999999,90398.41350000002,SL,-1.0,-61.8,6118.25
1764320400,1764340500,long,91658.5,92387.48749999999,90929.51250000001,93116.47499999998,SL,1.0,61.18,6179.44
1764346500,1764351000,short,91848.0,90328.43850000002,92607.78074999999,90328.43850000002,Target,2.0,123.59,6303.02
1764357900,1764383400,long,91110.5,90607.6735,90607.6735,92116.15299999999,SL,-1.0,-63.03,6239.99
1764392100,1764397200,long,90806.0,90468.743,90468.743,91480.514,SL,-1.0,-62.4,6177.59
1764404700,1764436500,long,90667.5,90667.5,90342.30625000001,91317.88749999998,SL,0.0,0.0,6177.59
1764436800,1764439800,short,90710.0,90380.00275,91039.99725,90050.0055,SL,1.0,61.78,6239.37
1764443700,1764454200,long,90697.0,90697.0,90366.29425,91358.41149999999,SL,0.0,0.0,6239.37
1764455700,1764465300,short,90767.5,91024.98975,91024.98975,90252.52050000001,SL,-1.0,-62.39,6176.98
1764471000,1764472500,short,90805.5,90606.02025,91004.97975,90406.5405,SL,1.0,61.77,6238.75
1764475500,1764491700,long,90925.5,90925.5,90596.679,91583.14199999999,SL,0.0,0.0,6238.75
1764500400,1764504600,short,91195.0,91195.0,91402.17825,90780.6435,SL,0.0,0.0,6238.75
1764506100,1764508500,long,91178.0,91432.48449999999,90923.51550000001,91686.96899999998,SL,1.0,62.39,6301.13
1764513900,1764519600,short,91337.0,91727.34074999999,91727.34074999999,90556.31850000002,SL,-1.0,-63.01,6238.12
1764520200,1764522600,long,91726.5,91327.3135,91327.3135,92524.87299999999,SL,-1.0,-62.38,6175.74
1764523800,1764546600,short,91355.5,90376.701,91844.8995,90376.701,Target,2.0,123.51,6299.26
1764570000,1764576300,long,86026.0,86369.86249999999,85682.13750000001,86713.72499999998,SL,1.0,62.99,6362.25
1764585900,1764588600,short,86597.0,86419.13425,86774.86575,86241.2685,SL,1.0,63.62,6425.87
1764598200,1764601800,long,86224.0,85602.67725000001,85602.67725000001,87466.64549999998,SL,-1.0,-64.26,6361.61
1764611400,1764626700,long,85121.0,86603.42199999999,84379.789,86603.42199999999,Target,2.0,127.23,6488.84
1764633900,1764637500,short,86278.0,86830.39349999999,86830.39349999999,85173.21300000002,SL,-1.0,-64.89,6423.96
1764641400,1764641700,short,86358.0,86739.348,86739.348,85595.304,SL,-1.0,-64.24,6359.72
1764642300,1764646200,long,86768.0,86188.38425,86188.38425,87927.2315,SL,-1.0,-63.6,6296.12
1764647700,1764684300,long,86800.0,88155.1655,86122.41725,88155.1655,Target,2.0,125.92,6422.04
1764706800,1764726300,short,91199.0,92148.05099999999,92148.05099999999,89300.89800000002,SL,-1.0,-64.22,6357.82
1764745800,1764770400,short,93269.0,92601.55525,93936.44475,91934.11050000001,SL,1.0,63.58,6421.4
1764771000,1764772800,short,92025.5,93274.11374999999,93274.11374999999,89528.27250000002,SL,-1.0,-64.21,6357.19
1764780600,1764785700,long,92434.5,92962.976,91906.024,93491.45199999999,SL,1.0,63.57,6420.76
1764789000,1764795000,short,92780.5,93228.591,93228.591,91884.318,SL,-1.0,-64.21,6356.55
1764807000,1764808800,short,93267.5,92877.69475000001,93657.30524999999,92487.88950000002,SL,1.0,63.57,6420.11
1764811800,1764820800,long,93344.5,93344.5,92824.06475,94385.37049999999,SL,0.0,0.0,6420.11
1764834300,1764847800,long,93248.0,92814.56950000001,92814.56950000001,94114.86099999998,SL,-1.0,-64.2,6355.91
1764863100,1764867300,long,93015.0,92257.34825000001,92257.34825000001,94530.30349999998,SL,-1.0,-63.56,6292.35
1764873600,1764873900,long,92370.0,92071.941,92071.941,92966.11799999999,SL,-1.0,-62.92,6229.43
1764874200,1764875400,short,92075.5,91580.73800000001,92570.26199999999,91085.97600000002,SL,1.0,62.29,6291.73
1764879900,1764882300,long,92009.5,92404.83,91614.17,92800.16,SL,1.0,62.92,6354.64
1764891300,1764896700,short,92222.5,92475.71475,92475.71475,91716.0705,SL,-1.0,-63.55,6291.1
1764906000,1764908100,short,92353.5,92353.5,92680.81725,91698.86550000001,SL,0.0,0.0,6291.1
1764917700,1764925800,long,92179.0,91853.05050000001,91853.05050000001,92830.89899999998,SL,-1.0,-62.91,6228.19
1764948000,1764950700,long,90894.0,89893.53075,89893.53075,92894.93849999999,SL,-1.0,-62.28,6165.9
1764951000,1765130400,short,89471.5,91348.15125,91348.15125,85718.19750000001,SL,-1.0,-61.66,6104.24
1765142700,1765143900,short,90961.5,90457.29000000001,91465.70999999999,89953.08000000002,SL,1.0,61.04,6165.29
1765152300,1765157100,long,90327.0,90912.893,89741.107,91498.786,SL,1.0,61.65,6226.94
1765194600,1765201200,short,91900.0,91606.42625,92193.57375,91312.85250000001,SL,1.0,62.27,6289.21
1765217700,1765231800,long,90276.0,90944.826,89607.174,91613.652,SL,1.0,62.89,6352.1
1765234800,1765239300,short,90794.5,90794.5,91074.51449999999,90234.47100000002,SL,0.0,0.0,6352.1
1765252200,1765254900,long,90320.0,89743.60575,89743.60575,91472.7885,SL,-1.0,-63.52,6288.58
1765255500,1765267200,short,89892.0,90527.74124999999,90527.74124999999,88620.51750000002,SL,-1.0,-62.89,6225.69
1765272900,1765276500,short,90308.5,90100.26425000001,90516.73574999999,89892.02850000001,SL,1.0,62.26,6287.95
1765280400,1765281600,long,90183.5,90314.049,90052.951,90444.598,SL,1.0,62.88,6350.83
1765288500,1765292400,short,90330.5,90868.4115,90868.4115,89254.677,SL,-1.0,-63.51,6287.32
1765293000,1765294800,long,90636.0,91998.0,89955.0,91998.0,Target,2.0,125.75,6413.07
1765311000,1765311300,short,93658.5,93658.5,94066.0095,92843.481,SL,0.0,0.0,6413.07
1765323900,1765325700,long,92910.5,92463.74500000001,92463.74500000001,93804.00999999998,SL,-1.0,-64.13,6348.94
1765334100,1765360800,long,92440.5,92941.9925,91939.0075,93443.48499999999,SL,1.0,63.49,6412.43
1765363200,1765393200,short,92327.5,93164.05875,93164.05875,90654.3825,SL,-1.0,-64.12,6348.3
1765401000,1765466100,short,92028.5,90218.104,93838.896,88407.70800000001,SL,1.0,63.48,6411.79
1765467000,1765487100,long,90211.5,92268.72749999998,89182.88625000001,92268.72749999998,Target,2.0,128.24,6540.02
1765494600,1765496100,short,92395.5,92702.328,92702.328,91781.84400000001,SL,-1.0,-65.4,6474.62
1765498800,1765500300,short,92554.0,92300.11925,92807.88075,92046.2385,SL,1.0,64.75,6539.37
1765506300,1765552500,long,92304.5,91846.054,91846.054,93221.39199999999,SL,-1.0,-65.39,6473.97
1765564500,1765571400,long,90495.5,89958.998,89958.998,91568.50399999999,SL,-1.0,-64.74,6409.23
1765574100,1765661400,long,90253.5,89872.54125000001,89872.54125000001,91015.41749999998,SL,-1.0,-64.09,6345.14
1765663800,1765687200,long,90134.0,90134.0,89909.023,90583.954,SL,0.0,0.0,6345.14
1765687800,1765707000,short,90139.0,89923.34525,90354.65475,89707.6905,SL,1.0,63.45,6408.59
1765730100,1765730400,long,88885.5,88898.95825,88872.04175,88912.41649999999,SL,1.0,64.09,6472.68
1765736700,1765739400,long,88869.0,88645.655,88645.655,89315.69,SL,-1.0,-64.73,6407.95
1765739700,1765743000,short,88701.5,88701.5,89027.49149999999,88049.51700000002,SL,0.0,0.0,6407.95
1765758600,1765764300,long,88521.5,89581.5355,87991.48225,89581.5355,Target,2.0,128.16,6536.11
1765797900,1765800000,short,89761.5,89607.06450000001,89915.93549999999,89452.62900000002,SL,1.0,65.36,6601.47
1765826100,1765855800,long,85935.5,85382.2875,85382.2875,87041.92499999999,SL,-1.0,-66.01,6535.46
1765862100,1765871100,long,85824.0,85824.0,85191.88275,87088.23449999999,SL,0.0,0.0,6535.46
1765875000,1765881300,long,86279.0,86604.49824999999,85953.50175000001,86929.99649999998,SL,1.0,65.35,6600.81
1765893000,1765894500,short,86955.5,86955.5,87820.8885,85224.723,SL,0.0,0.0,6600.81
1765896600,1765900200,long,87195.5,87684.375,86706.625,88173.25,SL,1.0,66.01,6666.82
1765906800,1765910400,short,87258.0,87856.40625,87856.40625,86061.1875,SL,-1.0,-66.67,6600.15
1765913100,1765950300,short,87352.0,86671.0055,88032.9945,85990.011,SL,1.0,66.0,6666.15
1765953000,1765959900,long,86847.5,86519.7185,86519.7185,87503.063,SL,-1.0,-66.66,6599.49
1765960200,1765972800,short,86488.5,87110.53349999999,87110.53349999999,85244.43300000002,SL,-1.0,-65.99,6533.5
1765987500,1766127600,short,87669.5,87669.5,90104.52975,82799.4405,SL,0.0,0.0,6533.5
1766146500,1766148600,short,88175.0,87999.34675000001,88350.65324999999,87823.69350000002,SL,1.0,65.33,6598.83
1766153700,1766154300,long,88136.5,87825.06550000001,87825.06550000001,88759.36899999998,SL,-1.0,-65.99,6532.84
1766154600,1766155200,short,87998.5,87998.5,88385.1705,87225.15900000001,SL,0.0,0.0,6532.84
1766155800,1766157300,long,88177.0,88901.24824999999,87452.75175000001,89625.49649999998,SL,1.0,65.33,6598.17
1766159700,1766161800,short,87923.5,88799.87775,88799.87775,86170.7445,SL,-1.0,-65.98,6532.19
1766164200,1766165400,short,88195.0,87519.08675,88870.91325,86843.1735,SL,1.0,65.32,6597.51
1766172900,1766309700,long,87675.5,88893.60999999999,87066.445,88893.60999999999,Target,2.0,131.95,6729.46
1766315400,1766319600,short,88638.5,88825.89074999999,88825.89074999999,88263.71850000002,SL,-1.0,-67.29,6662.17
1766322000,1766323800,short,88598.0,87937.11600000001,88928.442,87937.11600000001,Target,2.0,133.24,6795.41
1766332800,1766337900,long,88033.0,88292.40875,87773.59125,88551.8175,SL,1.0,67.95,6863.37
1766340900,1766343300,short,87952.5,88421.68875,88421.68875,87014.1225,SL,-1.0,-68.63,6794.73
1766343600,1766362200,long,88415.0,88889.992,87940.008,89364.984,SL,1.0,67.95,6862.68
1766369100,1766391300,short,88437.5,89303.6295,89303.6295,86705.24100000001,SL,-1.0,-68.63,6794.05
1766411100,1766414700,short,89736.5,90212.58374999999,90212.58374999999,88784.33250000002,SL,-1.0,-67.94,6726.11
1766415600,1766416800,long,90092.5,89355.3,89355.3,91566.9,SL,-1.0,-67.26,6658.85
1766421000,1766422800,long,90043.5,89473.74075000001,89473.74075000001,91183.01849999998,SL,-1.0,-66.59,6592.26
1766439900,1766440200,long,88518.0,88234.36075,88234.36075,89085.27849999999,SL,-1.0,-65.92,6526.34
1766440800,1766443800,short,88240.5,88627.79174999999,88627.79174999999,87465.91650000002,SL,-1.0,-65.26,6461.08
1766444100,1766457900,long,88660.0,88230.36275,88230.36275,89519.2745,SL,-1.0,-64.61,6396.47
1766478300,1766479500,long,87567.0,87426.265,87426.265,87848.47,SL,-1.0,-63.96,6332.5
1766480100,1766488500,short,87416.0,87693.825,87693.825,86860.35,SL,-1.0,-63.33,6269.18
1766497500,1766498400,short,87678.5,87678.5,87911.934,87211.63200000001,SL,0.0,0.0,6269.18
1766506200,1766512500,long,87746.5,87165.3955,87165.3955,88908.709,SL,-1.0,-62.69,6206.48
1766512800,1766514900,short,87147.5,87979.968,87979.968,85482.56400000001,SL,-1.0,-62.06,6144.42
1766515200,1766529300,long,88065.0,87280.338,87280.338,89634.324,SL,-1.0,-61.44,6082.98
1766537700,1766544000,long,87584.5,87195.3805,87195.3805,88362.739,SL,-1.0,-60.83,6022.15
1766549100,1766551800,long,87358.5,87159.89825,87159.89825,87755.7035,SL,-1.0,-60.22,5961.92
1766562300,1766562900,long,87123.5,86899.5285,86899.5285,87571.443,SL,-1.0,-59.62,5902.31
1766563800,1766570700,short,86952.5,86952.5,87200.07824999999,86457.34350000002,SL,0.0,0.0,5902.31
1766571600,1766581800,long,87009.0,87302.3795,86715.6205,87595.75899999999,SL,1.0,59.02,5961.33
1766583600,1766586900,short,87175.5,86898.29550000001,87452.70449999999,86621.09100000001,SL,1.0,59.61,6020.94
1766587200,1766593800,short,86606.5,87468.21225,87468.21225,84883.0755,SL,-1.0,-60.21,5960.73
1766594100,1766594400,short,87464.0,87231.09375,87231.09375,86998.1875,SL,1.0,59.61,6020.34
1766619300,1766670000,short,87645.0,87645.0,88037.99699999999,86859.00600000002,SL,0.0,0.0,6020.34
1766670600,1766676300,long,87580.0,87833.685,87326.315,88087.37,SL,1.0,60.2,6080.54
1766684100,1766685600,short,88036.0,88221.0885,88221.0885,87665.823,SL,-1.0,-60.81,6019.74
1766686200,1766694300,long,88247.5,87961.997,87961.997,88818.506,SL,-1.0,-60.2,5959.54
1766715600,1766715900,long,87500.0,88143.45,86856.55,88786.9,SL,1.0,59.6,6019.14
1766735400,1766762100,short,88609.0,86681.47200000001,89572.764,86681.47200000001,Target,2.0,120.38,6139.52
1766771700,1766788800,long,87296.5,87296.5,86911.5225,88066.45499999999,SL,0.0,0.0,6139.52
1766799900,1766820000,long,87401.5,87553.64649999999,87249.35350000001,87705.79299999998,SL,1.0,61.4,6200.91
1766831700,1766871300,short,87437.0,87637.79699999999,87637.79699999999,87035.40600000002,SL,-1.0,-62.01,6138.9
1766875800,1766918100,short,87564.5,87967.962,87967.962,86757.576,SL,-1.0,-61.39,6077.52
1766922600,1766930400,short,87847.5,87948.9525,87948.9525,87644.595,SL,-1.0,-60.78,6016.74
1766937000,1766938800,short,87907.0,87793.51175,88020.48825,87680.02350000001,SL,1.0,60.17,6076.91
1766943000,1766944500,long,87865.0,87739.60825,87739.60825,88115.78349999999,SL,-1.0,-60.77,6016.14
1766961300,1766961900,long,87574.0,87742.7245,87405.2755,87911.449,SL,1.0,60.16,6076.3
1766990400,1766991900,short,89895.5,89646.45025000001,90144.54974999999,89397.40050000002,SL,1.0,60.76,6137.06
1767018900,1767020700,long,87940.5,87181.38750000001,87181.38750000001,89458.72499999998,SL,-1.0,-61.37,6075.69
1767027000,1767027600,short,87673.0,87673.0,87794.8755,87429.24900000001,SL,0.0,0.0,6075.69
1767028200,1767029100,long,87592.0,87465.2455,87465.2455,87845.50899999999,SL,-1.0,-60.76,6014.94
1767031200,1767040500,long,87823.5,87264.84575000001,87264.84575000001,88940.80849999998,SL,-1.0,-60.15,5954.79
1767048900,1767054600,long,87356.5,87096.43000000001,87096.43000000001,87876.63999999998,SL,-1.0,-59.55,5895.24
1767055200,1767064800,short,87099.5,87099.5,87382.66949999999,86533.16100000002,SL,0.0,0.0,5895.24
1767066300,1767082800,long,87248.0,87739.89975,86756.10025,88231.7995,SL,1.0,58.95,5954.19
1767095700,1767096600,short,87756.5,88032.9945,88032.9945,87203.511,SL,-1.0,-59.54,5894.65
1767097200,1767106200,long,88042.5,88397.8655,87687.1345,88753.231,SL,1.0,58.95,5953.6
1767115800,1767116700,short,88593.5,88273.56550000001,88913.43449999999,87953.63100000002,SL,1.0,59.54,6013.13
1767131100,1767144600,long,88244.0,88555.988,87932.012,88867.976,SL,1.0,60.13,6073.26
1767152400,1767176100,short,88354.5,88829.89275,88829.89275,87403.7145,SL,-1.0,-60.73,6012.53
1767186000,1767189000,short,88746.0,88995.97575,88995.97575,88246.0485,SL,-1.0,-60.13,5952.4
1767189600,1767191700,long,88963.5,88669.14325000001,88669.14325000001,89552.21349999998,SL,-1.0,-59.52,5892.88
1767192300,1767195600,short,88628.0,88087.43800000001,89168.56199999999,87546.87600000002,SL,1.0,58.93,5951.81
1767205500,1767211200,long,87910.5,87493.73125000001,87493.73125000001,88744.03749999998,SL,-1.0,-59.52,5892.29
1767216000,1767291300,long,87720.5,88136.17425,87304.82575,88551.8485,SL,1.0,58.92,5951.21
1767294900,1767296100,short,88090.5,88240.098,88240.098,87791.304,SL,-1.0,-59.51,5891.7
1767296700,1767312300,long,88303.0,88604.52274999999,88001.47725000001,88906.04549999998,SL,1.0,58.92,5950.62
1767318000,1767323400,short,88554.0,88832.394,88832.394,87997.212,SL,-1.0,-59.51,5891.11
1767323700,1767348300,long,88932.0,89478.71475,88385.28525,90025.4295,SL,1.0,58.91,5950.02
1767354300,1767355200,short,89495.5,89417.23550000001,89573.76449999999,89338.97100000002,SL,1.0,59.5,6009.52
1767355800,1767359700,short,89351.0,89583.7695,89583.7695,88885.46100000001,SL,-1.0,-60.1,5949.43
1767360300,1767362100,long,89523.5,89301.327,89301.327,89967.84599999999,SL,-1.0,-59.49,5889.93
1767366000,1767379800,long,89549.0,89549.0,88396.27975,91854.4405,SL,0.0,0.0,5889.93
1767390900,1767395400,long,90063.0,90063.0,89780.58725000001,90627.82549999998,SL,0.0,0.0,5889.93
1767396900,1767405300,short,89890.0,90213.08399999999,90213.08399999999,89243.83200000002,SL,-1.0,-58.9,5831.04
1767415500,1767424800,short,90042.5,89478.2205,90324.63975,89478.2205,Target,2.0,116.62,5947.66
1767430500,1767434400,long,89699.5,89699.5,89446.75425,90204.9915,SL,0.0,0.0,5947.66
1767438900,1767444300,short,89658.0,89880.41775,89880.41775,89213.16450000001,SL,-1.0,-59.48,5888.18
1767455400,1767458400,short,89949.0,90142.04849999999,90142.04849999999,89562.90300000002,SL,-1.0,-58.88,5829.3
1767464100,1767464400,short,90014.5,90130.54275,90130.54275,89782.41450000001,SL,-1.0,-58.29,5771.0
1767465000,1767475800,long,90144.0,90522.99949999998,89954.50025000001,90522.99949999998,Target,2.0,115.42,5886.42
1767509700,1767560700,short,91338.5,91338.5,91819.88699999999,90375.72600000002,SL,0.0,0.0,5886.42
1767565500,1767567600,short,91204.0,91428.19124999999,91428.19124999999,90755.61750000002,SL,-1.0,-58.86,5827.56
1767568200,1767571200,long,91398.5,91691.57549999999,91105.42450000001,91984.65099999998,SL,1.0,58.28,5885.84
1767586800,1767587400,short,92730.5,92469.02725,92991.97275,92207.5545,SL,1.0,58.86,5944.69
1767597600,1767611400,long,92590.5,92890.1685,92290.8315,93189.837,SL,1.0,59.45,6004.14
1767617100,1767624000,short,92782.0,93242.09775,93242.09775,91861.8045,SL,-1.0,-60.04,5944.1
1767624600,1767636900,long,93137.5,93941.18999999999,92333.81000000001,94744.87999999998,SL,1.0,59.44,6003.54
1767646800,1767690300,short,94139.5,93461.615,94817.385,92783.73000000001,SL,1.0,60.04,6063.58
1767691800,1767704400,long,93441.0,93739.59449999999,93142.40550000001,94038.18899999998,SL,1.0,60.64,6124.21
1767706500,1767708300,short,93693.5,93883.41824999999,93883.41824999999,93313.66350000002,SL,-1.0,-61.24,6062.97
1767708900,1767711300,long,94073.5,93553.20000000001,93553.20000000001,95114.09999999998,SL,-1.0,-60.63,6002.34
1767712200,1767716700,short,93875.0,92884.677,94370.1615,92884.677,Target,2.0,120.05,6122.39
1767730200,1767734100,long,92356.0,93138.011,91964.9945,93138.011,Target,2.0,122.45,6244.83
1767746700,1767748500,short,93154.0,92692.71575,93615.28425,92231.4315,SL,1.0,62.45,6307.28
1767754500,1767777000,long,92932.0,92438.7575,92438.7575,93918.48499999999,SL,-1.0,-63.07,6244.21
1767785100,1767791100,long,92134.0,91832.061,91832.061,92737.878,SL,-1.0,-62.44,6181.77
1767792900,1767794400,long,92104.5,91777.0885,91777.0885,92759.323,SL,-1.0,-61.82,6119.95
1767795000,1767798900,short,91619.0,91619.0,92195.57475,90465.8505,SL,0.0,0.0,6119.95
1767807600,1767808800,long,91589.5,91150.402,91150.402,92467.696,SL,-1.0,-61.2,6058.75
1767816600,1767816900,long,91060.0,90935.00975000001,90935.00975000001,91309.98049999998,SL,-1.0,-60.59,5998.16
1767820200,1767829200,long,91147.5,91147.5,90841.5565,91759.38699999999,SL,0.0,0.0,5998.16
1767832500,1767835500,short,91143.5,91545.24974999999,91545.24974999999,90340.00050000002,SL,-1.0,-59.98,5938.18
1767839400,1767840300,short,91192.0,90888.27500000001,91495.72499999999,90584.55000000002,SL,1.0,59.38,5997.56
1767847800,1767852000,long,91007.5,90738.60800000001,90738.60800000001,91545.28399999999,SL,-1.0,-59.98,5937.59
1767859500,1767864000,long,90527.5,90129.41275,90129.41275,91323.6745,SL,-1.0,-59.38,5878.21
1767869700,1767874200,long,90375.0,89910.0225,89910.0225,91304.95499999999,SL,-1.0,-58.78,5819.43
1767885300,1767948000,long,90279.5,90279.5,89226.86425,92384.7715,SL,0.0,0.0,5819.43
1767955200,1767961200,long,90491.5,90194.88,90194.88,91084.73999999999,SL,-1.0,-58.19,5761.24
1767964800,1767967500,long,90577.5,90293.83050000001,90293.83050000001,91144.83899999998,SL,-1.0,-57.61,5703.62
1767968400,1767971100,short,90390.0,90037.15125000001,90742.84874999999,89684.30250000002,SL,1.0,57.04,5760.66
1767972600,1768342200,long,91650.5,95425.30799999999,89763.096,95425.30799999999,Target,2.0,115.21,5875.87
1768342500,1768488300,long,95600.0,95600.0,93976.98800000001,98846.02399999998,SL,0.0,0.0,5875.87
1768494300,1768505400,long,96555.0,95401.77525,95401.77525,98861.44949999999,SL,-1.0,-58.76,5817.11
1768514100,1768518000,long,95513.0,95513.0,95277.83725000001,95983.32549999998,SL,0.0,0.0,5817.11
1768520400,1768522500,short,95500.0,95733.34275,95733.34275,95033.31450000001,SL,-1.0,-58.17,5758.94
1768526100,1768575900,short,95443.0,95443.0,95843.898,94641.204,SL,0.0,0.0,5758.94
1768586700,1768594200,long,95023.5,94660.14625,94660.14625,95750.20749999999,SL,-1.0,-57.59,5701.35
1768595700,1768689300,long,95101.0,95101.0,94591.6805,96119.639,SL,0.0,0.0,5701.35
1768696200,1768698300,long,95163.0,95014.96875,95014.96875,95459.0625,SL,-1.0,-57.01,5644.34
1768706400,1768720500,long,95050.0,95050.0,94882.03525,95385.9295,SL,0.0,0.0,5644.34
1768720800,1768728600,short,95060.5,95210.08124999999,95210.08124999999,94761.33750000002,SL,-1.0,-56.44,5587.9
1768731900,1768743600,short,95121.5,95121.5,95315.13375,94734.23250000001,SL,0.0,0.0,5587.9
1768745100,1768763700,long,95110.5,95355.95624999999,94865.04375000001,95601.41249999998,SL,1.0,55.88,5643.78
1768767600,1768773900,short,95326.0,95417.685,95417.685,95142.63,SL,-1.0,-56.44,5587.34
1768777800,1768779900,short,94995.5,93909.00900000002,95538.74549999999,93909.00900000002,Target,2.0,111.75,5699.08
1768795500,1768803000,long,92632.0,92437.758,92437.758,93020.484,SL,-1.0,-56.99,5642.09
1768807200,1768810500,long,92614.5,92763.256,92465.744,92912.01199999999,SL,1.0,56.42,5698.51
1768818000,1768819500,short,93000.0,93000.0,93091.52249999999,92816.95500000002,SL,0.0,0.0,5698.51
1768828200,1768835400,short,92986.5,92986.5,93244.09874999999,92471.30250000002,SL,0.0,0.0,5698.51
1768836300,1768841400,long,92960.0,93212.87675,92707.12325,93465.75349999999,SL,1.0,56.99,5755.5
1768846800,1768856700,short,93072.5,93283.11825,93283.11825,92651.2635,SL,-1.0,-57.55,5697.94
1768858200,1768863600,short,93018.5,92668.339,93368.661,92318.17800000001,SL,1.0,56.98,5754.92
1768871400,1768872000,long,92586.0,92739.2395,92432.7605,92892.47899999999,SL,1.0,57.55,5812.47
1768875300,1768885200,short,92444.5,92031.5945,92857.4055,91618.68900000001,SL,1.0,58.12,5870.6
1768904400,1768914600,long,91183.5,90869.04275000001,90869.04275000001,91812.41449999998,SL,-1.0,-58.71,5811.89
1768926300,1768927200,long,90604.0,90283.8355,90283.8355,91244.329,SL,-1.0,-58.12,5753.77
1768941300,1768948200,long,89652.5,89324.31550000001,89324.31550000001,90308.86899999998,SL,-1.0,-57.54,5696.24
1768956600,1768977600,long,88896.5,89610.61325,88182.38675,90324.72649999999,SL,1.0,56.96,5753.2
1768978800,1768980900,short,89626.5,89322.057,89930.943,89017.614,SL,1.0,57.53,5810.73
1768988100,1768989300,long,89424.5,89092.4315,89092.4315,90088.63699999999,SL,-1.0,-58.11,5752.62
1768989600,1768997400,short,89077.0,88225.54200000002,89502.72899999999,88225.54200000002,Target,2.0,115.05,5867.68
1769002800,1769003100,long,88778.5,88664.14575000001,88664.14575000001,89007.20849999998,SL,-1.0,-58.68,5809.0
1769003400,1769004300,short,88608.0,89053.00425,89053.00425,87717.9915,SL,-1.0,-58.09,5750.91
1769004900,1769013600,long,89549.5,88478.7385,88478.7385,91691.02299999999,SL,-1.0,-57.51,5693.4
1769022000,1769023500,long,88465.0,89122.42575,87807.57425,89779.85149999999,SL,1.0,56.93,5750.33
1769036100,1769037000,short,89950.5,89950.5,90140.54775,89570.4045,SL,0.0,0.0,5750.33
1769043000,1769050200,long,89917.5,89917.5,89521.71675,90709.06649999999,SL,0.0,0.0,5750.33
1769051100,1769057400,short,90040.0,90040.0,90302.62874999999,89514.74250000002,SL,0.0,0.0,5750.33
1769057700,1769068500,long,90027.0,89764.59525,89764.59525,90551.8095,SL,-1.0,-57.5,5692.83
1769073600,1769088600,long,89961.5,89961.5,89721.117,90442.266,SL,0.0,0.0,5692.83
1769089500,1769105700,short,89589.0,89589.0,90364.65974999999,88037.68050000002,SL,0.0,0.0,5692.83
1769115300,1769133600,short,89438.0,89933.9445,89933.9445,88446.111,SL,-1.0,-56.93,5635.9
1769137800,1769138100,short,89743.0,89842.39875,89842.39875,89544.20250000001,SL,-1.0,-56.36,5579.54
1769145900,1769159700,short,89604.0,89185.51125000001,90022.48874999999,88767.02250000002,SL,1.0,55.8,5635.34
1769167500,1769178000,long,89189.5,89448.48749999999,88930.51250000001,89707.47499999998,SL,1.0,56.35,5691.69
1769179500,1769183100,short,88936.5,89746.851,89746.851,87315.79800000001,SL,-1.0,-56.92,5634.77
1769183700,1769191200,long,89600.0,90510.86675,88689.13325,91421.7335,SL,1.0,56.35,5691.12
1769196000,1769330400,short,89907.0,88209.28950000001,90755.85525,88209.28950000001,Target,2.0,113.82,5804.94
1769337000,1769351100,long,88600.0,88600.0,88296.8295,89206.34099999999,SL,0.0,0.0,5804.94
1769352300,1769356800,short,88658.5,88370.04875,88946.95125,88081.5975,SL,1.0,58.05,5862.99
1769376300,1769379600,long,86827.5,86257.34975000001,86257.34975000001,87967.80049999998,SL,-1.0,-58.63,5804.36
1769385600,1769388000,long,86638.0,86638.0,86193.38175,87527.2365,SL,0.0,0.0,5804.36
1769398800,1769401200,short,87268.0,87696.8265,87696.8265,86410.34700000001,SL,-1.0,-58.04,5746.32
1769401800,1769442000,long,87818.0,87818.0,86996.97975,89460.0405,SL,0.0,0.0,5746.32
1769442900,1769479200,short,87547.5,88711.83374999999,88711.83374999999,85218.83250000002,SL,-1.0,-57.46,5688.86
1769489700,1769511000,short,88517.5,87746.6415,88902.92925,87746.6415,Target,2.0,113.78,5802.63
1769514900,1769524200,long,88033.0,88033.0,87729.61325000001,88639.77349999998,SL,0.0,0.0,5802.63
1769525400,1769529900,short,87814.0,88472.21399999999,88472.21399999999,86497.57200000001,SL,-1.0,-58.03,5744.61
1769530200,1769534400,long,88432.5,87564.19600000001,87564.19600000001,90169.10799999998,SL,-1.0,-57.45,5687.16
1769534700,1769544900,short,87738.0,88826.39099999999,88826.39099999999,85561.21800000002,SL,-1.0,-56.87,5630.29
1769559900,1769561100,short,89283.5,89283.5,89439.6975,88971.10500000001,SL,0.0,0.0,5630.29
1769562000,1769568600,long,89434.5,89071.44200000001,89071.44200000001,90160.61599999998,SL,-1.0,-56.3,5573.99
1769580600,1769601000,long,89169.0,89900.8475,88803.07625,89900.8475,Target,2.0,111.48,5685.47
1769611500,1769617500,short,89673.5,89673.5,90231.59324999999,88557.31350000002,SL,0.0,0.0,5685.47
1769618700,1769622600,long,89517.0,90209.21549999999,89170.89225,90209.21549999999,Target,2.0,113.71,5799.18
1769626200,1769626800,short,89547.0,89547.0,89965.9605,88709.079,SL,0.0,0.0,5799.18
1769632200,1769632500,long,89771.5,89265.84475,89265.84475,90782.81049999999,SL,-1.0,-57.99,5741.18
1769633100,1769653800,short,89204.0,88481.05900000001,89926.94099999999,87758.11800000002,SL,1.0,57.41,5798.6
1769662800,1769674500,long,88279.0,87880.53775,87880.53775,89075.9245,SL,-1.0,-57.99,5740.61
1769689500,1769697000,long,87974.5,87675.14050000001,87675.14050000001,88573.21899999998,SL,-1.0,-57.41,5683.2
1769720100,1769734200,long,84193.5,84193.5,83752.60275,85075.29449999999,SL,0.0,0.0,5683.2
1769745600,1769753700,long,82648.5,82648.5,82197.8805,83549.739,SL,0.0,0.0,5683.2
1769754000,1769756100,short,82650.0,82650.0,83150.5545,81648.891,SL,0.0,0.0,5683.2
1769758200,1769760000,long,82635.0,82635.0,82414.77200000001,83075.45599999998,SL,0.0,0.0,5683.2
1769760300,1769765100,long,82758.5,82406.776,82406.776,83461.948,SL,-1.0,-56.83,5626.37
1769770500,1769775600,long,82800.5,82800.5,82312.32325,83776.8535,SL,0.0,0.0,5626.37
1769778000,1769778600,short,82760.5,82760.5,82936.4475,82408.60500000001,SL,0.0,0.0,5626.37
1769781000,1769783400,long,82700.0,83046.1975,82353.8025,83392.39499999999,SL,1.0,56.26,5682.64
1769787600,1769790300,short,83131.0,83131.0,83627.29275,82138.41450000001,SL,0.0,0.0,5682.64
1769791500,1769796900,long,83361.0,82476.74100000001,82476.74100000001,85129.51799999998,SL,-1.0,-56.83,5625.81
1769799600,1769869200,long,83906.0,81930.51425000001,81930.51425000001,87856.97149999999,SL,-1.0,-56.26,5569.55
1769895900,1769905200,long,78126.5,78961.16524999999,77291.83475000001,79795.83049999998,SL,1.0,55.7,5625.25
1769909100,1769931600,short,78587.5,78587.5,79122.04125,77518.41750000001,SL,0.0,0.0,5625.25
1769934900,1769939700,long,78472.0,79038.228,78188.886,79038.228,Target,2.0,112.5,5737.75
1769943000,1769956800,short,78446.5,77714.4305,79178.5695,76982.361,SL,1.0,57.38,5795.13
1769966700,1769968200,long,77388.0,77388.0,77069.44600000001,78025.10799999998,SL,0.0,0.0,5795.13
1769968800,1769971800,long,77719.5,77719.5,77228.3665,78701.76699999999,SL,0.0,0.0,5795.13
1769974200,1769976600,short,77678.5,77234.95850000001,78122.04149999999,76791.41700000002,SL,1.0,57.95,5853.08
1769984700,1769985000,long,76723.5,77168.15849999999,76278.84150000001,77612.81699999998,SL,1.0,58.53,5911.61
1769985300,1769987100,long,77384.5,76374.7935,76374.7935,79403.913,SL,-1.0,-59.12,5852.5
1769987700,1769988900,short,76636.5,77563.26225,77563.26225,74782.9755,SL,-1.0,-58.52,5793.97
1769989800,1769994600,long,76948.0,76948.0,76086.43775,78671.1245,SL,0.0,0.0,5793.97
1769998500,1770001800,short,77169.5,75814.69200000001,77846.904,75814.69200000001,Target,2.0,115.88,5909.85
1770007500,1770009300,long,76150.5,75262.35,75262.35,77926.79999999999,SL,-1.0,-59.1,5850.75
1770014100,1770014400,long,75336.5,75590.56,75082.44,75844.62,SL,1.0,58.51,5909.26
1770015000,1770042900,long,76134.0,78662.90699999998,74869.54650000001,78662.90699999998,Target,2.0,118.19,6027.44
1770056400,1770062700,short,78604.0,78604.0,79074.5175,77662.965,SL,0.0,0.0,6027.44
1770068700,1770069900,long,78338.5,78749.67199999999,78132.914,78749.67199999999,Target,2.0,120.55,6147.99
1770077700,1770079200,short,78537.5,78925.94325,78925.94325,77760.6135,SL,-1.0,-61.48,6086.51
1770085200,1770086700,short,78675.5,78313.00075,79037.99925,77950.50150000001,SL,1.0,60.87,6147.38
1770091200,1770098700,long,78719.0,77994.48325,77994.48325,80168.03349999999,SL,-1.0,-61.47,6085.9
1770101700,1770106200,long,78547.5,78547.5,78188.886,79264.728,SL,0.0,0.0,6085.9
1770110400,1770130500,short,78292.0,77564.51000000001,79019.48999999999,76837.02000000002,SL,1.0,60.86,6146.76
1770148200,1770148500,long,74467.5,74755.60824999999,74179.39175000001,75043.71649999998,SL,1.0,61.47,6208.23
1770148800,1770150600,long,74896.5,76210.77649999998,74239.36175000001,76210.77649999998,Target,2.0,124.16,6332.4
1770157800,1770158700,short,75995.0,75644.8465,76345.1535,75294.693,SL,1.0,63.32,6395.72
1770165600,1770212400,long,76221.0,75382.29000000001,75382.29000000001,77898.41999999998,SL,-1.0,-63.96,6331.76
1770230700,1770241200,long,73966.0,72523.72,72523.72,76850.56,SL,-1.0,-63.32,6268.45
1770248100,1770254400,long,73373.5,72401.781,72401.781,75316.938,SL,-1.0,-62.68,6205.76
1770254700,1770268800,short,72289.5,70148.1765,73360.16175,70148.1765,Target,2.0,124.12,6329.88
1770275100,1770290400,long,71507.5,70464.25025,70464.25025,73593.9995,SL,-1.0,-63.3,6266.58
1770301800,1770303000,long,70093.5,70093.5,69424.2705,71431.959,SL,0.0,0.0,6266.58
1770304200,1770322500,short,68601.5,64020.643500000006,70891.92825,64020.643500000006,Target,2.0,125.33,6391.91
1770332400,1770335400,long,63884.5,62858.555,62858.555,65936.39,SL,-1.0,-63.92,6327.99
1770340200,1770392700,long,64443.0,68881.25499999999,62223.872500000005,68881.25499999999,Target,2.0,126.56,6454.55
1770402900,1770407400,short,69814.0,70815.39,70815.39,67811.22,SL,-1.0,-64.55,6390.0
1770411900,1770417000,short,70105.0,70982.97374999999,70982.97374999999,68349.05250000002,SL,-1.0,-63.9,6326.1
1770421800,1770423000,short,70700.0,70271.95375,71128.04625,69843.9075,SL,1.0,63.26,6389.36
1770429300,1770438300,long,70482.5,71144.92749999999,69820.07250000001,71807.35499999998,SL,1.0,63.89,6453.26
1770442500,1770447300,short,70273.5,69353.92125,71193.07875,68434.3425,SL,1.0,64.53,6517.79
1770456300,1770456600,long,68682.0,68371.797,68371.797,69302.40599999999,SL,-1.0,-65.18,6452.61
1770457200,1770465900,short,68029.5,68773.3695,68773.3695,66541.761,SL,-1.0,-64.53,6388.09
1770466500,1770546000,long,68818.5,70004.833,67632.167,71191.166,SL,1.0,63.88,6451.97
1770546900,1770548700,short,70069.5,70464.2145,70464.2145,69280.071,SL,-1.0,-64.52,6387.45
1770564900,1770569100,short,71143.0,70497.57,71465.715,70497.57,Target,2.0,127.75,6515.2
1770574800,1770580800,long,70918.0,71264.3035,70571.6965,71610.60699999999,SL,1.0,65.15,6580.35
1770582900,1770585600,short,71087.5,71087.5,71424.6945,70413.111,SL,0.0,0.0,6580.35
1770591900,1770592800,long,71367.5,70586.18925000001,70586.18925000001,72930.12149999998,SL,-1.0,-65.8,6514.55
1770593700,1770818700,short,70122.0,67925.35875,72318.64125,65728.7175,SL,1.0,65.15,6579.69
1770822000,1770845700,short,66566.0,68260.113,68260.113,63177.774000000005,SL,-1.0,-65.8,6513.89
1770849300,1770852000,short,67511.5,67139.075,67883.925,66766.65,SL,1.0,65.14,6579.03
1770856800,1770862200,long,67500.0,67500.0,67042.96175,68414.0765,SL,0.0,0.0,6579.03
1770865800,1770872700,short,67469.0,67167.1315,67770.8685,66865.263,SL,1.0,65.79,6644.82
1770878100,1770879900,long,67205.0,66949.00875000001,66949.00875000001,67716.98249999998,SL,-1.0,-66.45,6578.38
1770880500,1770888600,short,66970.0,67339.15275,67339.15275,66231.69450000001,SL,-1.0,-65.78,6512.59
1770901200,1770901800,short,67835.5,67835.5,68020.9935,67464.513,SL,0.0,0.0,6512.59
1770903900,1770907200,long,68089.0,67622.67175000001,67622.67175000001,69021.65649999998,SL,-1.0,-65.13,6447.47
1770907800,1770912300,short,67612.5,66932.871,68292.129,66253.242,SL,1.0,64.47,6511.94
1770925500,1770929400,long,65966.5,65208.3795,65208.3795,67482.741,SL,-1.0,-65.12,6446.82
1770932700,1770936300,long,65798.0,66178.22524999999,65417.774750000004,66558.45049999999,SL,1.0,64.47,6511.29
1770943200,1770947100,short,66057.0,66538.75275,66538.75275,65093.4945,SL,-1.0,-65.11,6446.18
1770957300,1770966000,short,66398.0,66398.0,66684.32549999999,65825.34900000002,SL,0.0,0.0,6446.18
1770966900,1770989400,long,66503.5,67526.525,65991.9875,67526.525,Target,2.0,128.92,6575.1
1771012200,1771016700,short,68990.0,68990.0,69238.602,68492.796,SL,0.0,0.0,6575.1
1771023600,1771045200,long,68977.0,68732.11675,68732.11675,69466.7665,SL,-1.0,-65.75,6509.35
1771051500,1771054800,long,68847.0,69021.85325,68672.14675,69196.7065,SL,1.0,65.09,6574.44
1771074000,1771128900,short,69609.5,70453.209,70453.209,67922.082,SL,-1.0,-65.74,6508.7
1771145100,1771160100,short,70295.0,69629.5375,70960.4625,68964.07500000001,SL,1.0,65.09,6573.78
1771188600,1771189500,long,68423.5,68599.141,68247.859,68774.782,SL,1.0,65.74,6639.52
1771197300,1771244700,short,68467.5,69083.5245,69083.5245,67235.451,SL,-1.0,-66.4,6573.13
1771249200,1771512600,short,68320.5,66565.98000000001,70075.01999999999,64811.46000000002,SL,1.0,65.73,6638.86
1771513500,1771587600,long,66575.5,67581.80099999999,65569.19900000001,68588.10199999998,SL,1.0,66.39,6705.25
1771600200,1771600500,long,67351.0,66809.07875,66809.07875,68434.8425,SL,-1.0,-67.05,6638.19
1771608300,1771612200,short,67071.5,67925.44575,67925.44575,65363.6085,SL,-1.0,-66.38,6571.81
1771620000,1771626000,short,67662.0,67840.9035,67840.9035,67304.193,SL,-1.0,-65.72,6506.09
1771634400,1771641000,short,67884.0,68057.51174999999,68057.51174999999,67536.97650000002,SL,-1.0,-65.06,6441.03
1771643400,1771665300,short,67681.5,68093.52975,68093.52975,66857.4405,SL,-1.0,-64.41,6376.62
1771674600,1771683600,short,68057.5,68298.132,68298.132,67576.236,SL,-1.0,-63.77,6312.86
1771691100,1771774500,short,68172.0,67671.18075,68672.81925,67170.3615,SL,1.0,63.13,6375.99
1771775400,1771781400,long,67711.5,67282.342,67282.342,68569.81599999999,SL,-1.0,-63.76,6312.23
1771788900,1771791000,long,67448.0,67346.31,67346.31,67651.38,SL,-1.0,-63.12,6249.1
1771791300,1771795500,short,67366.5,67498.23225,67498.23225,67103.0355,SL,-1.0,-62.49,6186.61
1771803900,1771804500,short,67490.0,67627.29675,67627.29675,67215.40650000001,SL,-1.0,-61.87,6124.75
1771804800,1771806300,long,67621.0,67428.76875,67428.76875,68005.4625,SL,-1.0,-61.25,6063.5
1771806600,1771807500,short,67449.5,67155.145,67743.855,66860.79000000001,SL,1.0,60.63,6124.13
1771824000,1771836600,long,65093.0,65543.3375,64642.662500000006,65993.67499999999,SL,1.0,61.24,6185.38
1771836900,1771837200,short,65573.5,65760.864,65760.864,65198.772,SL,-1.0,-61.85,6123.52
1771837800,1771839000,long,65760.0,66011.7705,65508.2295,66263.541,SL,1.0,61.24,6184.76
1771847700,1771857600,short,66142.0,65781.26525,66502.73475,65420.53049999999,SL,1.0,61.85,6246.6
1771881000,1771895400,long,64489.5,64489.5,64106.9305,65254.638999999996,SL,0.0,0.0,6246.6
1771896000,1771944600,short,63766.0,63766.0,65017.49249999999,61263.015000000014,SL,0.0,0.0,6246.6
1771967400,1771976100,short,64210.0,64210.0,64529.74875,63570.5025,SL,0.0,0.0,6246.6
1771976700,1771981800,long,64118.5,64421.9235,63815.0765,64725.346999999994,SL,1.0,62.47,6309.07
1771990800,1772009100,short,65464.5,65464.5,65969.46824999999,64454.56350000002,SL,0.0,0.0,6309.07
1772016600,1772019600,short,65454.5,65454.5,65670.819,65021.861999999994,SL,0.0,0.0,6309.07
1772021100,1772021700,long,65387.0,65504.651,65269.349,65622.302,SL,1.0,63.09,6372.16
1772050800,1772051400,short,68740.5,69104.03474999999,69104.03474999999,68013.43050000002,SL,-1.0,-63.72,6308.44
1772052300,1772055300,long,69094.5,69643.29,68545.71,70192.07999999999,SL,1.0,63.08,6371.52
1772058300,1772059200,short,68874.0,68562.42450000001,69185.57549999999,68250.84900000002,SL,1.0,63.72,6435.24
1772068200,1772071200,long,68516.5,67905.53025000001,67905.53025000001,69738.43949999998,SL,-1.0,-64.35,6370.89
1772071500,1772079000,short,67957.0,68564.76525,68564.76525,66741.4695,SL,-1.0,-63.71,6307.18
1772083800,1772092200,short,68320.0,67973.68400000001,68666.31599999999,67627.36800000002,SL,1.0,63.07,6370.25
1772097600,1772100600,long,68177.0,68501.44325,67852.55675,68825.8865,SL,1.0,63.7,6433.95
1772104500,1772105400,short,68324.0,68179.78300000001,68468.21699999999,68035.56600000002,SL,1.0,64.34,6498.29
1772131200,1772186400,long,67218.0,67218.0,66511.72750000001,68630.54499999998,SL,0.0,0.0,6498.29
1772201100,1772210700,long,66164.5,65599.68375,65599.68375,67294.1325,SL,-1.0,-64.98,6433.31
1772223600,1772231400,long,65556.5,65198.88425,65198.88425,66271.7315,SL,-1.0,-64.33,6368.98
1772233800,1772259300,long,65800.5,64934.01675,64934.01675,67533.4665,SL,-1.0,-63.69,6305.29
1772274600,1772279700,long,63813.0,63813.0,63410.778750000005,64617.44249999999,SL,0.0,0.0,6305.29
1772292000,1772296800,short,64383.0,65044.00575,65044.00575,63060.98850000001,SL,-1.0,-63.05,6242.23
1772322300,1772327400,short,66871.5,66166.3095,67224.09525,66166.3095,Target,2.0,124.84,6367.08
1772330100,1772371200,long,67333.0,66140.41325,66140.41325,69718.1735,SL,-1.0,-63.67,6303.41
1772373600,1772383500,long,66914.5,66170.39825,66170.39825,68402.7035,SL,-1.0,-63.03,6240.37
1772383800,1772463000,short,66056.5,67123.545,67123.545,63922.41,SL,-1.0,-62.4,6177.97
1772475300,1772475600,short,69177.5,69091.31400000001,69220.593,69091.31400000001,Target,2.0,123.56,6301.53
1772475900,1772476200,short,69010.5,69220.593,69220.593,68590.31400000001,SL,-1.0,-63.02,6238.51
1772484000,1772503200,long,69006.5,68503.731,68503.731,70012.038,SL,-1.0,-62.39,6176.13
1772516100,1772516700,long,68193.5,67979.49325,67979.49325,68621.5135,SL,-1.0,-61.76,6114.37
1772522700,1772526300,long,68225.0,67800.58275,67800.58275,69073.8345,SL,-1.0,-61.14,6053.22
1772536800,1772537100,long,66754.5,66869.83625,66639.16375,66985.17249999999,SL,1.0,60.53,6113.76
1772544300,1772546400,short,67073.0,67073.0,67490.7285,66237.543,SL,0.0,0.0,6113.76
1772552700,1772556000,long,67504.5,67504.5,66397.28475,69718.93049999999,SL,0.0,0.0,6113.76
1772569200,1772579400,short,68246.0,68750.85824999999,68750.85824999999,67236.28350000002,SL,-1.0,-61.14,6052.62
1772583300,1772587800,short,68082.5,68538.252,68538.252,67170.99600000001,SL,-1.0,-60.53,5992.09
1772588400,1772595000,long,68661.5,67894.53575000001,67894.53575000001,70195.42849999998,SL,-1.0,-59.92,5932.17
1772601900,1772602800,long,67786.0,68005.8,67566.2,68225.6,SL,1.0,59.32,5991.49
1772625000,1772629500,short,71032.0,71511.23775,71511.23775,70073.5245,SL,-1.0,-59.91,5931.58
1772655900,1772661600,short,73382.0,73382.0,73790.37675,72565.24650000001,SL,0.0,0.0,5931.58
1772662500,1772662800,long,73204.0,73204.0,73103.92975000001,73404.14049999998,SL,0.0,0.0,5931.58
1772672100,1772672700,long,72744.0,72844.83975,72643.16025,72945.6795,SL,1.0,59.32,5990.89
1772673300,1772674800,long,73085.0,72614.67450000001,72614.67450000001,74025.65099999998,SL,-1.0,-59.91,5930.98
1772675400,1772701800,short,72581.0,72581.0,73241.10225,71260.79550000001,SL,0.0,0.0,5930.98
1772712000,1772716800,short,72887.5,72623.94275,73151.05725,72360.3855,SL,1.0,59.31,5990.29
1772738100,1772758200,long,71336.0,70752.10625,70752.10625,72503.7875,SL,-1.0,-59.9,5930.39
1772762100,1772772000,long,71161.5,70311.32675000001,70311.32675000001,72861.84649999999,SL,-1.0,-59.3,5871.09
1772780100,1772783100,long,70568.5,71077.84899999999,70313.8255,71077.84899999999,Target,2.0,117.42,5988.51
1772788500,1772798700,short,70546.5,70051.99725,71041.00275,69557.4945,SL,1.0,59.89,6048.39
1772822700,1772826300,long,68415.5,68075.945,68075.945,69094.60999999999,SL,-1.0,-60.48,5987.91
1772833800,1772856000,long,68250.5,67865.55025,67865.55025,69020.3995,SL,-1.0,-59.88,5928.03
1772871900,1772873700,long,67946.0,67708.129,67708.129,68421.742,SL,-1.0,-59.28,5868.75
1772881500,1772881800,short,67847.5,68016.49124999999,68016.49124999999,67509.51750000002,SL,-1.0,-58.69,5810.06
1772882400,1772892000,long,68156.5,67782.092,67782.092,68905.31599999999,SL,-1.0,-58.1,5751.96
1772895300,1772901600,long,68012.0,67675.64525,67675.64525,68684.7095,SL,-1.0,-57.52,5694.44
1772905200,1772906100,long,67849.5,67742.11200000001,67742.11200000001,68064.27599999998,SL,-1.0,-56.94,5637.5
1772906700,1772913000,short,67584.5,66969.64200000002,67891.92899999999,66969.64200000002,Target,2.0,112.75,5750.25
1772917500,1772922600,long,67379.0,67180.39300000001,67180.39300000001,67776.21399999998,SL,-1.0,-57.5,5692.75
1772926500,1772933400,long,67325.0,67112.42700000001,67112.42700000001,67750.14599999998,SL,-1.0,-56.93,5635.82
1772935200,1772938200,long,67267.0,67027.96925000001,67027.96925000001,67745.06149999998,SL,-1.0,-56.36,5579.46
1772938500,1772959200,short,66975.5,67440.7035,67440.7035,66045.093,SL,-1.0,-55.79,5523.67
1772968800,1772971500,short,67592.5,67592.5,67987.47675,66802.5465,SL,0.0,0.0,5523.67
1772980200,1772980800,long,67231.5,67096.93475,67096.93475,67500.6305,SL,-1.0,-55.24,5468.43
1772981400,1772989500,short,67118.0,67118.0,67440.7035,66472.593,SL,0.0,0.0,5468.43
1772997900,1773004200,long,67174.0,66694.13625000001,66694.13625000001,68133.72749999998,SL,-1.0,-54.68,5413.74
1773004500,1773007200,short,66750.0,66049.79175,67450.20825,65349.58350000001,SL,1.0,54.14,5467.88
1773017100,1773026400,long,66421.0,67094.89,65747.11,67768.78,SL,1.0,54.68,5522.56
1773039300,1773041400,short,67297.0,67297.0,67625.29574999999,66640.40850000002,SL,0.0,0.0,5522.56
1773043200,1773048600,long,67520.0,67972.5505,67067.4495,68425.101,SL,1.0,55.23,5577.79
1773053100,1773058800,short,67648.5,68034.0,68034.0,66877.5,SL,-1.0,-55.78,5522.01
1773071400,1773083700,short,68814.0,68814.0,69251.6085,67938.783,SL,0.0,0.0,5522.01
1773084600,1773144300,long,69327.5,70393.148,68261.852,71458.796,SL,1.0,55.22,5577.23
1773148800,1773149400,long,70689.0,70386.789,70386.789,71293.42199999999,SL,-1.0,-55.77,5521.46
1773150300,1773154200,short,69881.0,70930.94774999999,70930.94774999999,67781.10450000002,SL,-1.0,-55.21,5466.24
1773154800,1773178800,long,71428.0,69636.66425,69636.66425,75010.6715,SL,-1.0,-54.66,5411.58
1773186300,1773189000,long,69866.5,69866.5,69621.67175000001,70356.15649999998,SL,0.0,0.0,5411.58
1773196800,1773204600,short,69674.5,70129.54725,70129.54725,68764.4055,SL,-1.0,-54.12,5357.46
1773208200,1773232200,short,69510.5,69510.5,70035.0,68461.5,SL,0.0,0.0,5357.46
1773235200,1773237000,long,70040.5,70040.5,69085.44,71950.62,SL,0.0,0.0,5357.46
1773243600,1773246000,short,70145.5,70478.72175,70478.72175,69479.0565,SL,-1.0,-53.57,5303.89
1773254700,1773267000,short,70477.5,70909.43699999999,70909.43699999999,69613.62600000002,SL,-1.0,-53.04,5250.85
1773268800,1773300600,short,70315.5,69670.5375,70960.4625,69025.57500000001,SL,1.0,52.51,5303.36
1773308100,1773308400,short,69747.0,69918.44175,69918.44175,69404.1165,SL,-1.0,-53.03,5250.33
1773308700,1773326400,long,70246.0,69513.22600000001,69513.22600000001,71711.54799999998,SL,-1.0,-52.5,5197.82
1773330000,1773405900,long,70517.0,72747.43649999998,69401.78175000001,72747.43649999998,Target,2.0,103.96,5301.78
1773414000,1773614400,short,72360.5,72360.5,73910.43675,69260.62650000001,SL,0.0,0.0,5301.78
1773623400,1773625800,short,72395.0,72696.33,72696.33,71792.34,SL,-1.0,-53.02,5248.76
1773628500,1773631800,short,72367.5,72867.4155,72867.4155,71367.669,SL,-1.0,-52.49,5196.27
1773643200,1773646500,short,73794.0,73631.54025,73956.45975,73469.08050000001,SL,1.0,51.96,5248.24
1773656700,1773657300,long,73412.0,73170.3965,73170.3965,73895.207,SL,-1.0,-52.48,5195.75
1773658200,1773658500,short,73423.0,73503.23324999999,73503.23324999999,73262.53350000002,SL,-1.0,-51.96,5143.8
1773672000,1773696900,short,73144.5,74494.2285,74494.2285,70445.043,SL,-1.0,-51.44,5092.36
1773703500,1773704700,short,74446.0,74872.91775,74872.91775,73592.16450000001,SL,-1.0,-50.92,5041.43
1773714600,1773720300,short,75135.5,74583.67525,75687.32475,74031.8505,SL,1.0,50.41,5091.85
1773732300,1773741300,long,74384.5,73895.53375,73895.53375,75362.4325,SL,-1.0,-50.92,5040.93
1773747300,1773755400,long,74011.5,73621.171,73621.171,74792.158,SL,-1.0,-50.41,4990.52
1773758400,1773760200,long,74101.0,74101.0,73449.75675,75403.4865,SL,0.0,0.0,4990.52
1773762600,1773764400,short,73747.0,74296.62975,74296.62975,72647.74050000001,SL,-1.0,-49.91,4940.62
1773764700,1773793200,long,74303.0,73710.1265,73710.1265,75488.747,SL,-1.0,-49.41,4891.21
1773798000,1773809700,long,74119.0,74119.0,73770.0965,74816.807,SL,0.0,0.0,4891.21
1773822600,1773830100,long,74003.5,74003.5,73785.089,74440.32199999999,SL,0.0,0.0,4891.21
1773830700,1773833400,short,73845.5,73426.38625000001,74264.61374999999,73007.27250000002,SL,1.0,48.91,4940.12
1773855300,1773856800,long,71445.0,71754.08575,71135.91425,72063.1715,SL,1.0,49.4,4989.52
1773860400,1773904800,short,71074.0,69506.17800000001,71857.911,69506.17800000001,Target,2.0,99.79,5089.31
1773913200,1773921300,long,70313.5,69921.022,69921.022,71098.456,SL,-1.0,-50.89,5038.42
1773928800,1773930300,long,69873.5,69181.89175000001,69181.89175000001,71256.71649999998,SL,-1.0,-50.38,4988.04
1773933300,1773934800,long,69672.0,69076.94425,69076.94425,70862.1115,SL,-1.0,-49.88,4938.16
1773938100,1773939000,long,69328.5,69328.5,69105.43000000001,69774.63999999998,SL,0.0,0.0,4938.16
1773940500,1773940800,short,69200.0,69653.8095,69653.8095,68292.381,SL,-1.0,-49.38,4888.77
1773941400,1773947400,long,69638.5,70221.545,69055.455,70804.59,SL,1.0,48.89,4937.66
1773959400,1773959700,short,70337.0,70116.23875,70557.76125,69895.47750000001,SL,1.0,49.38,4987.04
1773967800,1773973200,long,70201.0,70201.0,69875.045,70852.91,SL,0.0,0.0,4987.04
1773974400,1773976800,short,70090.0,70501.233,70501.233,69267.53400000001,SL,-1.0,-49.87,4937.17
1773986100,1773991800,short,70572.0,70572.0,70840.90275,70034.19450000001,SL,0.0,0.0,4937.17
1773992700,1774013400,long,70829.5,70175.39475,70175.39475,72137.71049999999,SL,-1.0,-49.37,4887.8
1774023300,1774024500,long,69966.5,69705.13,69705.13,70489.23999999999,SL,-1.0,-48.88,4838.92
1774025100,1774029000,short,69745.0,69745.0,70116.0405,69002.919,SL,0.0,0.0,4838.92
1774030500,1774042800,long,69944.5,70401.26125,69487.73875,70858.02249999999,SL,1.0,48.39,4887.31
1774050000,1774052100,short,70461.5,70687.82625,70687.82625,70008.8475,SL,-1.0,-48.87,4838.43
1774052700,1774102200,long,70659.5,70917.2185,70401.7815,71174.937,SL,1.0,48.38,4886.82
1774105500,1774136700,short,70605.0,69756.006,71029.497,69756.006,Target,2.0,97.74,4984.56
1774146900,1774166100,long,69221.0,68871.547,68871.547,69919.90599999999,SL,-1.0,-49.85,4934.71
1774183500,1774186500,long,68570.0,68570.0,68223.871,69262.258,SL,0.0,0.0,4934.71
1774197000,1774204500,short,68680.0,68465.06975000001,68894.93024999999,68250.13950000002,SL,1.0,49.35,4984.06
1774218900,1774226400,long,68189.0,67502.232,67502.232,69562.536,SL,-1.0,-49.84,4934.22
1774229700,1774245000,long,68011.5,68547.25475,67475.74525,69083.00949999999,SL,1.0,49.34,4983.56
1774248300,1774263900,short,67794.0,68738.352,68738.352,65905.296,SL,-1.0,-49.84,4933.72
1774280100,1774374000,short,70770.0,68967.3645,71671.31775,68967.3645,Target,2.0,98.67,5032.4
1774377900,1774383900,long,69500.0,70115.22699999998,69192.38650000001,70115.22699999998,Target,2.0,100.65,5133.05
1774384200,1774435500,long,69982.0,71487.264,69229.368,71487.264,Target,2.0,102.66,5235.71
1774441800,1774443300,short,71318.0,71860.91249999999,71860.91249999999,70232.17500000002,SL,-1.0,-52.36,5183.35
1774444200,1774450500,long,71646.5,71221.87125000001,71221.87125000001,72495.75749999998,SL,-1.0,-51.83,5131.52
1774456800,1774470300,long,71607.0,70644.16025,70644.16025,73532.6795,SL,-1.0,-51.32,5080.2
1774472400,1774491300,long,70987.5,70987.5,70574.695,71813.10999999999,SL,0.0,0.0,5080.2
1774531200,1774531800,long,69440.5,69302.83125,69302.83125,69715.8375,SL,-1.0,-50.8,5029.4
1774532400,1774532700,short,69290.0,69537.25125,69537.25125,68795.4975,SL,-1.0,-50.29,4979.1
1774533300,1774537500,long,69769.5,69150.4075,69150.4075,71007.685,SL,-1.0,-49.79,4929.31
1774555200,1774555800,long,68500.0,68706.16399999999,68293.83600000001,68912.32799999998,SL,1.0,49.29,4978.61
1774556400,1774584000,long,69131.5,68373.796,68373.796,70646.908,SL,-1.0,-49.79,4928.82
1774589100,1774589400,long,68649.0,68483.74100000001,68483.74100000001,68979.51799999998,SL,-1.0,-49.29,4879.53
1774589700,1774595400,short,68549.0,68871.4185,68871.4185,67904.163,SL,-1.0,-48.8,4830.74
1774595700,1774596000,short,68837.5,68773.3695,68773.3695,68709.239,SL,1.0,48.31,4879.04
1774598100,1774600500,short,68575.0,68182.5335,68967.4665,67790.06700000001,SL,1.0,48.79,4927.83
1774626000,1774627500,long,66451.0,65908.0295,65908.0295,67536.94099999999,SL,-1.0,-49.28,4878.56
1774627800,1774704900,short,65814.0,66654.31049999999,66654.31049999999,64133.379000000015,SL,-1.0,-48.79,4829.77
1774717200,1774721100,short,66900.0,66900.0,67105.536,66488.92800000001,SL,0.0,0.0,4829.77
1774723800,1774725000,long,66876.5,66774.09625,66774.09625,67081.3075,SL,-1.0,-48.3,4781.47
1774725600,1774728000,short,66819.0,66957.462,66957.462,66542.076,SL,-1.0,-47.81,4733.66
1774728600,1774732200,long,66963.5,66768.09925,66768.09925,67354.3015,SL,-1.0,-47.34,4686.32
1774732500,1774739100,short,66805.0,66628.526,66981.474,66452.052,SL,1.0,46.86,4733.19
1774747200,1774754100,long,66538.0,66961.35949999999,66326.32025,66961.35949999999,Target,2.0,94.66,4827.85
1774760100,1774763400,short,66748.0,66748.0,66878.92275,66486.1545,SL,0.0,0.0,4827.85
1774764900,1774767600,long,66797.5,66573.19675,66573.19675,67246.1065,SL,-1.0,-48.28,4779.57
1774773900,1774776600,long,66711.5,66533.21675,66533.21675,67068.06649999999,SL,-1.0,-47.8,4731.77
1774782900,1774793100,long,66753.0,66439.26375,66439.26375,67380.4725,SL,-1.0,-47.32,4684.46
1774802100,1774804500,long,66566.0,66373.7965,66373.7965,66950.407,SL,-1.0,-46.84,4637.61
1774810200,1774814100,long,66416.0,66302.83200000001,66302.83200000001,66642.33599999998,SL,-1.0,-46.38,4591.24
1774815600,1774821900,long,66523.0,66264.85100000001,66264.85100000001,67039.29799999998,SL,-1.0,-45.91,4545.32
1774822500,1774824300,short,66272.5,65269.759500000015,66773.87024999999,65269.759500000015,Target,2.0,90.91,4636.23
1774830300,1774864800,long,66575.0,67417.88249999999,65732.11750000001,68260.76499999998,SL,1.0,46.36,4682.59
1774869600,1774869900,long,67527.5,67691.6985,67363.3015,67855.897,SL,1.0,46.83,4729.42
1774878900,1774882500,short,67644.0,67644.0,68174.06999999999,66583.86000000002,SL,0.0,0.0,4729.42
1774885500,1774886700,long,67731.5,67346.31,67346.31,68501.88,SL,-1.0,-47.29,4682.12
1774887300,1774892700,short,67421.5,66966.57875,67876.42125,66511.6575,SL,1.0,46.82,4728.95
1774902900,1774904700,long,66569.0,66569.0,66466.75,66773.5,SL,0.0,0.0,4728.95
1774912200,1774917300,short,66432.5,66871.91924999999,66871.91924999999,65553.66150000002,SL,-1.0,-47.29,4681.66
1774929300,1774931100,short,67696.0,67696.0,67933.95,67220.1,SL,0.0,0.0,4681.66
1774936500,1774937700,long,67703.0,67399.2835,67399.2835,68310.43299999999,SL,-1.0,-46.82,4634.84
1774938000,1774946700,short,67417.5,66663.7395,67794.38025,66663.7395,Target,2.0,92.7,4727.54
1774956600,1774964700,long,66616.5,67055.10549999999,66177.89450000001,67493.71099999998,SL,1.0,47.28,4774.81
1774969500,1774975200,short,66755.0,67753.35975,67753.35975,64758.28049999999,SL,-1.0,-47.75,4727.06
1775002800,1775004600,short,68104.0,68104.0,68338.65225,67634.6955,SL,0.0,0.0,4727.06
1775005500,1775007300,long,68286.5,67797.58425,67797.58425,69264.3315,SL,-1.0,-47.27,4679.79
1775013900,1775021100,long,67926.5,68718.06449999998,67530.71775000001,68718.06449999998,Target,2.0,93.6,4773.39
1775030700,1775047200,short,68663.5,68663.5,69005.4855,67979.52900000001,SL,0.0,0.0,4773.39
1775055300,1775064000,long,68578.0,68578.0,68187.38925000001,69359.22149999999,SL,0.0,0.0,4773.39
1775064900,1775096400,short,68387.5,66793.35,69184.575,66793.35,Target,2.0,95.47,4868.86
1775110200,1775110500,long,66546.5,66546.5,66335.31575000001,66968.86849999998,SL,0.0,0.0,4868.86
1775119500,1775131500,short,66490.0,66190.622,66789.378,65891.244,SL,1.0,48.69,4917.55
1775139300,1775151000,long,66363.5,67051.85399999999,65675.14600000001,67740.20799999998,SL,1.0,49.18,4966.72
1775152800,1775315400,short,66648.0,67372.66949999999,67372.66949999999,65198.66100000002,SL,-1.0,-49.67,4917.05
1775325300,1775329500,short,67297.5,67426.69649999999,67426.69649999999,67039.10700000002,SL,-1.0,-49.17,4867.88
1775330400,1775332800,long,67422.0,67201.88225000001,67201.88225000001,67862.23549999998,SL,-1.0,-48.68,4819.2
1775339700,1775350200,long,67391.0,67196.88475,67196.88475,67779.2305,SL,-1.0,-48.19,4771.01
1775358300,1775362200,long,67156.5,67057.95425000001,67057.95425000001,67353.59149999998,SL,-1.0,-47.71,4723.3
1775364000,1775368200,long,67137.0,67007.4795,67007.4795,67396.041,SL,-1.0,-47.23,4676.07
1775377800,1775383800,long,66840.0,66947.383,66732.617,67054.766,SL,1.0,46.76,4722.83
1775390100,1775392200,short,66974.5,66863.474,67085.526,66752.448,SL,1.0,47.23,4770.06
1775398200,1775402700,long,66905.5,67082.88075,66728.11925,67260.2615,SL,1.0,47.7,4817.76
1775418900,1775421300,short,67291.0,67578.77249999999,67578.77249999999,66715.45500000002,SL,-1.0,-48.18,4769.58
1775428500,1775428800,short,67478.0,67812.38925,67812.38925,66809.22150000001,SL,-1.0,-47.7,4721.89
1775429100,1775433600,long,67965.0,69324.31899999999,67285.3405,69324.31899999999,Target,2.0,94.44,4816.32
1775440200,1775441400,short,68774.0,69001.98375,69001.98375,68318.0325,SL,-1.0,-48.16,4768.16
1775442000,1775468100,long,69238.5,69764.87324999999,68712.12675000001,70291.24649999998,SL,1.0,47.68,4815.84
1775475300,1775477100,short,69659.0,69541.62925,69776.37075,69424.2585,SL,1.0,48.16,4864.0
1775486400,1775487000,long,69306.0,69479.5835,69132.4165,69653.16699999999,SL,1.0,48.64,4912.64
1775487300,1775490000,short,69591.5,69823.8945,69823.8945,69126.71100000001,SL,-1.0,-49.13,4863.51
1775496000,1775577600,short,69332.5,68308.33925,70356.66075,67284.17850000001,SL,1.0,48.64,4912.15
1775589000,1775589300,short,68380.0,68711.83875,68711.83875,67716.32250000001,SL,-1.0,-49.12,4863.03
1775589900,1775591100,long,68581.5,68581.5,68288.33875000001,69167.82249999998,SL,0.0,0.0,4863.03
1775611800,1775627400,short,71457.5,71776.37024999999,71776.37024999999,70819.75950000001,SL,-1.0,-48.63,4814.4
1775634600,1775639100,short,71566.0,71917.44075,71917.44075,70863.11850000001,SL,-1.0,-48.14,4766.25
1775641500,1775651700,short,71567.5,71898.43125,71898.43125,70905.63750000001,SL,-1.0,-47.66,4718.59
1775656800,1775748000,short,71566.5,71566.5,72622.79325,69453.9135,SL,0.0,0.0,4718.59
1775758800,1775768700,short,71897.0,72479.72175,72479.72175,70731.5565,SL,-1.0,-47.19,4671.4
1775775900,1775830200,short,71864.0,72643.80374999999,72643.80374999999,70304.39250000002,SL,-1.0,-46.71,4624.69
1775836800,1775853000,short,72429.0,73265.11425,73265.11425,70756.7715,SL,-1.0,-46.25,4578.44
1775857200,1775874600,short,73015.0,73015.0,73324.14375,72396.7125,SL,0.0,0.0,4578.44
1775880300,1775899200,short,72833.5,72833.5,73030.497,72439.506,SL,0.0,0.0,4578.44
1775899800,1775913000,long,72830.5,72550.7065,72550.7065,73390.087,SL,-1.0,-45.78,4532.66
1775913300,1775925600,short,72570.5,72989.47649999999,72989.47649999999,71732.54700000002,SL,-1.0,-45.33,4487.33
1775940000,1775957400,short,73272.0,72939.71625,73604.28375,72607.4325,SL,1.0,44.87,4532.21
1775973000,1775991000,long,71714.0,71421.2715,71421.2715,72299.457,SL,-1.0,-45.32,4486.88
1776011400,1776026400,long,70892.5,71175.28649999999,70751.10675,71175.28649999999,Target,2.0,89.74,4576.62
1776031800,1776087900,short,70905.0,71375.67,71375.67,69963.66,SL,-1.0,-45.77,4530.85
1776105000,1776105300,short,72131.5,72273.61875,72273.61875,71847.26250000001,SL,-1.0,-45.31,4485.55
1776105600,1776108000,long,72258.5,72546.00349999999,71970.99650000001,72833.50699999998,SL,1.0,44.86,4530.4
1776128400,1776132600,short,74130.0,74468.21549999999,74468.21549999999,73453.56900000002,SL,-1.0,-45.3,4485.1
1776137400,1776138000,short,74261.5,74426.1945,74426.1945,73932.111,SL,-1.0,-44.85,4440.25
1776138600,1776146100,long,74406.0,74182.39025000001,74182.39025000001,74853.21949999998,SL,-1.0,-44.4,4395.84
1776148200,1776150300,long,74355.5,74622.063,74088.937,74888.62599999999,SL,1.0,43.96,4439.8
1776160500,1776173400,short,74426.5,74785.87425,74785.87425,73707.75150000001,SL,-1.0,-44.4,4395.4
1776179700,1776182700,short,74720.0,75495.72899999999,75495.72899999999,73168.54200000002,SL,-1.0,-43.95,4351.45
1776186000,1776211500,short,74605.0,74605.0,75368.6655,73077.669,SL,0.0,0.0,4351.45
1776220500,1776249900,short,74172.0,74172.0,74698.3305,73119.339,SL,0.0,0.0,4351.45
1776250500,1776256500,long,73966.0,74214.37724999999,73717.62275000001,74462.75449999998,SL,1.0,43.51,4394.97
1776261000,1776263100,short,73894.5,74441.70225,74441.70225,72800.0955,SL,-1.0,-43.95,4351.02
1776263400,1776267000,long,74396.5,73752.60525000001,73752.60525000001,75684.28949999998,SL,-1.0,-43.51,4307.51
1776270900,1776279900,long,73994.5,74613.22199999998,73685.13900000001,74613.22199999998,Target,2.0,86.15,4393.66
1776288900,1776290400,short,74528.0,74860.91175,74860.91175,73862.1765,SL,-1.0,-43.94,4349.72
1776295500,1776307500,short,74673.0,75220.09125,75220.09125,73578.8175,SL,-1.0,-43.5,4306.22
1776322200,1776325500,short,74969.0,74725.94700000001,75090.52649999999,74725.94700000001,Target,2.0,86.12,4392.35
1776331800,1776333000,long,74791.0,74562.7,74562.7,75247.6,SL,-1.0,-43.92,4348.42
1776333300,1776340800,short,74618.5,74618.5,74910.93675,74033.62650000001,SL,0.0,0.0,4348.42
1776341100,1776347400,long,74708.5,74272.34525,74272.34525,75580.8095,SL,-1.0,-43.48,4304.94
1776348000,1776365400,short,73762.5,75026.4945,75026.4945,71234.511,SL,-1.0,-43.05,4261.89
1776375300,1776409200,short,74950.0,74950.0,75291.627,74266.74600000001,SL,0.0,0.0,4261.89
1776422400,1776428700,short,75152.5,75851.90699999999,75851.90699999999,73753.68600000002,SL,-1.0,-42.62,4219.27
1776446400,1776507000,short,77455.5,76192.45200000002,78087.02399999999,76192.45200000002,Target,2.0,84.39,4303.66
1776516900,1776519000,long,76184.5,75962.0,75962.0,76629.5,SL,-1.0,-43.04,4260.62
1776522300,1776522600,long,75979.5,76010.50199999998,75963.99900000001,76010.50199999998,Target,2.0,85.21,4345.83
1776523200,1776528900,long,76211.0,75891.53525,75891.53525,76849.9295,SL,-1.0,-43.46,4302.37
1776544800,1776558000,long,75716.0,75531.71525000001,75531.71525000001,76084.56949999998,SL,-1.0,-43.02,4259.35
1776558300,1776583200,short,75553.0,74975.196,75841.902,74975.196,Target,2.0,85.19,4344.54
1776596400,1776596700,long,75175.5,75175.5,74969.49650000001,75587.50699999998,SL,0.0,0.0,4344.54
1776613500,1776618300,short,75669.0,75186.94350000001,76151.05649999999,74704.88700000002,SL,1.0,43.45,4387.98
1776628500,1776628800,long,74892.0,74765.59850000001,74765.59850000001,75144.80299999999,SL,-1.0,-43.88,4344.1
1776629400,1776634500,short,74759.0,74759.0,75034.4985,74208.003,SL,0.0,0.0,4344.1
1776645000,1776669600,long,74181.0,75266.67499999999,73638.1625,75266.67499999999,Target,2.0,86.88,4430.98
1776675600,1776675900,short,74691.0,74937.45,74937.45,74198.1,SL,-1.0,-44.31,4386.67
1776676500,1776688800,long,74996.0,74996.0,74526.21825,75935.56349999999,SL,0.0,0.0,4386.67
1776691500,1776692100,short,74967.0,75381.67199999999,75381.67199999999,74137.65600000002,SL,-1.0,-43.87,4342.81
1776695400,1776696900,long,75520.0,74934.51400000001,74934.51400000001,76690.97199999998,SL,-1.0,-43.43,4299.38
1776697500,1776698700,short,74760.0,75672.81749999999,75672.81749999999,72934.36500000002,SL,-1.0,-42.99,4256.39
1776699300,1776740400,long,75531.0,75531.0,74621.67050000001,77349.65899999999,SL,0.0,0.0,4256.39
1776747000,1776747900,long,75683.5,75846.27924999999,75520.72075000001,76009.05849999998,SL,1.0,42.56,4298.95
1776752700,1776753000,short,75673.5,75830.8965,75830.8965,75358.707,SL,-1.0,-42.99,4255.96
1776753600,1776761100,long,75982.5,76707.158,75620.171,76707.158,Target,2.0,85.12,4341.08
1776772800,1776774900,short,76410.0,76410.0,76688.325,75853.35,SL,0.0,0.0,4341.08
1776782400,1776783300,long,76275.5,75641.1605,75641.1605,77544.179,SL,-1.0,-43.41,4297.67
1776784200,1776803100,short,75689.0,75689.0,76599.2805,73868.43900000001,SL,0.0,0.0,4297.67
1776803700,1776826200,long,75753.5,77451.44199999998,74904.52900000001,77451.44199999998,Target,2.0,85.95,4383.62
1776848100,1776855600,short,78015.0,78223.09199999999,78223.09199999999,77598.81600000002,SL,-1.0,-43.84,4339.79
1776876600,1776900000,short,78803.5,78399.91625000001,79207.08374999999,77996.33250000002,SL,1.0,43.4,4383.18
1776906300,1776906900,long,78260.0,78182.38925000001,78182.38925000001,78415.22149999999,SL,-1.0,-43.83,4339.35
1776920100,1776925200,long,77864.0,78269.69999999998,77661.15000000001,78269.69999999998,Target,2.0,86.79,4426.14
1776931200,1776934200,short,78009.5,77828.42425000001,78190.57574999999,77647.34850000002,SL,1.0,44.26,4470.4
1776945300,1776957300,long,77661.0,78376.342,77303.329,78376.342,Target,2.0,89.41,4559.81
1776964200,1776966600,short,77684.5,77684.5,78452.70675,76148.0865,SL,0.0,0.0,4559.81
1776969600,1776970500,long,78017.5,77651.155,77651.155,78750.19,SL,-1.0,-45.6,4514.21
1776971100,1776981900,short,77584.5,78118.0395,78118.0395,76517.421,SL,-1.0,-45.14,4469.07
1776993900,1776996000,short,77990.0,78461.71125,78461.71125,77046.57750000001,SL,-1.0,-44.69,4424.38
1776996300,1777000800,long,78373.5,77864.0485,77864.0485,79392.40299999999,SL,-1.0,-44.24,4380.13
1777010700,1777017300,long,77877.5,77561.2,77561.2,78510.1,SL,-1.0,-43.8,4336.33
1777019400,1777021500,long,77820.0,77461.74975,77461.74975,78536.5005,SL,-1.0,-43.36,4292.97
1777022100,1777028400,short,77479.5,77889.42525,77889.42525,76659.6495,SL,-1.0,-42.93,4250.04
1777039200,1777040700,short,78050.5,77806.37225,78294.62775,77562.2445,SL,1.0,42.5,4292.54
1777046700,1777047600,long,77943.0,77634.16350000001,77634.16350000001,78560.67299999998,SL,-1.0,-42.93,4249.61
1777064100,1777070100,long,77625.5,77373.79375,77373.79375,78128.9125,SL,-1.0,-42.5,4207.12
1777079400,1777086300,long,77408.0,77550.15225,77265.84775,77692.3045,SL,1.0,42.07,4249.19
1777093800,1777109700,short,77491.0,77637.7995,77637.7995,77197.40100000001,SL,-1.0,-42.49,4206.7
1777116900,1777132200,short,77612.0,77435.62525,77788.37475,77259.2505,SL,1.0,42.07,4248.76
1777132500,1777178700,short,77284.0,77724.34275,77724.34275,76403.31450000001,SL,-1.0,-42.49,4206.28
1777179000,1777227300,long,77700.5,78060.6895,77340.3105,78420.87899999999,SL,1.0,42.06,4248.34
1777239600,1777240200,short,77990.0,78283.12199999999,78283.12199999999,77403.75600000002,SL,-1.0,-42.48,4205.86
1777241100,1777251300,long,78372.0,78984.89899999999,77759.10100000001,79597.79799999998,SL,1.0,42.06,4247.91
1777263600,1777266600,short,78991.0,78459.783,79256.6085,78459.783,Target,2.0,84.96,4332.87
1777280700,1777301700,long,77777.5,77777.5,77461.25,78410.0,SL,0.0,0.0,4332.87
1777302600,1777333800,short,77402.0,77402.0,78271.116,75663.76800000001,SL,0.0,0.0,4332.87
1777340400,1777343700,short,77153.5,76911.3215,77395.6785,76669.14300000001,SL,1.0,43.33,4376.2
1777352400,1777354500,long,76859.0,76859.0,76616.6725,77343.655,SL,0.0,0.0,4376.2
1777358700,1777395000,short,76551.5,76084.51000000001,77018.48999999999,75617.52000000002,SL,1.0,43.76,4419.96
1777395900,1777410900,long,76055.0,76302.9225,75807.0775,76550.845,SL,1.0,44.2,4464.16
1777413000,1777417800,short,76289.5,76289.5,76412.68725,76043.1255,SL,0.0,0.0,4464.16
1777420800,1777423800,long,76291.0,76414.60274999999,76167.39725000001,76538.20549999998,SL,1.0,44.64,4508.8
1777426200,1777427100,short,76182.0,76561.76174999999,76561.76174999999,75422.47650000002,SL,-1.0,-45.09,4463.72
1777427700,1777437600,long,76512.5,77338.63749999998,76099.43125000001,77338.63749999998,Target,2.0,89.27,4552.99
1777444800,1777455900,short,76986.5,77333.14725,77333.14725,76293.20550000001,SL,-1.0,-45.53,4507.46
1777464900,1777470300,short,77293.5,76501.84950000001,77689.32525,76501.84950000001,Target,2.0,90.15,4597.61
1777485900,1777486200,long,75880.0,75802.08,75802.08,76035.84,SL,-1.0,-45.98,4551.63
1777493700,1777494900,long,75484.0,75640.18274999999,75327.81725000001,75796.36549999999,SL,1.0,45.52,4597.15
1777505400,1777509300,short,75733.0,75988.47524999999,75988.47524999999,75222.04950000002,SL,-1.0,-45.97,4551.18
1777509900,1777516500,long,76054.0,75577.69225000001,75577.69225000001,77006.61549999999,SL,-1.0,-45.51,4505.67
1777516800,1777552200,short,75511.5,76350.156,76350.156,73834.188,SL,-1.0,-45.06,4460.61
1777560300,1777563000,short,76289.0,76558.26,76558.26,75750.48000000001,SL,-1.0,-44.61,4416.0
1777567200,1777569300,short,76330.5,76175.7765,76485.2235,76021.05300000001,SL,1.0,44.16,4460.16
1777573500,1777600800,long,76357.0,76607.0725,76106.9275,76857.14499999999,SL,1.0,44.6,4504.77
1777618500,1777623000,short,76960.0,77176.06874999999,77176.06874999999,76527.86250000002,SL,-1.0,-45.05,4459.72
1777629600,1777630800,short,77239.0,77383.6725,77383.6725,76949.655,SL,-1.0,-44.6,4415.12
1777631400,1777634700,long,77316.5,77316.5,77078.94125,77791.6175,SL,0.0,0.0,4415.12
1777653000,1777673700,short,78291.5,78291.5,78681.82125,77510.85750000001,SL,0.0,0.0,4415.12
1777677300,1777681200,short,78074.5,78265.61325,78265.61325,77692.27350000001,SL,-1.0,-44.15,4370.97
1777689600,1777689900,short,78328.5,78356.65875,78356.65875,78272.1825,SL,-1.0,-43.71,4327.26
1777692300,1777704900,short,78306.5,78306.5,78520.74075,77878.0185,SL,0.0,0.0,4327.26
1777709100,1777714500,short,78164.0,78329.14499999999,78329.14499999999,77833.71000000002,SL,-1.0,-43.27,4283.99
1777717500,1777724700,short,78195.0,78195.0,78319.14,77946.72,SL,0.0,0.0,4283.99
1777726200,1777727400,long,78170.5,78283.04849999999,78057.95150000001,78395.59699999998,SL,1.0,42.84,4326.83
1777742700,1777757400,short,78387.5,78503.73225,78503.73225,78155.0355,SL,-1.0,-43.27,4283.56
1777767300,1777789500,short,78530.0,78068.27850000001,78760.86074999999,78068.27850000001,Target,2.0,85.67,4369.23
1777791600,1777808700,long,78248.5,78769.527,77987.9865,78769.527,Target,2.0,87.38,4456.62
1777816200,1777820400,short,78569.0,78752.85674999999,78752.85674999999,78201.28650000002,SL,-1.0,-44.57,4412.05
1777823700,1777836600,short,78621.0,78803.382,78803.382,78256.236,SL,-1.0,-44.12,4367.93
1777837200,1777839600,long,78750.5,78750.5,78600.68000000001,79050.13999999998,SL,0.0,0.0,4367.93
1777845300,1777845600,short,78739.5,78991.476,78991.476,78235.54800000001,SL,-1.0,-43.68,4324.25
1777846200,1777850400,long,78920.0,78920.0,78569.6955,79620.609,SL,0.0,0.0,4324.25
1777851000,1777859700,short,78593.0,79299.62999999999,79299.62999999999,77179.74000000002,SL,-1.0,-43.24,4281.01
1777872600,1777888800,short,79960.0,79509.815,80410.185,79059.63,SL,1.0,42.81,4323.82
1777889400,1777905900,short,78784.0,79934.44725,79934.44725,76483.1055,SL,-1.0,-43.24,4280.58
1777920900,1777931400,short,80010.5,80310.63524999999,80310.63524999999,79410.22950000002,SL,-1.0,-42.81,4237.77
1777935600,1777941000,short,80019.0,80019.0,80314.63725,79427.7255,SL,0.0,0.0,4237.77
1777942200,1777947900,long,80010.5,80487.312,79772.094,80487.312,Target,2.0,84.76,4322.53
1777962600,1777965600,short,80780.0,81017.48849999999,81017.48849999999,80305.02300000002,SL,-1.0,-43.23,4279.3
1777968600,1777979400,short,80836.0,80836.0,81148.05374999999,80211.89250000002,SL,0.0,0.0,4279.3
1777991100,1778011200,short,81193.0,81655.30725,81655.30725,80268.3855,SL,-1.0,-42.79,4236.51
1778016900,1778021400,short,81270.5,81270.5,81785.8725,80239.755,SL,0.0,0.0,4236.51
1778030400,1778065500,long,81240.0,82428.68599999999,80645.657,82428.68599999999,Target,2.0,84.73,4321.24
1778072400,1778074500,short,82187.5,81920.29325,82454.70675,81653.0865,SL,1.0,43.21,4364.45
1778084100,1778085000,long,81707.0,81409.27500000001,81409.27500000001,82302.44999999998,SL,-1.0,-43.64,4320.81
1778097900,1778108400,long,81578.0,81167.39600000001,81167.39600000001,82399.20799999998,SL,-1.0,-43.21,4277.6
1778112000,1778113200,long,81385.0,81235.86175000001,81235.86175000001,81683.27649999998,SL,-1.0,-42.78,4234.82
1778114100,1778130600,short,81127.0,81127.0,81480.72,80419.56,SL,0.0,0.0,4234.82
1778134800,1778135400,short,80925.0,81088.02375,81088.02375,80598.95250000001,SL,-1.0,-42.35,4192.48
1778136000,1778148600,long,81248.5,80801.579,80801.579,82142.342,SL,-1.0,-41.92,4150.55
1778154600,1778154900,long,80812.0,80848.408,80775.592,80884.81599999999,SL,1.0,41.51,4192.06
1778156400,1778160900,long,80955.5,80695.632,80695.632,81475.236,SL,-1.0,-41.92,4150.14
1778161200,1778166900,short,80646.0,80139.94425,81152.05575,79633.8885,SL,1.0,41.5,4191.64
1778177100,1778191500,long,80110.0,79577.69125,79577.69125,81174.6175,SL,-1.0,-41.92,4149.72
1778195100,1778202600,long,79921.0,79654.65275000001,79654.65275000001,80453.69449999998,SL,-1.0,-41.5,4108.22
1778213400,1778219700,long,79606.5,79606.5,79480.73975000001,79858.02049999998,SL,0.0,0.0,4108.22
1778220600,1778229300,short,79474.0,79788.37425,79788.37425,78845.25150000001,SL,-1.0,-41.08,4067.14
1778245500,1778249700,short,80017.5,80017.5,80492.226,79068.04800000001,SL,0.0,0.0,4067.14
1778250300,1778445000,long,80219.0,80957.26024999999,79480.73975000001,81695.52049999998,SL,1.0,40.67,4107.81
1778451600,1778457300,long,81315.0,82055.80725,80574.19275,82796.6145,SL,1.0,41.08,4148.89
1778459700,1778493900,short,81717.5,81042.8245,82392.1755,80368.149,SL,1.0,41.49,4190.38
1778506800,1778513100,short,80825.0,81341.65049999999,81341.65049999999,79791.69900000002,SL,-1.0,-41.9,4148.48
1778513700,1778517600,long,81177.0,81597.89825,80756.10175,82018.7965,SL,1.0,41.48,4189.96
1778532300,1778548500,short,81784.5,81248.4885,82052.50575,81248.4885,Target,2.0,83.8,4273.76
1778561100,1778569200,long,81217.5,80924.01775,80924.01775,81804.4645,SL,-1.0,-42.74,4231.02
1778587500,1778589000,long,80713.5,80713.5,80561.69900000001,81017.10199999998,SL,0.0,0.0,4231.02
1778592900,1778604300,short,80605.5,79938.60150000002,80938.94924999999,79938.60150000002,Target,2.0,84.62,4315.64
1778607600,1778637600,long,80439.0,80902.50774999999,79975.49225000001,81366.01549999998,SL,1.0,43.16,4358.8
1778650500,1778662800,short,81031.0,81245.10225,81245.10225,80602.79550000001,SL,-1.0,-43.59,4315.21
1778668500,1778674800,short,80891.0,80473.36600000001,81308.63399999999,80055.73200000002,SL,1.0,43.15,4358.36
1778693700,1778697600,long,79316.5,79608.53199999999,79024.46800000001,79900.56399999998,SL,1.0,43.58,4401.95
1778700900,1778702400,short,79472.0,79619.28975,79619.28975,79177.42050000001,SL,-1.0,-44.02,4357.93
1778707200,1778733900,short,79378.0,79378.0,79769.36475,78595.27050000001,SL,0.0,0.0,4357.93
1778734200,1778737800,long,79401.5,79876.7035,79163.89825,79876.7035,Target,2.0,87.16,4445.09
1778751300,1778757900,short,79687.5,79242.63,79909.935,79242.63,Target,2.0,88.9,4533.99
1778762700,1778769900,long,79643.5,80526.7415,79201.87925,80526.7415,Target,2.0,90.68,4624.67
1778786400,1778786700,short,81551.0,81392.66575,81709.33425,81234.3315,SL,1.0,46.25,4670.91
1778795100,1778799900,long,81421.0,81181.88875,81181.88875,81899.2225,SL,-1.0,-46.71,4624.21
1778800500,1778805000,short,81217.0,81571.7655,81571.7655,80507.46900000001,SL,-1.0,-46.24,4577.96
1778809800,1778812800,short,81263.0,80933.224,81592.776,80603.448,SL,1.0,45.78,4623.74
1778815800,1778816100,long,81213.5,81050.95425000001,81050.95425000001,81538.59149999998,SL,-1.0,-46.24,4577.51
1778816400,1778827200,short,80928.5,80581.3825,81275.6175,80234.26500000001,SL,1.0,45.78,4623.28
1778829600,1778832000,long,80689.5,80689.5,80469.24525,81130.00949999999,SL,0.0,0.0,4623.28
1778833800,1778851800,short,80497.0,79748.169,80871.4155,79748.169,Target,2.0,92.47,4715.75
1778863200,1778868900,long,79276.0,79276.0,79061.94925,79704.10149999999,SL,0.0,0.0,4715.75
1778870400,1778913900,short,79236.0,78625.49850000002,79541.25074999999,78625.49850000002,Target,2.0,94.31,4810.06
1778931300,1778934300,long,78103.5,77899.031,77899.031,78512.438,SL,-1.0,-48.1,4761.96
1778942400,1778979300,long,78080.0,77812.0745,77812.0745,78615.851,SL,-1.0,-47.62,4714.34
1778988300,1778994900,long,77961.5,78150.40574999999,77772.59425000001,78339.31149999998,SL,1.0,47.14,4761.48
1778999700,1779011700,short,78064.5,78213.58725,78213.58725,77766.3255,SL,-1.0,-47.61,4713.87
1779023400,1779044700,short,78251.5,78251.5,78554.25749999999,77645.98500000002,SL,0.0,0.0,4713.87
1779056100,1779061200,short,78099.0,77344.563,78476.2185,77344.563,Target,2.0,94.28,4808.15
1779078000,1779078300,long,76948.0,76820.07075,76820.07075,77203.8585,SL,-1.0,-48.08,4760.07
1779078600,1779081000,short,76787.5,77053.50749999999,77053.50749999999,76255.48500000002,SL,-1.0,-47.6,4712.46
1779084000,1779084600,short,76875.0,76671.48000000001,77078.51999999999,76467.96000000002,SL,1.0,47.12,4759.59
1779088500,1779102600,long,76912.5,76651.655,76651.655,77434.19,SL,-1.0,-47.6,4711.99
1779104700,1779113700,long,77330.0,76588.68650000001,76588.68650000001,78812.62699999998,SL,-1.0,-47.12,4664.87
1779124200,1779128100,long,76530.0,76298.33175,76298.33175,76993.3365,SL,-1.0,-46.65,4618.22
1779128700,1779130800,short,76279.0,76765.86374999999,76765.86374999999,75305.27250000002,SL,-1.0,-46.18,4572.04
1779131700,1779152400,long,76597.5,77047.093,76147.907,77496.68599999999,SL,1.0,45.72,4617.76
1779153900,1779201900,short,76856.5,76397.3615,77315.6385,75938.223,SL,1.0,46.18,4663.94
1779208800,1779228900,long,76671.0,76671.0,76339.31125,77334.3775,SL,0.0,0.0,4663.94
1779234000,1779235800,long,76910.0,76638.16175,76638.16175,77453.6765,SL,-1.0,-46.64,4617.3
1779236100,1779253500,short,76544.5,76948.455,76948.455,75736.59,SL,-1.0,-46.17,4571.13
1779265800,1779266100,short,77246.5,77340.651,77340.651,77058.198,SL,-1.0,-45.71,4525.42
1779266400,1779284100,long,77550.5,77131.91475000001,77131.91475000001,78387.67049999998,SL,-1.0,-45.25,4480.16
1779288900,1779290100,long,77494.0,77494.0,77199.88075000001,78082.23849999998,SL,0.0,0.0,4480.16
1779294600,1779297900,short,77056.0,77569.26525,77569.26525,76029.4695,SL,-1.0,-44.8,4435.36
1779298200,1779326100,long,77538.5,77923.59599999999,77153.40400000001,78308.69199999998,SL,1.0,44.35,4479.71
1779341100,1779350100,short,77861.0,77861.0,78140.0505,77302.899,SL,0.0,0.0,4479.71
1779350700,1779359100,long,77980.5,77531.21500000001,77531.21500000001,78879.06999999998,SL,-1.0,-44.8,4434.92
1779377400,1779386100,long,77231.5,78047.362,76823.569,78047.362,Target,2.0,88.7,4523.62
1779390000,1779463500,short,77352.5,76812.57325,77892.42675,76272.6465,SL,1.0,45.24,4568.85
1779468600,1779470400,long,76924.0,76733.614,76733.614,77304.772,SL,-1.0,-45.69,4523.16
1779472800,1779475500,short,76715.0,76321.46500000001,77108.53499999999,75927.93000000002,SL,1.0,45.23,4568.4
1779504600,1779518100,long,75518.0,75394.78375,75394.78375,75764.4325,SL,-1.0,-45.68,4522.71
1779532800,1779541200,long,74748.0,74748.0,74603.17975000001,75037.64049999998,SL,0.0,0.0,4522.71
1779541800,1779547500,long,74919.0,75455.688,74650.656,75455.688,Target,2.0,90.45,4613.17
1779557400,1779558600,short,75444.0,75444.0,75529.746,75272.508,SL,0.0,0.0,4613.17
1779559500,1779559800,long,75481.5,75666.16725,75296.83275,75850.8345,SL,1.0,46.13,4659.3
1779576300,1779577500,short,76525.0,76740.351,76740.351,76094.29800000001,SL,-1.0,-46.59,4612.7
1779578100,1779600300,long,76658.0,76658.0,76381.29025,77211.41949999999,SL,0.0,0.0,4612.7
1779603000,1779608700,long,76800.0,76800.0,76573.19425,77253.6115,SL,0.0,0.0,4612.7
1779609900,1779614400,short,76756.0,76915.43849999999,76915.43849999999,76437.12300000002,SL,-1.0,-46.13,4566.58
1779625800,1779631800,short,77043.5,76461.204,77334.648,76461.204,Target,2.0,91.33,4657.91
1779640200,1779658500,long,76561.0,76280.8405,76280.8405,77121.31899999999,SL,-1.0,-46.58,4611.33
1779661200,1779756000,long,76818.5,76818.5,76021.97,78411.56,SL,0.0,0.0,4611.33
1779770100,1779777600,long,76727.5,76924.2845,76530.7155,77121.06899999999,SL,1.0,46.11,4657.44
1779780000,1779791100,short,76653.0,76984.97325,76984.97325,75989.05350000001,SL,-1.0,-46.57,4610.87
1779798000,1779803100,short,77032.5,77032.5,77293.12724999999,76511.24550000002,SL,0.0,0.0,4610.87
1779804300,1779805800,long,77145.5,77683.32299999999,76607.67700000001,78221.14599999998,SL,1.0,46.11,4656.98
1779807600,1779918000,short,76874.0,74426.94150000002,78097.52924999999,74426.94150000002,Target,2.0,93.14,4750.12
1779929400,1779930900,long,74499.5,74307.32775000001,74307.32775000001,74883.84449999998,SL,-1.0,-47.5,4702.62
1779931500,1779932400,short,74422.5,74234.7135,74610.2865,74046.927,SL,1.0,47.03,4749.64
1779952200,1779977100,long,73206.5,72699.632,72699.632,74220.236,SL,-1.0,-47.5,4702.15
1779985500,1780023000,long,73242.5,73242.5,72674.14475,74379.21049999999,SL,0.0,0.0,4702.15
1780030800,1780036200,long,73474.0,73703.6405,73244.3595,73933.28099999999,SL,1.0,47.02,4749.17
1780040700,1780046100,short,73375.5,73841.40225,73841.40225,72443.6955,SL,-1.0,-47.49,4701.67
1780049700,1780056900,short,73676.0,73296.171,73865.9145,73296.171,Target,2.0,94.03,4795.71
1780067700,1780314900,long,73662.5,72507.22825,72507.22825,75973.0435,SL,-1.0,-47.96,4747.75
1780333500,1780350000,long,71574.5,70989.4875,70989.4875,72744.525,SL,-1.0,-47.48,4700.27
1780354800,1780363800,long,71384.5,71020.97175,71020.97175,72111.5565,SL,-1.0,-47.0,4653.27
1780364100,1780365900,short,70944.5,70489.81825000001,71399.18174999999,70035.13650000002,SL,1.0,46.53,4699.8
1780370400,1780378200,long,70887.0,70521.7215,70521.7215,71617.557,SL,-1.0,-47.0,4652.81
1780431600,1780434300,long,67117.5,67730.3445,66811.07775,67730.3445,Target,2.0,93.06,4745.86
1780438800,1780445700,short,67039.0,67039.0,67750.8585,65615.283,SL,0.0,0.0,4745.86
1780446600,1780446900,long,66757.5,67089.125,66591.6875,67089.125,Target,2.0,94.92,4840.78
1780447200,1780450800,long,67021.0,66591.6875,66591.6875,67879.625,SL,-1.0,-48.41,4792.37
1780451100,1780458900,short,66494.5,65937.99125,67051.00875,65381.48250000001,SL,1.0,47.92,4840.29
1780462200,1780462800,long,66429.0,66603.64375,66254.35625,66778.2875,SL,1.0,48.4,4888.7
1780475400,1780479900,short,67006.5,67006.5,67308.6375,66402.225,SL,0.0,0.0,4888.7
1780481400,1780499100,long,67419.0,66593.18675000001,66593.18675000001,69070.62649999998,SL,-1.0,-48.89,4839.81
1780513200,1780514400,long,66013.0,65733.117,65733.117,66572.766,SL,-1.0,-48.4,4791.41
1780523700,1780524900,long,65649.5,65233.367000000006,65233.367000000006,66481.76599999999,SL,-1.0,-47.91,4743.5
1780525500,1780532400,short,65207.5,63938.69100000002,65841.90449999999,63938.69100000002,Target,2.0,94.87,4838.37
1780541400,1780639200,long,63514.5,62082.94300000001,62082.94300000001,66377.61399999999,SL,-1.0,-48.38,4789.98
1780645800,1780667100,long,62823.0,61446.76125,61446.76125,65575.4775,SL,-1.0,-47.9,4742.09
1780677300,1780684800,long,60795.5,59714.62775000001,59714.62775000001,62957.244499999986,SL,-1.0,-47.42,4694.66
1780690500,1780720200,long,60832.5,59498.73575,59498.73575,63500.0285,SL,-1.0,-46.95,4647.72
1780724100,1780821900,long,60600.0,62689.58499999999,59555.207500000004,62689.58499999999,Target,2.0,92.95,4740.67
1780827300,1780832400,short,62385.5,62654.311499999996,62654.311499999996,61847.87700000001,SL,-1.0,-47.41,4693.27
1780834800,1780870200,short,61987.0,61987.0,62767.86825,60425.2635,SL,0.0,0.0,4693.27
1780882200,1780918500,short,62804.5,63738.8535,63738.8535,60935.793000000005,SL,-1.0,-46.93,4646.33
1780920600,1780923300,short,62998.0,63887.427749999995,63887.427749999995,61219.14450000001,SL,-1.0,-46.46,4599.87
1780935600,1780936200,short,63922.0,63808.9985,64035.0015,63695.997,SL,1.0,46.0,4645.87
1780936800,1780943400,short,63663.5,63663.5,64053.510749999994,62883.47850000001,SL,0.0,0.0,4645.87
1780953000,1780956900,long,63756.0,63203.38250000001,63203.38250000001,64861.234999999986,SL,-1.0,-46.46,4599.41
1780957200,1780979700,short,63232.5,63232.5,63846.907499999994,62003.68500000001,SL,0.0,0.0,4599.41
1780990500,1781002500,short,63128.0,62794.285,63461.715,62460.57000000001,SL,1.0,45.99,4645.4
1781007300,1781008800,long,62810.0,62502.233250000005,62502.233250000005,63425.53349999999,SL,-1.0,-46.45,4598.95
1781025300,1781083200,long,61581.5,60730.6195,60730.6195,63283.261,SL,-1.0,-45.99,4552.96
1781088600,1781089200,long,61308.0,61092.438500000004,61092.438500000004,61739.12299999999,SL,-1.0,-45.53,4507.43
1781089800,1781094600,short,61066.5,61442.706,61442.706,60314.088,SL,-1.0,-45.07,4462.36
1781095200,1781106600,long,61677.0,62365.00975,60988.99025,63053.019499999995,SL,1.0,44.62,4506.98
1781110500,1781112300,short,62141.0,62141.0,62421.69525,61579.609500000006,SL,0.0,0.0,4506.98
1781121300,1781125500,long,61919.5,61621.174000000006,61621.174000000006,62516.15199999999,SL,-1.0,-45.07,4461.91
1781135100,1781142000,long,61524.0,62349.14199999999,61111.429000000004,62349.14199999999,Target,2.0,89.24,4551.15
1781162700,1781163600,short,62747.5,62657.096750000004,62837.903249999996,62566.69350000001,SL,1.0,45.51,4596.66
1781163900,1781165400,short,62654.0,62850.409499999994,62850.409499999994,62261.18100000001,SL,-1.0,-45.97,4550.69
1781165700,1781175300,long,62806.5,63057.793249999995,62555.206750000005,63309.08649999999,SL,1.0,45.51,4596.2
1781181000,1781199000,short,62667.0,63212.090249999994,63212.090249999994,61576.81950000001,SL,-1.0,-45.96,4550.24
1781199600,1781447100,long,63209.0,64130.65925,62287.34075,65052.318499999994,SL,1.0,45.5,4595.74
1781454900,1781455800,long,64156.5,63944.511750000005,63944.511750000005,64580.47649999999,SL,-1.0,-45.96,4549.78
1781456400,1781471700,short,63919.5,64222.094999999994,64222.094999999994,63314.31000000001,SL,-1.0,-45.5,4504.28
1781486100,1781487300,short,65479.5,65649.8085,65649.8085,65138.883,SL,-1.0,-45.04,4459.24
1781488200,1781499600,long,65599.0,65599.0,65292.837250000004,66211.32549999999,SL,0.0,0.0,4459.24
1781501400,1781515800,long,65807.0,65551.208,65551.208,66318.584,SL,-1.0,-44.59,4414.65
1781519400,1781522100,long,65686.5,66069.02799999999,65495.236000000004,66069.02799999999,Target,2.0,88.29,4502.94
1781533800,1781534100,short,66537.0,66502.731,66571.269,66468.462,SL,1.0,45.03,4547.97
1781544300,1781550900,short,66831.0,66831.0,67215.09075,66062.8185,SL,0.0,0.0,4547.97
1781568900,1781575800,long,66358.0,66127.41975,66127.41975,66819.1605,SL,-1.0,-45.48,4502.49
1781576400,1781580900,short,66035.0,66035.0,66425.69625,65253.60750000001,SL,0.0,0.0,4502.49
1781582100,1781601600,long,66080.5,66576.30875,65584.69125,67072.1175,SL,1.0,45.02,4547.52
1781604600,1781605200,short,66553.0,66740.3535,66740.3535,66178.293,SL,-1.0,-45.48,4502.04
1781605800,1781607900,long,66639.5,66434.26625,66434.26625,67049.9675,SL,-1.0,-45.02,4457.02
1781612700,1781613600,long,66527.0,66527.0,66318.82400000001,66943.35199999998,SL,0.0,0.0,4457.02
1781614800,1781619300,short,66396.5,65965.10275,66827.89725,65533.70550000001,SL,1.0,44.57,4501.59
1781632500,1781634000,long,65923.0,65923.0,65650.65825000001,66467.68349999998,SL,0.0,0.0,4501.59
1781636700,1781662800,short,65696.5,65989.9785,65989.9785,65109.543000000005,SL,-1.0,-45.02,4456.58
1781666700,1781671500,short,65700.0,65919.9435,65919.9435,65260.11300000001,SL,-1.0,-44.57,4412.01
1781673900,1781682900,short,65771.0,65487.48925,66054.51075,65203.9785,SL,1.0,44.12,4456.13
1781700900,1781707500,long,64920.5,64920.5,64523.722,65714.056,SL,0.0,0.0,4456.13
1781719800,1781724300,short,65451.5,64702.41625000001,66200.58374999999,63953.33250000002,SL,1.0,44.56,4500.69
1781737200,1781737500,long,64272.0,64272.0,64183.392250000004,64449.21549999999,SL,0.0,0.0,4500.69
1781749500,1781749800,short,64682.0,64675.17175,64688.82825,64668.3435,SL,1.0,45.01,4545.7
1781752800,1781755800,short,64478.5,63857.74350000001,64788.878249999994,63857.74350000001,Target,2.0,90.91,4636.61
1781765100,1781772900,long,64075.0,64362.909499999994,63787.090500000006,64650.81899999999,SL,1.0,46.37,4682.98
1781775300,1781779200,short,64275.5,64062.27175000001,64488.72824999999,63849.043500000014,SL,1.0,46.83,4729.81
1781786100,1781790000,long,64178.0,63866.55075,63866.55075,64800.898499999996,SL,-1.0,-47.3,4682.51
1781790600,1781792400,short,64085.0,64085.0,64450.70925,63353.5815,SL,0.0,0.0,4682.51
1781807400,1781820900,long,62832.0,62832.0,62460.754,63574.492,SL,0.0,0.0,4682.51
1781826900,1781838600,long,62925.0,62742.11325,62742.11325,63290.773499999996,SL,-1.0,-46.83,4635.69
1781838900,1781848200,short,62717.5,62717.5,63043.00575,62066.48850000001,SL,0.0,0.0,4635.69
1781849100,1781854500,long,62800.0,62496.23625,62496.23625,63407.5275,SL,-1.0,-46.36,4589.33
1781854800,1781874300,short,62507.0,62867.418,62867.418,61786.164000000004,SL,-1.0,-45.89,4543.44
1781888700,1781913300,short,62898.0,63400.684499999996,63400.684499999996,61892.63100000001,SL,-1.0,-45.43,4498.0
1781922300,1781931900,short,63377.5,63596.782499999994,63596.782499999994,62938.93500000001,SL,-1.0,-44.98,4453.02
1781943000,1781966700,short,63530.0,63530.0,63797.38275,62995.234500000006,SL,0.0,0.0,4453.02
1781967300,1782030900,long,63879.0,63879.0,63232.368,65172.263999999996,SL,0.0,0.0,4453.02
1782035400,1782039900,long,64119.0,64334.9675,63903.0325,64550.935,SL,1.0,44.53,4497.55
1782043200,1782074700,short,64156.5,63896.808000000005,64416.191999999995,63637.11600000001,SL,1.0,44.98,4542.53
1782088800,1782097200,long,63957.5,63957.5,63376.795750000005,65118.90849999999,SL,0.0,0.0,4542.53
1782098100,1782127800,short,64024.0,64593.78075,64593.78075,62884.438500000004,SL,-1.0,-45.43,4497.1
1782139500,1782167700,short,64887.0,63842.6235,65409.18825,63842.6235,Target,2.0,89.94,4587.04
1782176400,1782189600,long,64125.0,63777.0955,63777.0955,64820.808999999994,SL,-1.0,-45.87,4541.17
1782214200,1782219000,long,62522.0,62214.377250000005,62214.377250000005,63137.24549999999,SL,-1.0,-45.41,4495.76
1782223200,1782270900,long,62453.0,62453.0,61895.53675000001,63567.92649999999,SL,0.0,0.0,4495.76
1782277200,1782283500,long,62726.5,62726.5,62474.747,63230.005999999994,SL,0.0,0.0,4495.76
1782284100,1782289800,short,62764.0,62764.0,62925.94725,62440.105500000005,SL,0.0,0.0,4495.76
1782291000,1782295200,long,62729.0,62591.18875,62591.18875,63004.6225,SL,-1.0,-44.96,4450.8
1782302100,1782306300,long,62906.5,62263.8525,62263.8525,64191.795,SL,-1.0,-44.51,4406.3
1782306600,1782313500,short,62224.5,60849.6195,62911.94025,60849.6195,Target,2.0,88.13,4494.42
1782330000,1782331500,long,59809.5,60507.98999999999,59460.255000000005,60507.98999999999,Target,2.0,89.89,4584.31
1782348600,1782363000,short,60812.0,61116.543,61116.543,60202.914000000004,SL,-1.0,-45.84,4538.47
1782378300,1782379800,short,61714.0,61714.0,61811.890499999994,61518.21900000001,SL,0.0,0.0,4538.47
1782404400,1782407100,long,59790.0,59121.924250000004,59121.924250000004,61126.15149999999,SL,-1.0,-45.38,4493.08
1782409500,1782415200,long,59511.5,59200.385,59200.385,60133.729999999996,SL,-1.0,-44.93,4448.15
1782418500,1782424500,long,59558.5,59984.581,59132.419,60410.662,SL,1.0,44.48,4492.63
1782432900,1782435600,short,59866.5,59646.972,60086.028,59427.444,SL,1.0,44.93,4537.56
1782445500,1782461100,long,59476.5,60276.85275,58676.14725,61077.2055,SL,1.0,45.38,4582.93
1782463200,1782466800,short,60208.5,60029.32125,60387.67875,59850.1425,SL,1.0,45.83,4628.76
1782477600,1782477900,long,59291.5,59333.3185,59333.3185,59375.137,SL,1.0,46.29,4675.05
1782478200,1782482100,short,59211.5,60027.998999999996,60027.998999999996,57578.50200000001,SL,-1.0,-46.75,4628.3
1782482400,1782822300,long,60159.5,58769.6005,58769.6005,62939.299,SL,-1.0,-46.28,4582.02
1782828900,1782831600,long,58978.0,58302.33425,58302.33425,60329.3315,SL,-1.0,-45.82,4536.2
1782839700,1782843300,long,58393.0,58536.1395,58249.8605,58679.278999999995,SL,1.0,45.36,4581.56
1782843900,1782846000,long,58415.5,58703.8005,58271.34975,58703.8005,Target,2.0,91.63,4673.19
1782854400,1782867000,short,58589.5,58589.5,58806.388499999994,58155.72300000001,SL,0.0,0.0,4673.19
1782870600,1782916200,long,58780.0,59583.50275,57976.49725,60387.0055,SL,1.0,46.73,4719.92
1782925800,1782926400,short,59858.5,60110.54025,60110.54025,59354.4195,SL,-1.0,-47.2,4672.72
1782927000,1782944400,long,60133.0,60922.768,59738.116,60922.768,Target,2.0,93.45,4766.18
1782947100,1782954600,short,60299.0,59905.168750000004,60692.831249999996,59511.33750000001,SL,1.0,47.66,4813.84
1782956400,1782967200,long,60191.0,60717.846999999994,59664.153000000006,61244.69399999999,SL,1.0,48.14,4861.98
1782971400,1782981900,short,60511.5,60511.5,60887.428499999995,59759.64300000001,SL,0.0,0.0,4861.98
1783003800,1783086600,short,61624.0,62217.59325,62217.59325,60436.813500000004,SL,-1.0,-48.62,4813.36
1783088400,1783091100,short,61786.5,62289.12899999999,62289.12899999999,60781.24200000001,SL,-1.0,-48.13,4765.22
1783093800,1783098300,short,61825.0,62235.602249999996,62235.602249999996,61003.79550000001,SL,-1.0,-47.65,4717.57
1783119300,1783123500,short,62572.5,62725.84725,62725.84725,62265.8055,SL,-1.0,-47.18,4670.4
1783124100,1783127100,long,62811.0,62498.235250000005,62498.235250000005,63436.52949999999,SL,-1.0,-46.7,4623.69
1783127700,1783177500,short,62500.0,62830.89975,62830.89975,61838.200500000006,SL,-1.0,-46.24,4577.46
1783197900,1783200000,short,63272.5,63376.172249999996,63376.172249999996,63065.15550000001,SL,-1.0,-45.77,4531.68
1783203300,1783206600,short,63234.5,63083.82325,63385.17675,62933.1465,SL,1.0,45.32,4577.0
1783225500,1783230000,long,62846.0,62654.65700000001,62654.65700000001,63228.68599999999,SL,-1.0,-45.77,4531.23
1783233600,1783238100,long,62746.0,63000.649999999994,62618.675,63000.649999999994,Target,2.0,90.62,4621.85
1783243800,1783246200,short,62716.5,62716.5,62965.967249999994,62217.56550000001,SL,0.0,0.0,4621.85
1783255500,1783263600,long,62688.0,62831.28799999999,62544.71200000001,62974.57599999999,SL,1.0,46.22,4668.07
1783267200,1783286400,short,62717.5,62912.940749999994,62912.940749999994,62326.61850000001,SL,-1.0,-46.68,4621.39
1783286700,1783290000,long,62855.0,63455.585999999996,62554.707,63455.585999999996,Target,2.0,92.43,4713.82
1783298100,1783298700,short,63448.5,63725.34675,63725.34675,62894.806500000006,SL,-1.0,-47.14,4666.68
1783299300,1783308000,long,63620.5,63285.841250000005,63285.841250000005,64289.81749999999,SL,-1.0,-46.67,4620.01
1783325100,1783326900,long,63150.0,62861.5535,62861.5535,63726.893,SL,-1.0,-46.2,4573.81
1783327200,1783339200,short,62834.5,62404.3835,63264.6165,61974.26700000001,SL,1.0,45.74,4619.55
1783339500,1783353000,short,61901.0,63017.492999999995,63017.492999999995,59668.01400000001,SL,-1.0,-46.2,4573.36
1783368900,1783371900,short,63591.0,63893.43075,63893.43075,62986.1385,SL,-1.0,-45.73,4527.62
1783380600,1783391400,short,64082.5,63519.168000000005,64364.166,63519.168000000005,Target,2.0,90.55,4618.17
1783406400,1783425900,long,63242.0,63555.479999999996,62928.520000000004,63868.95999999999,SL,1.0,46.18,4664.36
1783430400,1783434900,short,63286.0,62948.204000000005,63623.795999999995,62610.40800000001,SL,1.0,46.64,4711.0
1783436700,1783478100,long,63464.5,62618.675,62618.675,65156.149999999994,SL,-1.0,-47.11,4663.89
1783495800,1783498500,long,62786.5,62493.7375,62493.7375,63372.024999999994,SL,-1.0,-46.64,4617.25
1783499400,1783580100,short,62059.5,62954.961749999995,62954.961749999995,60268.57650000001,SL,-1.0,-46.17,4571.08
1783588500,1783600800,short,62843.5,62843.5,63098.5335,62333.433000000005,SL,0.0,0.0,4571.08
1783601100,1783601400,long,62593.5,62618.299999999996,62568.700000000004,62643.09999999999,SL,1.0,45.71,4616.79
1783603200,1783606500,long,62778.5,62778.5,62403.282750000006,63528.93449999999,SL,0.0,0.0,4616.79
1783613700,1783617300,short,62830.5,62830.5,63059.513999999996,62372.47200000001,SL,0.0,0.0,4616.79
1783619100,1783643400,long,63010.5,63010.5,62614.17725,63803.1455,SL,0.0,0.0,4616.79
1783647000,1783647900,long,63379.5,63379.5,62906.03125,64326.4375,SL,0.0,0.0,4616.79
1783665000,1783671300,short,63887.5,64177.57275,64177.57275,63307.3545,SL,-1.0,-46.17,4570.62
1783688100,1783691100,short,64283.0,64530.74924999999,64530.74924999999,63787.50150000001,SL,-1.0,-45.71,4524.92
1783692000,1783692900,long,64458.5,64101.933000000005,64101.933000000005,65171.63399999999,SL,-1.0,-45.25,4479.67
1783693200,1783908900,short,64122.0,63525.15675,64718.84325,62928.313500000004,SL,1.0,44.8,4524.46
1783925700,1783927200,long,62778.0,62778.0,62649.6595,63034.681,SL,0.0,0.0,4524.46
1783939800,1783948800,short,62925.0,62434.86150000001,63170.06924999999,62434.86150000001,Target,2.0,90.49,4614.95
1783954200,1783964100,long,62720.0,62068.950000000004,62068.950000000004,64022.09999999999,SL,-1.0,-46.15,4568.8
1783972200,1783978500,long,62158.5,61947.51075,61947.51075,62580.4785,SL,-1.0,-45.69,4523.11
1783981200,1783983600,long,62187.5,61869.05,61869.05,62824.399999999994,SL,-1.0,-45.23,4477.88
1783985700,1783990500,long,62142.0,62454.43025,61829.56975,62766.860499999995,SL,1.0,44.78,4522.66
1783996800,1783999200,short,62503.5,62380.20225,62626.79775,62256.904500000004,SL,1.0,45.23,4567.89
1783999500,1784001900,short,62347.5,62617.793249999995,62617.793249999995,61806.91350000001,SL,-1.0,-45.68,4522.21
1784010300,1784010900,short,62677.0,62746.3575,62746.3575,62538.285,SL,-1.0,-45.22,4476.99
1784011200,1784011800,long,62637.0,62637.0,62603.6825,62703.634999999995,SL,0.0,0.0,4476.99
1784018700,1784032200,long,62756.5,63046.74875,62466.25125,63336.9975,SL,1.0,44.77,4521.76
1784050200,1784065200,short,64498.5,64805.38649999999,64805.38649999999,63884.72700000001,SL,-1.0,-45.22,4476.54
1784076000,1784087400,short,64806.5,64806.5,65039.003249999994,64341.49350000001,SL,0.0,0.0,4476.54
1784092800,1784094900,short,64656.0,64882.424999999996,64882.424999999996,64203.15000000001,SL,-1.0,-44.77,4431.77
1784095200,1784098200,long,64927.5,64927.5,64591.688,65599.124,SL,0.0,0.0,4431.77
1784100300,1784119800,short,64630.0,64998.48299999999,64998.48299999999,63893.034000000014,SL,-1.0,-44.32,4387.46
1784132400,1784165700,short,65133.0,64652.70975000001,65613.29024999999,64172.41950000002,SL,1.0,43.87,4431.33
1784167200,1784183700,long,64705.5,64705.5,64451.258250000006,65213.98349999999,SL,0.0,0.0,4431.33
1784184600,1784186100,short,64762.5,64613.06025,64911.93975,64463.620500000005,SL,1.0,44.31,4475.65
1784198100,1784205300,long,64239.0,64021.47325,64021.47325,64674.053499999995,SL,-1.0,-44.76,4430.89
1784208900,1784214600,long,64311.0,64311.0,63904.03200000001,65124.93599999999,SL,0.0,0.0,4430.89
1784219400,1784221800,short,64522.5,64273.13025,64771.86975,64023.760500000004,SL,1.0,44.31,4475.2
1784232300,1784235000,long,64206.0,64093.937000000005,64093.937000000005,64430.12599999999,SL,-1.0,-44.75,4430.45
1784240100,1784240400,long,64165.5,64081.443250000004,64081.443250000004,64333.61349999999,SL,-1.0,-44.3,4386.14
1784240700,1784248500,short,64040.0,63599.77200000001,64260.113999999994,63599.77200000001,Target,2.0,87.72,4473.86
1784250900,1784252700,long,63970.5,63597.68525,63597.68525,64716.129499999995,SL,-1.0,-44.74,4429.13
1784253000,1784268600,short,63603.0,62739.99750000001,64034.501249999994,62739.99750000001,Target,2.0,88.58,4517.71
1784280000,1784281500,long,62850.0,62965.382999999994,62734.617000000006,63080.76599999999,SL,1.0,45.18,4562.88
1784292900,1784293500,short,63132.0,62848.758,63273.621,62848.758,Target,2.0,91.26,4654.14
1784297700,1784463900,long,63374.0,64266.75625,62481.24375,65159.5125,SL,1.0,46.54,4700.68
1784469600,1784480400,long,64459.5,64459.5,64309.829000000005,64758.84199999999,SL,0.0,0.0,4700.68
1784484600,1784499300,short,64418.0,64716.842249999994,64716.842249999994,63820.31550000001,SL,-1.0,-47.01,4653.68
1784499600,1784524200,long,64788.5,64284.8415,64284.8415,65795.817,SL,-1.0,-46.54,4607.14
1784534100,1784536500,long,64252.5,63864.052,63864.052,65029.39599999999,SL,-1.0,-46.07,4561.07
1784537400,1784542800,short,64037.5,64371.669749999994,64371.669749999994,63369.16050000001,SL,-1.0,-45.61,4515.46
1784554500,1784554800,short,64662.0,64662.0,64766.367,64453.266,SL,0.0,0.0,4515.46
1784556000,1784559900,short,64321.5,64777.872749999995,64777.872749999995,63408.75450000001,SL,-1.0,-45.15,4470.3
1784560500,1784628900,long,64956.5,66379.77699999999,64244.861500000006,66379.77699999999,Target,2.0,89.41,4559.71
1784631900,1784635800,short,66154.5,66430.69875,66430.69875,65602.10250000001,SL,-1.0,-45.6,4514.11
1784648400,1784652300,short,66666.5,66526.11325000001,66806.88674999999,66385.72650000002,SL,1.0,45.14,4559.25
1784662800,1784672100,long,66449.0,66203.38175,66203.38175,66940.2365,SL,-1.0,-45.59,4513.66
1784676900,1784683200,long,66394.5,66394.5,66173.39675,66836.7065,SL,0.0,0.0,4513.66
1784683800,1784707500,short,66334.0,65985.6755,66682.3245,65637.351,SL,1.0,45.14,4558.8
1784708400,1784724300,long,66049.5,65719.12400000001,65719.12400000001,66710.25199999998,SL,-1.0,-45.59,4513.21
1784728800,1784741100,long,65929.0,65929.0,65505.23100000001,66776.53799999999,SL,0.0,0.0,4513.21
1784743500,1784745000,short,66052.5,65855.892,66249.108,65659.28400000001,SL,1.0,45.13,4558.34
1784752200,1784758800,long,65907.5,65907.5,65726.62025,66269.25949999999,SL,0.0,0.0,4558.34
1784762700,1784764500,short,65942.0,66089.02799999999,66089.02799999999,65647.94400000002,SL,-1.0,-45.58,4512.76
1784769600,1784790600,short,65893.5,65566.9065,66220.0935,65240.312999999995,SL,1.0,45.13,4557.89
1784791200,1784815800,short,65431.5,65029.0995,65833.9005,64626.69899999999,SL,1.0,45.58,4603.47
1784832900,1784840700,long,64858.0,65062.34299999999,64653.65700000001,65266.68599999999,SL,1.0,46.03,4649.5
1784851200,1784852700,short,65078.0,64937.907250000004,65218.092749999996,64797.81450000001,SL,1.0,46.49,4695.99
1784856900,1784866800,long,65108.0,65330.458999999995,64885.541000000005,65552.91799999999,SL,1.0,46.96,4742.95
1784871900,1784873700,short,65280.0,65384.676,65384.676,65070.648,SL,-1.0,-47.43,4695.53
1784874000,1784878500,long,65470.0,65470.0,65219.374,65971.252,SL,0.0,0.0,4695.53
1784881200,1784883600,short,65392.0,65265.75725,65518.24275,65139.514500000005,SL,1.0,46.96,4742.48
1784895600,1784897400,long,65007.5,64794.586500000005,64794.586500000005,65433.32699999999,SL,-1.0,-47.42,4695.06
1784907900,1784969100,long,64145.0,63858.055,63858.055,64718.89,SL,-1.0,-46.95,4648.1
1784973600,1784987100,long,63980.0,64213.89499999999,63863.052500000005,64213.89499999999,Target,2.0,92.96,4741.07
1784996100,1784997000,short,64192.0,64138.893500000006,64245.106499999994,64085.78700000001,SL,1.0,47.41,4788.48
1784998500,1785002400,long,64182.5,64300.0485,64064.9515,64417.596999999994,SL,1.0,47.88,4836.36
1785011100,1785015900,short,64350.5,64350.5,64443.705749999994,64164.08850000001,SL,0.0,0.0,4836.36
1785016500,1785027600,long,64327.0,64446.61975,64207.38025,64566.239499999996,SL,1.0,48.36,4884.73
1785033900,1785034200,short,64416.0,64498.23299999999,64498.23299999999,64251.534000000014,SL,-1.0,-48.85,4835.88
1785034800,1785043800,long,64496.5,64371.798,64371.798,64745.903999999995,SL,-1.0,-48.36,4787.52
1785055200,1785062700,long,64380.5,64544.8305,64298.33475,64544.8305,Target,2.0,95.75,4883.27
1785066000,1785067500,short,64476.0,64546.257,64546.257,64335.486000000004,SL,-1.0,-48.83,4834.44
1785067800,1785069900,long,64571.0,64442.26275,64442.26275,64828.4745,SL,-1.0,-48.34,4786.09
1785070500,1785074700,short,64455.0,64597.78275,64597.78275,64169.4345,SL,-1.0,-47.86,4738.23
1785087300,1785091800,short,64724.5,64724.5,64808.888249999996,64555.72350000001,SL,0.0,0.0,4738.23
1785092400,1785097200,long,64713.0,64616.17575,64616.17575,64906.648499999996,SL,-1.0,-47.38,4690.85
1785101100,1785103200,long,64771.5,64953.310999999994,64589.689000000006,65135.12199999999,SL,1.0,46.91,4737.76
1785111900,1785126000,short,65136.0,65468.71799999999,65468.71799999999,64470.56400000001,SL,-1.0,-47.38,4690.38
1785137100,1785137400,short,65423.5,65381.78375,65465.21625,65340.067500000005,SL,1.0,46.9,4737.28
1785145800,1785154200,long,65286.0,65065.95075,65065.95075,65726.0985,SL,-1.0,-47.37,4689.91
1785159900,1785162300,long,65644.0,64858.554500000006,64858.554500000006,67214.89099999999,SL,-1.0,-46.9,4643.01
1785162900,1785245700,short,64633.0,63007.587000000014,65445.70649999999,63007.587000000014,Target,2.0,92.86,4735.87
1785250500,1785309000,long,63440.5,64465.4595,62928.02025,64465.4595,Target,2.0,94.72,4830.59
1785314400,1785317700,short,64295.0,64528.74825,64528.74825,63827.503500000006,SL,-1.0,-48.31,4782.28
1785323400,1785331800,short,64472.5,64256.17175,64688.82825,64039.8435,SL,1.0,47.82,4830.11
1785333300,1785335700,long,64456.0,64088.439750000005,64088.439750000005,65191.12049999999,SL,-1.0,-48.3,4781.81
1785348000,1785354300,long,64254.0,63684.64175,63684.64175,65392.716499999995,SL,-1.0,-47.82,4733.99
1785362700,1785388800,long,63900.0,63900.0,63474.746750000006,64750.50649999999,SL,0.0,0.0,4733.99
1785396000,1785403800,long,64114.5,64537.435,63903.0325,64537.435,Target,2.0,94.68,4828.67
1785421500,1785459900,short,64744.5,65174.07075,65174.07075,63885.3585,SL,-1.0,-48.29,4780.38
1785460500,1785462300,long,65169.0,64637.165250000005,64637.165250000005,66232.66949999999,SL,-1.0,-47.8,4732.58
1785462900,1785506400,short,64548.0,63146.784000000014,65248.60799999999,63146.784000000014,Target,2.0,94.65,4827.23
1785515400,1785521400,long,62905.5,63149.846249999995,62661.153750000005,63394.19249999999,SL,1.0,48.27,4875.5
1785526500,1785607200,short,62986.0,62615.86050000001,63171.069749999995,62615.86050000001,Target,2.0,97.51,4973.01
1785616500,1785618000,long,62571.0,62710.73125,62431.26875,62850.462499999994,SL,1.0,49.73,5022.74
1785627600,1785628800,short,62800.5,62852.4105,62852.4105,62696.679000000004,SL,-1.0,-50.23,4972.51
1785649500,1785656400,short,63401.5,63512.7405,63512.7405,63179.019,SL,-1.0,-49.73,4922.79
1785659700,1785671400,short,63336.5,63126.742750000005,63546.257249999995,62916.98550000001,SL,1.0,49.23,4972.02
1785681900,1785691500,long,63136.0,63262.020749999996,63009.979250000004,63388.04149999999,SL,1.0,49.72,5021.74
1785710700,1785728700,short,63497.5,62856.71400000001,63817.893,62856.71400000001,Target,2.0,100.43,5122.17
1785749400,1785753900,long,62626.0,62626.0,62427.770500000006,63022.45899999999,SL,0.0,0.0,5122.17
1785755700,1785759300,short,62623.5,62623.5,62791.38,62287.740000000005,SL,0.0,0.0,5122.17
1785761700,1785762900,long,62701.0,62845.293999999994,62556.706000000006,62989.58799999999,SL,1.0,51.22,5173.39
1785788400,1785788700,short,63947.5,63915.52625,63979.47375,63883.552500000005,SL,1.0,51.73,5225.13
1785790500,1785806100,short,63762.5,63493.500250000005,64031.499749999995,63224.50050000001,SL,1.0,52.25,5277.38
1785807600,1785819300,long,63693.0,64018.19975,63367.80025,64343.3995,SL,1.0,52.77,5330.15
1785822000,1785828300,short,63806.0,63605.51275,64006.48725,63405.0255,SL,1.0,53.3,5383.45
1785840900,1785851700,long,63718.0,63718.0,63410.279,64333.441999999995,SL,0.0,0.0,5383.45
1785852300,1785854400,short,63765.5,64117.54274999999,64117.54274999999,63061.41450000001,SL,-1.0,-53.83,5329.62
1785854700,1785965100,long,64105.0,64646.29775,63563.70225,65187.595499999996,SL,1.0,53.3,5382.92
1785990300,1785992700,long,64646.5,64857.73375,64435.26625,65068.9675,SL,1.0,53.83,5436.75
1786003500,1786006200,short,64821.5,64917.942749999995,64917.942749999995,64628.61450000001,SL,-1.0,-54.37,5382.38
1786008300,1786019700,short,64778.5,64547.01125,65009.98875,64315.52250000001,SL,1.0,53.82,5436.2
1786026000,1786026600,long,64398.0,64470.67875,64325.32125,64543.3575,SL,1.0,54.36,5490.56
1786034100,1786034400,short,64639.0,64726.346999999994,64726.346999999994,64464.30600000001,SL,-1.0,-54.91,5435.66
1786035000,1786038000,long,64689.5,64528.71950000001,64528.71950000001,65011.06099999999,SL,-1.0,-54.36,5381.3
1786047600,1786054800,long,64462.0,64341.813,64341.813,64702.373999999996,SL,-1.0,-53.81,5327.49
1786065000,1786069200,long,64347.5,64347.5,64190.8885,64660.723,SL,0.0,0.0,5327.49
1786070400,1786092000,short,64278.5,64563.76575,64563.76575,63707.9685,SL,-1.0,-53.27,5274.21
1786111800,1786313400,short,64804.5,65345.6565,65345.6565,63722.187000000005,SL,-1.0,-52.74,5221.47
1786315500,1786378500,short,65013.5,64061.043000000005,65489.7285,64061.043000000005,Target,2.0,104.43,5325.9
1786390800,1786392600,long,63932.5,64015.9405,63849.0595,64099.380999999994,SL,1.0,53.26,5379.16
1786398900,1786418400,short,63969.0,64128.047999999995,64128.047999999995,63650.90400000001,SL,-1.0,-53.79,5325.37
1786424400,1786433700,short,64003.0,64003.0,64122.045,63764.91,SL,0.0,0.0,5325.37
1786434600,1786446000,long,64048.5,64245.44175,63851.55825,64442.383499999996,SL,1.0,53.25,5378.62
1786453800,1786454100,short,64345.5,64291.8165,64399.1835,64238.133,SL,1.0,53.79,5432.41
1786454400,1786455300,short,64249.0,64113.32375,64384.67625,63977.64750000001,SL,1.0,54.32,5486.73
1786478700,1786536000,long,63618.5,64232.84299999999,63311.3285,64232.84299999999,Target,2.0,109.73,5596.47
1786539300,1786543800,short,64124.0,63763.27375,64484.72625,63402.5475,SL,1.0,55.96,5652.43
1786566000,1786584000,long,63467.5,63467.5,63273.3475,63855.80499999999,SL,0.0,0.0,5652.43
1786584900,1786593000,short,63455.0,63645.306749999996,63645.306749999996,63074.38650000001,SL,-1.0,-56.52,5595.91
1786603800,1786604100,short,63777.5,63864.416249999995,63864.416249999995,63603.66750000001,SL,-1.0,-55.96,5539.95
1786604400,1786611600,long,63921.5,63699.1345,63699.1345,64366.231,SL,-1.0,-55.4,5484.55
1786625400,1786631400,long,63613.0,63814.7215,63411.2785,64016.443,SL,1.0,54.85,5539.39
1786635300,1786638900,short,63641.5,63324.53675000001,63958.46324999999,63007.57350000001,SL,1.0,55.39,5594.79
1786647900,1786679700,long,63299.0,63299.0,63061.4535,63774.09299999999,SL,0.0,0.0,5594.79
1786704000,1786709400,long,62871.5,62744.612,62744.612,63125.276,SL,-1.0,-55.95,5538.84
1786709700,1786712700,short,62802.5,62668.5475,62936.4525,62534.595,SL,1.0,55.39,5594.23
1786719300,1786721100,long,62637.0,62758.77325,62515.22675,62880.5465,SL,1.0,55.94,5650.17
1786721400,1786734300,long,62830.0,62830.0,62473.747500000005,63542.50499999999,SL,0.0,0.0,5650.17
1786738500,1786742400,long,62947.0,62866.55100000001,62866.55100000001,63107.89799999999,SL,-1.0,-56.5,5593.67
1786749600,1786750500,long,62870.5,62926.422999999995,62814.577000000005,62982.34599999999,SL,1.0,55.94,5649.61
1786766100,1786786200,short,63056.0,62971.945750000006,63140.054249999994,62887.89150000001,SL,1.0,56.5,5706.1
1786789500,1786797600,long,63003.0,62946.01125,62946.01125,63116.97749999999,SL,-1.0,-57.06,5649.04
1786799400,1786896900,long,63025.0,63284.92649999999,62895.03675000001,63284.92649999999,Target,2.0,112.98,5762.02
1786902000,1786916400,short,63169.0,62932.7445,63287.12775,62932.7445,Target,2.0,115.24,5877.26
1786926000,1786926300,long,62817.0,62825.919749999994,62808.080250000006,62834.83949999999,SL,1.0,58.77,5936.03
1786928700,1786971600,long,63101.5,63504.86474999999,62698.13525000001,63908.22949999999,SL,1.0,59.36,5995.39
1786974300,1786980300,long,63632.5,63878.20925,63386.79075,64123.9185,SL,1.0,59.95,6055.35
1786997100,1787009100,short,64276.0,64426.69725,64426.69725,63974.605500000005,SL,-1.0,-60.55,5994.8
1787014500,1787024400,short,64337.0,64158.258250000006,64515.741749999994,63979.51650000001,SL,1.0,59.95,6054.74
1787028000,1787034900,long,64171.0,64409.08399999999,64051.958000000006,64409.08399999999,Target,2.0,121.09,6175.84
1787039400,1787053200,short,64167.0,64368.668249999995,64368.668249999995,63763.66350000001,SL,-1.0,-61.76,6114.08
1787057400,1787059800,short,64222.0,64095.34175000001,64348.65824999999,63968.683500000014,SL,1.0,61.14,6175.22
1787062200,1787062800,long,64270.0,64564.00399999999,63975.99600000001,64858.00799999999,SL,1.0,61.75,6236.97
1787075700,1787101500,short,64680.0,64517.094750000004,64842.905249999996,64354.18950000001,SL,1.0,62.37,6299.34
1787116800,1787118600,long,64312.0,64245.861000000004,64245.861000000004,64444.27799999999,SL,-1.0,-62.99,6236.35
1787123100,1787125200,long,64270.0,64341.1155,64198.8845,64412.231,SL,1.0,62.36,6298.71
1787127600,1787128500,short,64268.0,64386.176999999996,64386.176999999996,64031.64600000001,SL,-1.0,-62.99,6235.73
1787129100,1787143200,long,64429.5,64900.725999999995,64193.887,64900.725999999995,Target,2.0,124.71,6360.44
1787180400,1787184000,short,69240.0,69492.22875,69492.22875,68735.54250000001,SL,-1.0,-63.6,6296.84
1787184600,1787195100,long,69607.5,69102.93125000001,69102.93125000001,70616.63749999998,SL,-1.0,-62.97,6233.87
1787199900,1787203200,long,69331.5,69539.07925,69123.92075,69746.65849999999,SL,1.0,62.34,6296.21
1787206800,1787207100,short,69488.5,69584.775,69584.775,69295.95000000001,SL,-1.0,-62.96,6233.24
1787228100,1787233800,short,71777.5,71777.5,72344.154,70644.19200000001,SL,0.0,0.0,6233.24
1787238600,1787271300,long,72129.5,73690.88449999999,71348.80775,73690.88449999999,Target,2.0,124.66,6357.91
1787282100,1787284200,short,74427.5,74835.39899999999,74835.39899999999,73611.70200000002,SL,-1.0,-63.58,6294.33
1787311200,1787311800,short,77311.0,77311.0,78039.0,75855.0,SL,0.0,0.0,6294.33
1787317800,1787319000,long,77251.0,76672.14475,76672.14475,78408.71049999999,SL,-1.0,-62.94,6231.39
1787320500,1787375400,long,77316.0,77316.0,76206.8775,79534.245,SL,0.0,0.0,6231.39
1787375700,1787484000,short,77319.0,77319.0,78860.4105,74236.179,SL,0.0,0.0,6231.39
1787496600,1787519100,short,77198.0,77683.32225,77683.32225,76227.3555,SL,-1.0,-62.31,6169.07
1787526300,1787527800,short,77427.5,77752.85699999999,77752.85699999999,76776.78600000002,SL,-1.0,-61.69,6107.38
1787530200,1787531100,long,77681.0,77338.81125,77338.81125,78365.3775,SL,-1.0,-61.07,6046.31
1787539200,1787542500,long,77427.5,77002.4795,77002.4795,78277.541,SL,-1.0,-60.46,5985.84
1787551500,1787555400,long,77093.5,77678.3395,76801.08025,77678.3395,Target,2.0,119.72,6105.56
1787559000,1787559600,short,77335.5,77130.74925000001,77540.25074999999,76925.99850000002,SL,1.0,61.06,6166.62
1787564100,1787571000,long,77431.0,77880.51,76981.49,78330.01999999999,SL,1.0,61.67,6228.28
1787580000,1787580600,short,78572.5,79105.03275,79105.03275,77507.4345,SL,-1.0,-62.28,6166.0
1787580900,1787626200,long,79182.0,80550.42624999999,77813.57375000001,81918.85249999998,SL,1.0,61.66,6227.66
1787631900,1787635500,short,80405.5,80682.82125,80682.82125,79850.85750000001,SL,-1.0,-62.28,6165.38
1787641200,1787643900,short,80557.5,80208.06675,80906.93325,79858.6335,SL,1.0,61.65,6227.04
1787668200,1787690700,long,79184.0,78193.88350000001,78193.88350000001,81164.23299999998,SL,-1.0,-62.27,6164.77
1787696100,1787701500,long,78902.0,78470.24525,78470.24525,79765.50949999999,SL,-1.0,-61.65,6103.12
1787701800,1787711100,short,78456.0,78983.472,78983.472,77401.05600000001,SL,-1.0,-61.03,6042.09
1787719500,1787721600,short,78936.0,78936.0,79197.07875,78413.8425,SL,0.0,0.0,6042.09
1787723100,1787734200,long,79087.0,78680.14025000001,78680.14025000001,79900.71949999998,SL,-1.0,-60.42,5981.67
1787734500,1787740500,short,78673.5,78673.5,79043.00175,77934.49650000001,SL,0.0,0.0,5981.67
1787741400,1787744100,long,78811.5,78357.30175,78357.30175,79719.8965,SL,-1.0,-59.82,5921.85
1787744700,1787747400,short,78447.0,78140.64300000001,78753.35699999999,77834.28600000002,SL,1.0,59.22,5981.07
1787753400,1787755200,long,78510.5,78048.45625,78048.45625,79434.5875,SL,-1.0,-59.81,5921.26
1787764800,1787783700,long,78224.0,78641.9225,77806.0775,79059.845,SL,1.0,59.21,5980.47
1787792400,1787793900,short,78657.5,78918.93974999999,78918.93974999999,78134.62050000002,SL,-1.0,-59.8,5920.67
1787795100,1787798400,long,78681.5,78681.5,78491.23475,79062.0305,SL,0.0,0.0,5920.67
1787801700,1787817600,long,78837.5,79101.30649999999,78573.69350000001,79365.11299999998,SL,1.0,59.21,5979.87
1787827200,1787841300,short,79433.0,80176.56825,80176.56825,77945.8635,SL,-1.0,-59.8,5920.07
1787854500,1787878800,short,80057.5,80734.347,80734.347,78703.80600000001,SL,-1.0,-59.2,5860.87
1787883300,1787914200,short,80208.5,79421.5225,80995.4775,78634.54500000001,SL,1.0,58.61,5919.48
1787915100,1787923500,long,79664.0,79223.86825,79223.86825,80544.2635,SL,-1.0,-59.19,5860.29
1787929200,1787932200,long,79526.5,78550.705,78550.705,81478.09,SL,-1.0,-58.6,5801.68
1787956500,1787970000,long,77577.5,77577.5,77279.84075,78172.8185,SL,0.0,0.0,5801.68
1787970300,1788014400,short,77562.5,77862.912,77862.912,76961.676,SL,-1.0,-58.02,5743.67
1788036600,1788047100,short,78123.0,78258.10949999999,78258.10949999999,77852.78100000002,SL,-1.0,-57.44,5686.23
1788051900,1788060600,short,78168.0,78168.0,78321.14099999999,77861.71800000002,SL,0.0,0.0,5686.23
1788060900,1788064500,long,78207.5,77995.48275000001,77995.48275000001,78631.53449999998,SL,-1.0,-56.86,5629.37
1788064800,1788071700,short,78005.0,78235.59825,78235.59825,77543.80350000001,SL,-1.0,-56.29,5573.08
1788076200,1788087600,short,78131.0,78131.0,78280.12049999999,77832.75900000002,SL,0.0,0.0,5573.08
1788103500,1788105600,short,78750.5,78894.92775,78894.92775,78461.6445,SL,-1.0,-55.73,5517.34
1788113100,1788113400,short,78994.5,78787.44150000002,79098.02924999999,78787.44150000002,Target,2.0,110.35,5627.69
1788115500,1788119100,long,79065.5,78698.13125,78698.13125,79800.23749999999,SL,-1.0,-56.28,5571.41
