entry_time,exit_time,direction,entry,exit,sl,target,exit_reason,pnl_r,pnl_dollars,equity_after
1753448400,1753450200,short,116110.5,116496.219,116496.219,115339.062,SL,-1.0,-100.0,9900.0
1753451100,1753461900,short,115934.5,115934.5,116642.29199999999,114518.91600000003,SL,0.0,0.0,9900.0
1753464600,1753464900,long,116183.0,115854.54375000001,115854.54375000001,116839.91249999998,SL,-1.0,-99.0,9801.0
1753471200,1753472400,long,116641.5,116870.73525,116412.26475,117099.9705,SL,1.0,98.01,9899.01
1753477800,1753479600,long,117191.0,116958.99125,116958.99125,117655.01749999999,SL,-1.0,-98.99,9800.02
1753484400,1753486500,long,117274.0,117418.594,117129.406,117563.188,SL,1.0,98.0,9898.02
1753489500,1753493700,long,117470.0,117311.81475,117311.81475,117786.37049999999,SL,-1.0,-98.98,9799.04
1753502400,1753518300,short,117483.5,117483.5,117620.78099999999,117208.93800000002,SL,0.0,0.0,9799.04
1753546800,1753548000,long,118068.5,118068.5,117937.50175000001,118330.49649999998,SL,0.0,0.0,9799.04
1753551300,1753558800,short,118024.5,118138.0395,118138.0395,117797.421,SL,-1.0,-97.99,9701.05
1753566600,1753568700,long,117985.0,118156.43625,117813.56375,118327.8725,SL,1.0,97.01,9798.06
1753570800,1753572300,short,118053.5,117952.45225,118154.54775,117851.4045,SL,1.0,97.98,9896.04
1753584000,1753584600,long,118192.5,118192.5,118064.43825,118448.62349999999,SL,0.0,0.0,9896.04
1753604400,1753605600,short,118086.0,117992.43975,118179.56025,117898.87950000001,SL,1.0,98.96,9995.0
1753606500,1753611300,short,117953.5,118110.02549999999,118110.02549999999,117640.44900000002,SL,-1.0,-99.95,9895.05
1753616700,1753620300,short,118089.5,117939.91,118239.09,117790.32,SL,1.0,98.95,9994.0
1753628400,1753632000,long,118431.0,118645.13799999999,118216.86200000001,118859.27599999998,SL,1.0,99.94,10093.94
1753639800,1753641000,long,119331.5,119107.4165,119107.4165,119779.66699999999,SL,-1.0,-100.94,9993.0
1753646700,1753647900,long,119000.5,119000.5,118856.04225000001,119289.41549999997,SL,0.0,0.0,9993.0
1753650900,1753651500,short,118761.0,118928.43449999999,118928.43449999999,118426.13100000002,SL,-1.0,-99.93,9893.07
1753666800,1753669500,short,119092.0,119447.19374999999,119447.19374999999,118381.61250000002,SL,-1.0,-98.93,9794.14
1753674300,1753675200,short,119243.5,119420.18024999999,119420.18024999999,118890.13950000002,SL,-1.0,-97.94,9696.2
1753678800,1753679700,short,119191.5,119373.15675,119373.15675,118828.18650000001,SL,-1.0,-96.96,9599.24
1753682100,1753686000,long,119530.5,119313.3135,119313.3135,119964.87299999999,SL,-1.0,-95.99,9503.25
1753695600,1753696200,short,118816.5,118984.96274999999,118984.96274999999,118479.57450000002,SL,-1.0,-95.03,9408.21
1753698300,1753698900,long,118862.0,118709.6155,118709.6155,119166.769,SL,-1.0,-94.08,9314.13
1753700700,1753702500,short,118726.0,118593.6005,118858.3995,118461.201,SL,1.0,93.14,9407.27
1753710600,1753713300,short,118650.0,118160.46,119139.54,117670.92000000001,SL,1.0,94.07,9501.35
1753732800,1753734300,long,117934.5,117541.20000000001,117541.20000000001,118721.09999999998,SL,-1.0,-95.01,9406.33
1753738800,1753739700,long,118169.0,117948.99600000001,117948.99600000001,118609.00799999997,SL,-1.0,-94.06,9312.27
1753740900,1753742400,short,118097.0,117889.8775,118304.1225,117682.755,SL,1.0,93.12,9405.39
1753746300,1753746600,long,118104.0,117919.01100000001,117919.01100000001,118473.97799999997,SL,-1.0,-94.05,9311.34
1753751700,1753754100,long,118054.0,117818.56125000001,117818.56125000001,118524.87749999997,SL,-1.0,-93.11,9218.22
1753767300,1753768200,long,118643.5,118768.78874999999,118518.21125000001,118894.07749999998,SL,1.0,92.18,9310.41
1753770000,1753771200,long,118851.0,118851.0,118657.64150000001,119237.71699999998,SL,0.0,0.0,9310.41
1753776600,1753783200,long,118972.5,118712.614,118712.614,119492.272,SL,-1.0,-93.1,9217.3
1753785900,1753786800,short,118562.5,118141.78650000002,118772.85674999999,118141.78650000002,Target,2.0,184.35,9401.65
1753789200,1753790100,short,118372.0,118560.2505,118560.2505,117995.49900000001,SL,-1.0,-94.02,9307.63
1753791900,1753792500,long,118580.0,118946.45599999998,118396.77200000001,118946.45599999998,Target,2.0,186.15,9493.78
1753800900,1753803600,short,118010.0,117338.71350000001,118345.64325,117338.71350000001,Target,2.0,189.88,9683.66
1753805100,1753806900,short,117343.5,117099.73575,117587.26425,116855.97150000001,SL,1.0,96.84,9780.5
1753813200,1753813800,short,117470.5,117777.85949999999,117777.85949999999,116855.78100000002,SL,-1.0,-97.8,9682.69
1753815000,1753816500,short,117627.5,117844.893,117844.893,117192.714,SL,-1.0,-96.83,9585.86
1753819500,1753819800,short,117486.5,117134.8965,117662.30175,117134.8965,Target,2.0,191.72,9777.58
1753824300,1753825800,short,117267.5,117447.6945,117447.6945,116907.111,SL,-1.0,-97.78,9679.81
1753834500,1753834800,long,117935.0,117696.12250000001,117696.12250000001,118412.75499999998,SL,-1.0,-96.8,9583.01
1753841700,1753844700,long,117894.0,117894.0,117692.1245,118297.75099999999,SL,0.0,0.0,9583.01
1753848300,1753850100,long,118222.0,117994.97300000001,117994.97300000001,118676.05399999997,SL,-1.0,-95.83,9487.18
1753854300,1753855200,short,117865.0,118019.98049999999,118019.98049999999,117555.03900000002,SL,-1.0,-94.87,9392.31
1753863600,1753864800,short,117985.5,118227.08399999999,118227.08399999999,117502.33200000002,SL,-1.0,-93.92,9298.38
1753870200,1753872600,long,118286.0,118079.43075,118079.43075,118699.1385,SL,-1.0,-92.98,9205.4
1753875900,1753876500,short,117792.5,117561.51775000001,118023.48224999999,117330.53550000003,SL,1.0,92.05,9297.45
1753880400,1753880700,long,117729.0,117520.2105,117520.2105,118146.579,SL,-1.0,-92.97,9204.48
1753882200,1753884300,short,117416.5,117840.39074999999,117840.39074999999,116568.71850000002,SL,-1.0,-92.04,9112.43
1753910400,1753912200,short,117059.5,117248.59499999999,117248.59499999999,116681.31000000003,SL,-1.0,-91.12,9021.31
1753914900,1753916700,long,117300.0,117446.606,117153.394,117593.212,SL,1.0,90.21,9111.52
1753918500,1753919100,long,117529.0,117786.45899999997,117400.27050000001,117786.45899999997,Target,2.0,182.23,9293.75
1753929300,1753929600,long,118230.0,118230.0,118070.43525000001,118549.12949999998,SL,0.0,0.0,9293.75
1753930200,1753946100,long,118408.0,118913.21449999997,118155.39275000001,118913.21449999997,Target,2.0,185.88,9479.63
1753960500,1753963800,short,118447.5,118447.5,118596.26849999999,118149.96300000002,SL,0.0,0.0,9479.63
1753966200,1753966800,long,118446.0,118446.0,118281.8295,118774.34099999999,SL,0.0,0.0,9479.63
1753969500,1753982700,long,118390.5,117735.103,117735.103,119701.294,SL,-1.0,-94.8,9384.83
1753984200,1753985400,short,117904.0,117373.89000000001,118169.055,117373.89000000001,Target,2.0,187.7,9572.53
1753988400,1753989000,short,117680.0,117457.57825,117902.42175,117235.15650000001,SL,1.0,95.73,9668.25
1753994100,1753997400,short,116554.0,116851.39649999999,116851.39649999999,115959.20700000002,SL,-1.0,-96.68,9571.57
1754028300,1754029800,short,115460.0,115244.69125,115675.30875,115029.3825,SL,1.0,95.72,9667.29
1754032500,1754034900,short,114961.0,114961.0,115221.582,114439.83600000001,SL,0.0,0.0,9667.29
1754035800,1754037300,short,114717.5,114316.96975,115118.03025,113916.43950000001,SL,1.0,96.67,9763.96
1754045700,1754047800,short,114751.0,115037.48999999999,115037.48999999999,114178.02000000002,SL,-1.0,-97.64,9666.32
1754052300,1754055600,long,115819.0,115042.45000000001,115042.45000000001,117372.09999999998,SL,-1.0,-96.66,9569.66
1754070900,1754072100,short,114414.5,114001.615,114827.385,113588.73000000001,SL,1.0,95.7,9665.35
1754074200,1754076000,short,114044.0,113385.68400000001,114373.158,113385.68400000001,Target,2.0,193.31,9858.66
1754082000,1754082900,long,113656.0,113656.0,113483.23000000001,114001.53999999998,SL,0.0,0.0,9858.66
1754083800,1754085900,long,113869.0,113635.15400000001,113635.15400000001,114336.69199999998,SL,-1.0,-98.59,9760.07
1754108700,1754111700,long,113828.0,113828.0,113720.1115,114043.777,SL,0.0,0.0,9760.07
1754127300,1754129700,short,113684.0,113542.61575000001,113825.38424999999,113401.23150000002,SL,1.0,97.6,9857.67
1754131500,1754133900,short,113472.5,113652.29775,113652.29775,113112.9045,SL,-1.0,-98.58,9759.1
1754138700,1754139900,short,113644.0,113515.142,113772.858,113386.28400000001,SL,1.0,97.59,9856.69
1754160600,1754162700,short,112261.0,112611.2775,112611.2775,111560.445,SL,-1.0,-98.57,9758.12
1754170500,1754171100,long,112641.5,112821.25899999999,112461.74100000001,113001.01799999998,SL,1.0,97.58,9855.7
1754176200,1754176800,short,112706.5,112520.08175000001,112892.91824999999,112333.66350000002,SL,1.0,98.56,9954.26
1754179200,1754180100,short,112549.0,112737.84074999999,112737.84074999999,112171.31850000002,SL,-1.0,-99.54,9854.72
1754186400,1754192400,long,113154.5,113688.44399999999,112887.528,113688.44399999999,Target,2.0,197.09,10051.81
1754212500,1754215800,short,113594.0,113722.33274999999,113722.33274999999,113337.33450000003,SL,-1.0,-100.52,9951.29
1754216100,1754217900,long,113672.5,113778.8115,113566.1885,113885.12299999999,SL,1.0,99.51,10050.81
1754229000,1754229900,short,113852.0,114002.47275,114002.47275,113551.0545,SL,-1.0,-100.51,9950.3
1754233500,1754235600,short,113701.0,113855.39924999999,113855.39924999999,113392.20150000002,SL,-1.0,-99.5,9850.8
1754238300,1754241300,long,113843.0,114004.36924999999,113681.63075000001,114165.73849999998,SL,1.0,98.51,9949.3
1754242500,1754245500,long,114032.5,114163.47924999999,113901.52075000001,114294.45849999998,SL,1.0,99.49,10048.8
1754262900,1754263800,long,114359.5,114210.86600000001,114210.86600000001,114656.76799999998,SL,-1.0,-100.49,9948.31
1754275500,1754286900,short,114590.5,114362.11925,114818.88075,114133.7385,SL,1.0,99.48,10047.79
1754297400,1754299200,short,114503.5,114648.79574999999,114648.79574999999,114212.90850000002,SL,-1.0,-100.48,9947.31
1754304000,1754314500,short,114298.0,114529.23599999999,114529.23599999999,113835.52800000002,SL,-1.0,-99.47,9847.84
1754322300,1754323200,short,114667.5,114890.41649999999,114890.41649999999,114221.66700000002,SL,-1.0,-98.48,9749.36
1754325900,1754327100,long,114993.0,115402.8455,114788.07725,115402.8455,Target,2.0,194.99,9944.35
1754332500,1754335800,short,115116.0,114891.3585,115340.6415,114666.717,SL,1.0,99.44,10043.79
1754341800,1754342400,long,114910.0,114910.0,114708.11725000001,115313.76549999998,SL,0.0,0.0,10043.79
1754345400,1754352000,long,115199.5,114990.47600000001,114990.47600000001,115617.54799999998,SL,-1.0,-100.44,9943.36
1754355000,1754363400,short,114852.5,114390.47400000002,115083.51299999999,114390.47400000002,Target,2.0,198.87,10142.22
1754372100,1754372400,long,114397.0,114254.84400000001,114254.84400000001,114681.31199999998,SL,-1.0,-101.42,10040.8
1754379300,1754379600,short,114168.0,113969.34525000001,114366.65474999999,113770.69050000003,SL,1.0,100.41,10141.21
1754384700,1754386800,long,114319.0,114692.18949999998,114132.40525000001,114692.18949999998,Target,2.0,202.82,10344.03
1754415000,1754418600,long,113329.0,113329.0,113112.4155,113762.169,SL,0.0,0.0,10344.03
1754427900,1754431200,long,113657.5,113437.25300000001,113437.25300000001,114097.99399999998,SL,-1.0,-103.44,10240.59
1754450400,1754456700,short,113455.5,113681.8125,113681.8125,113002.875,SL,-1.0,-102.41,10138.19
1754461200,1754469600,long,114059.5,113833.05500000001,113833.05500000001,114512.38999999998,SL,-1.0,-101.38,10036.8
1754474400,1754475300,long,114121.0,113926.00850000001,113926.00850000001,114510.98299999998,SL,-1.0,-100.37,9936.44
1754487300,1754487600,short,113804.0,113991.46724999999,113991.46724999999,113429.06550000003,SL,-1.0,-99.36,9837.07
1754499900,1754500800,short,115001.0,115195.06874999999,115195.06874999999,114612.86250000002,SL,-1.0,-98.37,9738.7
1754525100,1754529300,short,114931.0,114931.0,115040.49149999999,114712.01700000002,SL,0.0,0.0,9738.7
1754533800,1754535000,short,114731.0,114454.18800000002,114869.40599999999,114454.18800000002,Target,2.0,194.77,9933.48
1754549400,1754550000,long,114548.0,114641.256,114454.744,114734.51199999999,SL,1.0,99.33,10032.81
1754550600,1754555100,long,114740.0,115128.60299999997,114545.69850000001,115128.60299999997,Target,2.0,200.66,10233.47
1754572500,1754573100,short,116211.5,116386.16399999999,116386.16399999999,115862.17200000002,SL,-1.0,-102.33,10131.13
1754577000,1754577300,short,116261.5,116505.2235,116505.2235,115774.05300000001,SL,-1.0,-101.31,10029.82
1754579700,1754584800,long,116397.0,116397.0,116125.90800000001,116939.18399999998,SL,0.0,0.0,10029.82
1754610600,1754612100,long,117350.0,117195.87275000001,117195.87275000001,117658.25449999998,SL,-1.0,-100.3,9929.52
1754622000,1754623200,short,116711.5,116919.93075,116919.93075,116294.6385,SL,-1.0,-99.3,9830.23
1754628300,1754632800,short,116724.5,116459.70150000002,116856.89924999999,116459.70150000002,Target,2.0,196.6,10026.83
1754638200,1754641800,long,116871.0,116570.18575,116570.18575,117472.62849999999,SL,-1.0,-100.27,9926.56
1754657100,1754659200,short,116528.5,116671.30649999999,116671.30649999999,116242.88700000002,SL,-1.0,-99.27,9827.3
1754667300,1754668800,short,116242.0,116242.0,116573.25749999999,115579.48500000002,SL,0.0,0.0,9827.3
1754674800,1754676000,long,116464.5,116668.1595,116260.8405,116871.81899999999,SL,1.0,98.27,9925.57
1754691300,1754696100,long,116868.5,116654.6435,116654.6435,117296.21299999999,SL,-1.0,-99.26,9826.31
1754699400,1754708700,short,116623.0,116328.288,116770.356,116328.288,Target,2.0,196.53,10022.84
1754712900,1754713800,long,116366.0,116470.15999999999,116261.84000000001,116574.31999999998,SL,1.0,100.23,10123.07
1754714400,1754714700,long,116577.0,116355.29325,116355.29325,117020.4135,SL,-1.0,-101.23,10021.84
1754721300,1754723700,short,116575.0,116768.85525,116768.85525,116187.28950000001,SL,-1.0,-100.22,9921.62
1754726700,1754728500,long,116739.0,116825.35549999999,116652.64450000001,116911.71099999998,SL,1.0,99.22,10020.84
1754730300,1754733900,long,117081.5,117554.40349999999,116845.04825,117554.40349999999,Target,2.0,200.42,10221.25
1754742300,1754745000,short,117098.0,116928.39550000001,117267.60449999999,116758.79100000003,SL,1.0,102.21,10323.47
1754745300,1754752500,short,116985.0,116985.0,117175.5585,116603.883,SL,0.0,0.0,10323.47
1754755500,1754756100,long,116848.0,116733.10425,116733.10425,117077.79149999999,SL,-1.0,-103.23,10220.23
1754757900,1754766300,short,116663.5,116663.5,116799.37049999999,116391.75900000002,SL,0.0,0.0,10220.23
1754786700,1754789400,long,116572.0,116572.0,116460.24075000001,116795.51849999998,SL,0.0,0.0,10220.23
1754790300,1754792400,short,116567.0,116694.81825,116694.81825,116311.3635,SL,-1.0,-102.2,10118.03
1754801700,1754802300,long,118503.5,118309.31575000001,118309.31575000001,118891.86849999998,SL,-1.0,-101.18,10016.85
1754805300,1754808000,short,118061.5,117834.38525,118288.61475,117607.27050000001,SL,1.0,100.17,10117.02
1754822100,1754824800,short,118107.0,118107.0,118286.11349999999,117748.77300000002,SL,0.0,0.0,10117.02
1754828400,1754838300,long,118537.0,118821.65574999999,118252.34425000001,119106.31149999998,SL,1.0,101.17,10218.19
1754846400,1754856600,short,118557.0,118381.66350000001,118732.33649999999,118206.32700000002,SL,1.0,102.18,10320.37
1754868900,1754871600,long,119000.0,119212.92324999999,118787.07675000001,119425.84649999999,SL,1.0,103.2,10423.57
1754874300,1754875800,short,119104.5,119329.13475,119329.13475,118655.2305,SL,-1.0,-104.24,10319.34
1754882100,1754889600,long,121897.5,121897.5,121515.212,122662.076,SL,0.0,0.0,10319.34
1754902200,1754904600,short,121640.0,121390.58575000001,121889.41424999999,121141.17150000003,SL,1.0,103.19,10422.53
1754907000,1754910900,short,121212.5,120915.77575,121509.22425,120619.0515,SL,1.0,104.23,10526.76
1754916300,1754919900,short,119710.0,120297.61875,120297.61875,118534.76250000001,SL,-1.0,-105.27,10421.49
1754921100,1754923200,long,120071.5,120071.5,119727.10650000001,120760.28699999998,SL,0.0,0.0,10421.49
1754924400,1754924700,long,120218.5,119895.0225,119895.0225,120865.45499999999,SL,-1.0,-104.21,10317.27
1754928300,1754928600,long,120355.0,120631.0695,120078.9305,120907.139,SL,1.0,103.17,10420.45
1754957100,1754957700,short,118653.0,118803.87225,118803.87225,118351.2555,SL,-1.0,-104.2,10316.24
1754961900,1754974800,long,118980.0,118670.13525,118670.13525,119599.72949999999,SL,-1.0,-103.16,10213.08
1754995500,1754998200,short,118401.0,118630.78575,118630.78575,117941.42850000001,SL,-1.0,-102.13,10110.95
1755014400,1755015900,long,119835.0,119566.187,119566.187,120372.62599999999,SL,-1.0,-101.11,10009.84
1755019200,1755019500,short,119654.0,119459.1055,119848.8945,119264.21100000001,SL,1.0,100.1,10109.94
1755026400,1755026700,long,119503.5,119832.89849999998,119338.80075000001,119832.89849999998,Target,2.0,202.2,10312.14
1755033600,1755036300,long,120043.0,119726.107,119726.107,120676.786,SL,-1.0,-103.12,10209.01
1755040500,1755046200,long,120068.0,119806.56675000001,119806.56675000001,120590.86649999997,SL,-1.0,-102.09,10106.92
1755050700,1755051300,short,119434.0,119164.49100000001,119568.7545,119164.49100000001,Target,2.0,202.14,10309.06
1755056400,1755060000,long,119498.0,119498.0,119254.34300000001,119985.31399999998,SL,0.0,0.0,10309.06
1755063900,1755066600,short,119293.0,119293.0,119641.791,118595.418,SL,0.0,0.0,10309.06
1755098400,1755099600,short,120796.5,121303.6215,121303.6215,119782.25700000001,SL,-1.0,-103.09,10205.97
1755101400,1755103500,long,121260.5,121260.5,120848.54550000001,122084.40899999999,SL,0.0,0.0,10205.97
1755127500,1755128100,long,123164.0,123661.97649999999,122915.01175,123661.97649999999,Target,2.0,204.12,10410.09
1755130200,1755131100,long,123612.5,124002.64199999999,123222.35800000001,124392.78399999999,SL,1.0,104.1,10514.19
1755135900,1755140700,short,123532.5,123886.41225,123886.41225,122824.67550000001,SL,-1.0,-105.14,10409.05
1755146100,1755147300,short,123355.0,123189.27050000001,123520.72949999999,123023.54100000003,SL,1.0,104.09,10513.14
1755148500,1755149100,short,123083.0,122903.3995,123262.6005,122723.799,SL,1.0,105.13,10618.27
1755149400,1755150000,short,122937.5,122731.459,123143.541,122525.418,SL,1.0,106.18,10724.46
1755154500,1755156900,short,121753.0,122045.49225,122045.49225,121168.01550000001,SL,-1.0,-107.24,10617.21
1755159300,1755162000,long,121817.0,121539.20000000001,121539.20000000001,122372.59999999998,SL,-1.0,-106.17,10511.04
1755174000,1755174300,short,120844.5,121021.48049999999,121021.48049999999,120490.53900000002,SL,-1.0,-105.11,10405.93
1755179100,1755179400,short,118125.0,118661.30099999999,118661.30099999999,117052.39800000002,SL,-1.0,-104.06,10301.87
1755190200,1755190500,short,117657.5,117913.42725,117913.42725,117145.64550000001,SL,-1.0,-103.02,10198.85
1755201000,1755201300,long,118224.0,117993.47375,117993.47375,118685.05249999999,SL,-1.0,-101.99,10096.86
1755204000,1755205500,short,117963.5,117963.5,118158.54974999999,117573.40050000002,SL,0.0,0.0,10096.86
1755225000,1755226200,long,118678.0,118678.0,118524.20825000001,118985.58349999998,SL,0.0,0.0,10096.86
1755231300,1755233100,long,118996.0,118826.05725000001,118826.05725000001,119335.88549999997,SL,-1.0,-100.97,9995.89
1755234900,1755237600,short,118772.5,118996.96875,118996.96875,118323.5625,SL,-1.0,-99.96,9895.93
1755244800,1755246900,long,118841.0,119028.85625,118653.14375,119216.7125,SL,1.0,98.96,9994.89
1755249600,1755249900,short,118881.0,118737.01725,119024.98275,118593.03450000001,SL,1.0,99.95,10094.84
1755258300,1755260400,long,119009.5,118885.52750000001,118885.52750000001,119257.44499999998,SL,-1.0,-100.95,9993.89
1755263700,1755264900,short,118521.0,118290.65400000001,118751.34599999999,118060.30800000002,SL,1.0,99.94,10093.83
1755268200,1755270300,short,117788.0,116938.84650000001,118212.57675,116938.84650000001,Target,2.0,201.88,10295.71
1755273900,1755278700,short,116921.0,117416.67899999999,117416.67899999999,115929.64200000002,SL,-1.0,-102.96,10192.75
1755279600,1755284100,long,117657.0,117081.43000000001,117081.43000000001,118808.13999999998,SL,-1.0,-101.93,10090.82
1755285900,1755288300,short,117211.5,116970.80325000001,117452.19674999999,116730.10650000002,SL,1.0,100.91,10191.73
1755302400,1755302700,long,117203.5,117323.571,117083.429,117443.64199999999,SL,1.0,101.92,10293.65
1755303000,1755305100,long,117309.0,117683.18049999999,117121.90975,117683.18049999999,Target,2.0,205.87,10499.52
1755309300,1755309600,long,117837.0,117663.63875000001,117663.63875000001,118183.72249999997,SL,-1.0,-105.0,10394.53
1755324600,1755326100,short,117554.5,117348.9015,117657.29925,117348.9015,Target,2.0,207.89,10602.42
1755327600,1755327900,short,117315.5,117486.71399999999,117486.71399999999,116973.07200000001,SL,-1.0,-106.02,10496.39
1755329400,1755337800,long,117449.0,117449.0,117283.32900000001,117780.34199999998,SL,0.0,0.0,10496.39
1755341100,1755342300,short,117283.0,117419.68049999999,117419.68049999999,117009.63900000002,SL,-1.0,-104.96,10391.43
1755350400,1755353100,long,117672.0,117546.19750000001,117546.19750000001,117923.60499999998,SL,-1.0,-103.91,10287.52
1755366000,1755372600,short,117689.0,117689.0,117770.856,117525.288,SL,0.0,0.0,10287.52
1755376500,1755380400,short,117624.5,117423.834,117724.833,117423.834,Target,2.0,205.75,10493.27
1755380700,1755381600,short,117490.5,117357.21750000001,117623.78249999999,117223.93500000003,SL,1.0,104.93,10598.2
1755389100,1755392400,short,117341.0,117233.30500000001,117448.69499999999,117125.61000000002,SL,1.0,105.98,10704.18
1755392700,1755394200,short,117208.0,117339.14025,117339.14025,116945.7195,SL,-1.0,-107.04,10597.14
1755398700,1755399300,long,117436.5,117523.704,117349.296,117610.908,SL,1.0,105.97,10703.11
1755401700,1755402900,long,117539.5,117668.73449999999,117410.26550000001,117797.96899999998,SL,1.0,107.03,10810.14
1755430200,1755432300,long,118317.5,118172.38425,118172.38425,118607.7315,SL,-1.0,-108.1,10702.04
1755434700,1755437400,short,118179.0,118179.0,118290.61575,117955.7685,SL,0.0,0.0,10702.04
1755444300,1755446400,short,118107.0,118254.59774999999,118254.59774999999,117811.80450000003,SL,-1.0,-107.02,10595.02
1755457200,1755469800,short,117510.5,117848.89499999999,117848.89499999999,116833.71000000002,SL,-1.0,-105.95,10489.07
1755476700,1755477600,short,117255.5,117255.5,117504.723,116757.054,SL,0.0,0.0,10489.07
1755478500,1755480300,short,117169.5,116948.83425,117390.16575,116728.1685,SL,1.0,104.89,10593.96
1755513600,1755516000,long,115205.0,114886.528,114886.528,115841.94399999999,SL,-1.0,-105.94,10488.02
1755528600,1755528900,short,115088.0,115336.13925,115336.13925,114591.72150000001,SL,-1.0,-104.88,10383.14
1755548700,1755549300,long,116442.0,116213.36425000001,116213.36425000001,116899.27149999997,SL,-1.0,-103.83,10279.31
1755554100,1755554400,long,116522.5,116682.21049999999,116362.78950000001,116841.92099999997,SL,1.0,102.79,10382.1
1755562800,1755563100,short,116188.0,116051.36675,116324.63325,115914.7335,SL,1.0,103.82,10485.92
1755574500,1755576600,short,115235.0,114769.17850000001,115700.82149999999,114303.35700000002,SL,1.0,104.86,10590.78
1755590700,1755591300,short,114811.0,115017.48,115017.48,114398.04000000001,SL,-1.0,-105.91,10484.88
1755598500,1755610200,long,115471.0,115719.14025,115222.85975,115967.2805,SL,1.0,104.85,10589.72
1755618900,1755621300,short,113830.0,113544.47075000001,114115.52924999999,113258.94150000002,SL,1.0,105.9,10695.62
1755622200,1755631500,short,113385.0,113385.0,113857.40024999999,112440.19950000002,SL,0.0,0.0,10695.62
1755635700,1755640800,long,113277.5,113277.5,113046.44850000001,113739.60299999997,SL,0.0,0.0,10695.62
1755644700,1755645600,short,113111.0,112922.87875,113299.12125,112734.7575,SL,1.0,106.96,10802.58
1755647700,1755648000,short,112780.5,112984.46399999999,112984.46399999999,112372.57200000001,SL,-1.0,-108.03,10694.55
1755650400,1755652800,long,113087.5,113087.5,112859.04225000001,113544.41549999997,SL,0.0,0.0,10694.55
1755660300,1755670200,long,113471.0,113471.0,113252.34550000001,113908.30899999998,SL,0.0,0.0,10694.55
1755671100,1755675000,long,113598.0,113598.0,113400.2715,113993.457,SL,0.0,0.0,10694.55
1755683700,1755686700,short,113767.0,113767.0,113944.44374999999,113412.11250000002,SL,0.0,0.0,10694.55
1755697800,1755698700,short,113082.5,112652.77225000001,113512.22774999999,112223.04450000002,SL,1.0,106.95,10801.5
1755702600,1755702900,long,113661.5,114043.66799999999,113279.33200000001,114425.83599999998,SL,1.0,108.01,10909.51
1755711900,1755712200,long,114010.5,114195.94099999999,113825.05900000001,114381.38199999998,SL,1.0,109.1,11018.61
1755719400,1755719700,long,113953.5,114263.35549999998,113798.57225000001,114263.35549999998,Target,2.0,220.37,11238.98
1755721800,1755723900,long,114061.5,114393.45249999998,113895.52375000001,114393.45249999998,Target,2.0,224.78,11463.76
1755726300,1755729600,long,114136.5,114376.47674999999,113896.52325000001,114616.45349999997,SL,1.0,114.64,11578.4
1755735300,1755736500,short,114102.0,114265.10399999999,114265.10399999999,113775.79200000002,SL,-1.0,-115.78,11462.61
1755760800,1755761700,short,113604.0,113830.38674999999,113830.38674999999,113151.22650000002,SL,-1.0,-114.63,11347.99
1755770400,1755776700,short,113376.5,113142.72325000001,113610.27674999999,112908.94650000002,SL,1.0,113.48,11461.47
1755779400,1755780300,long,113303.5,113021.46100000001,113021.46100000001,113867.57799999998,SL,-1.0,-114.61,11346.85
1755784200,1755787200,long,113561.5,113109.417,113109.417,114465.666,SL,-1.0,-113.47,11233.38
1755788700,1755789600,short,113038.0,113038.0,113424.684,112264.63200000001,SL,0.0,0.0,11233.38
1755793800,1755795300,short,112761.0,112513.02375000001,113008.97624999999,112265.04750000002,SL,1.0,112.33,11345.72
1755800100,1755801900,long,112434.0,112203.37025,112203.37025,112895.25949999999,SL,-1.0,-113.46,11232.26
1755810900,1755828900,long,112411.5,113224.56099999999,112004.9695,113224.56099999999,Target,2.0,224.65,11456.9
1755837000,1755838800,short,113071.0,112854.88475000001,113287.11524999999,112638.76950000002,SL,1.0,114.57,11571.47
1755840300,1755840900,short,112892.5,113103.02325,113103.02325,112471.4535,SL,-1.0,-115.71,11455.76
1755843300,1755844200,long,113179.0,112954.4945,112954.4945,113628.011,SL,-1.0,-114.56,11341.2
1755861300,1755865800,short,112411.0,111921.40050000002,112655.79974999999,111921.40050000002,Target,2.0,226.82,11568.03
1755876900,1755915900,long,116872.0,115848.047,115848.047,118919.90599999999,SL,-1.0,-115.68,11452.35
1755918300,1755923700,short,115891.5,115891.5,116208.075,115258.35,SL,0.0,0.0,11452.35
1755925200,1755931800,long,115872.0,115702.61975000001,115702.61975000001,116210.76049999997,SL,-1.0,-114.52,11337.82
1755939900,1755942600,short,115721.5,115721.5,115827.885,115508.73000000001,SL,0.0,0.0,11337.82
1755948600,1755949800,short,115546.0,115322.40000000002,115657.79999999999,115322.40000000002,Target,2.0,226.76,11564.58
1755957600,1755962700,short,114867.0,114867.0,115133.03774999999,114334.92450000002,SL,0.0,0.0,11564.58
1755966300,1755968100,long,114782.0,114961.82974999999,114602.17025000001,115141.65949999998,SL,1.0,115.65,11680.22
1755968400,1755985200,long,115009.0,115009.0,114745.59850000001,115535.80299999999,SL,0.0,0.0,11680.22
1755996000,1755997200,long,115406.5,115283.3295,115283.3295,115652.84099999999,SL,-1.0,-116.8,11563.42
1755998700,1755999600,short,115226.0,115425.684,115425.684,114826.63200000001,SL,-1.0,-115.63,11447.79
1756011900,1756013400,long,115152.5,115023.95925,115023.95925,115409.5815,SL,-1.0,-114.48,11333.31
1756015800,1756016700,short,114950.0,114950.0,115053.99824999999,114742.00350000002,SL,0.0,0.0,11333.31
1756018500,1756020600,short,114910.5,115047.495,115047.495,114636.51000000001,SL,-1.0,-113.33,11219.98
1756024800,1756028100,short,114762.5,114934.43849999999,114934.43849999999,114418.62300000002,SL,-1.0,-112.2,11107.78
1756044000,1756044600,short,114611.0,114429.6325,114792.3675,114248.26500000001,SL,1.0,111.08,11218.85
1756053900,1756054800,short,114380.5,114380.5,114531.73724999999,114078.02550000002,SL,0.0,0.0,11218.85
1756056300,1756057200,short,114314.0,114569.256,114569.256,113803.48800000001,SL,-1.0,-112.19,11106.67
1756059300,1756059600,long,114417.5,114756.805,114247.8475,114756.805,Target,2.0,222.13,11328.8
1756080300,1756081500,short,113361.0,113204.26950000001,113517.73049999999,113047.53900000002,SL,1.0,113.29,11442.09
1756090500,1756091400,long,113383.5,113383.5,113212.86525,113724.7695,SL,0.0,0.0,11442.09
1756094100,1756094400,short,113242.0,112896.64200000002,113414.67899999999,112896.64200000002,Target,2.0,228.84,11670.93
1756101300,1756104300,short,112411.0,111911.39550000001,112660.80225,111911.39550000001,Target,2.0,233.42,11904.35
1756110900,1756113300,short,111543.5,111543.5,111805.875,111018.75,SL,0.0,0.0,11904.35
1756113900,1756117200,long,111550.0,111297.32350000001,111297.32350000001,112055.35299999997,SL,-1.0,-119.04,11785.3
1756121700,1756122000,short,111053.0,111203.574,111203.574,110751.85200000001,SL,-1.0,-117.85,11667.45
1756143600,1756149300,short,112373.0,111936.12325,112809.87675,111499.24650000001,SL,1.0,116.67,11784.13
1756149600,1756150200,short,112113.0,111850.34025000001,112375.65974999999,111587.68050000002,SL,1.0,117.84,11901.97
1756160400,1756161900,long,110093.5,110364.93849999999,109822.06150000001,110636.37699999998,SL,1.0,119.02,12020.99
1756166700,1756167000,short,110058.5,109678.3065,110248.59675,109678.3065,Target,2.0,240.42,12261.41
1756173000,1756178100,long,109717.5,109432.75625,109432.75625,110286.98749999999,SL,-1.0,-122.61,12138.79
1756184100,1756186200,long,110040.5,110040.5,109835.55475000001,110450.39049999998,SL,0.0,0.0,12138.79
1756187100,1756189200,long,110256.0,109982.48125000001,109982.48125000001,110803.03749999998,SL,-1.0,-121.39,12017.4
1756196100,1756196400,long,110342.0,110122.91100000001,110122.91100000001,110780.17799999999,SL,-1.0,-120.17,11897.23
1756198800,1756211700,short,110082.0,110082.0,110444.69475,109356.61050000001,SL,0.0,0.0,11897.23
1756215900,1756217400,short,109669.5,110265.105,110265.105,108478.29000000001,SL,-1.0,-118.97,11778.26
1756221900,1756222200,long,110299.0,109955.9945,109955.9945,110985.011,SL,-1.0,-117.78,11660.48
1756222500,1756225500,short,110034.5,109652.31925,110416.68075,109270.1385,SL,1.0,116.6,11777.08
1756236000,1756236300,long,110627.0,111021.48499999999,110429.7575,111021.48499999999,Target,2.0,235.54,12012.62
1756241700,1756244100,long,111192.0,111192.0,111036.45400000001,111503.09199999998,SL,0.0,0.0,12012.62
1756248900,1756249200,long,111673.5,111890.25624999999,111456.74375000001,112107.01249999998,SL,1.0,120.13,12132.75
1756255200,1756256400,short,111558.5,111356.64775,111760.35225,111154.79550000001,SL,1.0,121.33,12254.08
1756259100,1756261200,short,111122.0,111391.16775,111391.16775,110583.66450000001,SL,-1.0,-122.54,12131.53
1756277100,1756280100,short,111087.5,110872.37650000001,111302.62349999999,110657.25300000003,SL,1.0,121.32,12252.85
1756292100,1756297800,long,111061.5,111061.5,110834.05525,111516.38949999999,SL,0.0,0.0,12252.85
1756300200,1756302000,short,111127.5,111392.6685,111392.6685,110597.163,SL,-1.0,-122.53,12130.32
1756304100,1756305600,long,111645.0,112125.11025,111164.88975,112605.2205,SL,1.0,121.3,12251.62
1756307700,1756308900,long,111917.5,111576.18400000001,111576.18400000001,112600.13199999998,SL,-1.0,-122.52,12129.11
1756315800,1756320000,long,112180.5,112180.5,111804.07,112933.35999999999,SL,0.0,0.0,12129.11
1756335600,1756339200,short,111352.5,111352.5,111555.75,110946.0,SL,0.0,0.0,12129.11
1756364400,1756372800,long,113132.5,112865.539,112865.539,113666.42199999999,SL,-1.0,-121.29,12007.82
1756376700,1756378500,short,112879.5,113055.99974999999,113055.99974999999,112526.50050000002,SL,-1.0,-120.08,11887.74
1756383000,1756384200,short,112861.0,112994.96925,112994.96925,112593.06150000001,SL,-1.0,-118.88,11768.86
1756387500,1756387800,long,113199.5,113004.4695,113004.4695,113589.56099999999,SL,-1.0,-117.69,11651.17
1756391100,1756392300,short,112822.0,113168.05575,113168.05575,112129.8885,SL,-1.0,-116.51,11534.66
1756405500,1756406700,long,112351.0,112351.0,112179.38225000001,112694.23549999998,SL,0.0,0.0,11534.66
1756410000,1756418700,short,112195.5,112195.5,112440.192,111706.11600000001,SL,0.0,0.0,11534.66
1756419000,1756425900,long,112148.0,112375.988,111920.012,112603.976,SL,1.0,115.35,11650.01
1756439400,1756443000,long,111766.0,111469.73725,111469.73725,112358.52549999999,SL,-1.0,-116.5,11533.51
1756444200,1756448100,short,111400.0,110988.45000000001,111605.775,110988.45000000001,Target,2.0,230.67,11764.18
1756448400,1756450800,short,111104.0,111104.0,111300.12225,110711.7555,SL,0.0,0.0,11764.18
1756451100,1756451400,short,111098.5,110905.38200000001,111291.61799999999,110712.26400000002,SL,1.0,117.64,11881.82
1756452000,1756461900,short,110490.0,109895.48550000001,111084.51449999999,109300.97100000002,SL,1.0,118.82,12000.64
1756462200,1756465800,long,109835.0,110026.84899999999,109643.15100000001,110218.69799999997,SL,1.0,120.01,12120.64
1756472700,1756474200,short,110476.5,110476.5,110811.87825,109805.74350000001,SL,0.0,0.0,12120.64
1756479000,1756480500,short,108521.0,108521.0,108876.411,107810.17800000001,SL,0.0,0.0,12120.64
1756481400,1756484400,short,108194.0,108712.82925,108712.82925,107156.34150000001,SL,-1.0,-121.21,11999.44
1756503300,1756509300,long,107921.0,108462.704,107650.148,108462.704,Target,2.0,239.99,12239.43
1756517100,1756517400,short,108194.0,108063.865,108324.135,107933.73000000001,SL,1.0,122.39,12361.82
1756533300,1756533600,short,108287.0,108457.70175,108457.70175,107945.59650000001,SL,-1.0,-123.62,12238.2
1756536600,1756538100,short,108237.0,108237.0,108363.65474999999,107983.69050000003,SL,0.0,0.0,12238.2
1756549200,1756550700,long,108603.0,108398.77350000001,108398.77350000001,109011.45299999998,SL,-1.0,-122.38,12115.82
1756559400,1756559700,short,108499.0,108238.42500000002,108629.28749999999,108238.42500000002,Target,2.0,242.32,12358.14
1756564200,1756566000,long,108446.0,108572.68675,108319.31325,108699.37349999999,SL,1.0,123.58,12481.72
1756566900,1756567500,long,108599.5,108747.253,108451.747,108895.006,SL,1.0,124.82,12606.54
1756572300,1756575900,long,108763.5,108595.17525,108595.17525,109100.1495,SL,-1.0,-126.07,12480.47
1756578600,1756579800,short,108617.5,108762.35399999999,108762.35399999999,108327.79200000002,SL,-1.0,-124.8,12355.67
1756586400,1756596300,short,108636.0,108636.0,108792.36899999999,108323.26200000002,SL,0.0,0.0,12355.67
1756612800,1756614000,short,109239.5,108923.157,109397.6715,108923.157,Target,2.0,247.11,12602.78
1756639800,1756645500,long,108482.5,108230.35775000001,108230.35775000001,108986.78449999998,SL,-1.0,-126.03,12476.75
1756647000,1756650900,short,108254.5,108484.215,108484.215,107795.07,SL,-1.0,-124.77,12351.98
1756653900,1756656000,long,108531.0,108693.21149999999,108368.78850000001,108855.42299999998,SL,1.0,123.52,12475.5
1756662600,1756664400,long,108940.0,108940.0,108826.05975,109167.8805,SL,0.0,0.0,12475.5
1756665600,1756667700,long,109057.5,108895.52500000001,108895.52500000001,109381.44999999998,SL,-1.0,-124.76,12350.75
1756673400,1756677600,long,109011.0,108871.53700000001,108871.53700000001,109289.92599999998,SL,-1.0,-123.51,12227.24
1756690200,1756692600,long,108255.0,107917.51425000001,107917.51425000001,108929.97149999999,SL,-1.0,-122.27,12104.97
1756696500,1756698300,short,107610.5,107610.5,107806.8765,107217.747,SL,0.0,0.0,12104.97
1756707600,1756711800,long,107919.5,108504.18099999998,107627.15950000001,108504.18099999998,Target,2.0,242.1,12347.07
1756733100,1756734300,long,109295.0,108988.97825,108988.97825,109907.0435,SL,-1.0,-123.47,12223.6
1756746000,1756746600,short,108724.0,108544.07525000001,108903.92474999999,108364.15050000002,SL,1.0,122.24,12345.83
1756752600,1756758900,long,109115.0,108908.01875,108908.01875,109528.9625,SL,-1.0,-123.46,12222.38
1756761300,1756764600,short,108412.0,107858.5445,108965.4555,107305.089,SL,1.0,122.22,12344.6
1756784400,1756789500,long,110325.5,110027.45875,110027.45875,110921.58249999999,SL,-1.0,-123.45,12221.15
1756789800,1756793700,short,110144.5,110366.65574999999,110366.65574999999,109700.18850000002,SL,-1.0,-122.21,12098.94
1756799700,1756802400,short,110118.0,110426.18549999999,110426.18549999999,109501.62900000002,SL,-1.0,-120.99,11977.95
1756804200,1756805100,long,110399.0,110399.0,110175.8845,110845.231,SL,0.0,0.0,11977.95
1756811400,1756812000,short,110142.5,110007.38875000001,110277.61124999999,109872.27750000003,SL,1.0,119.78,12097.73
1756815000,1756816800,short,109561.5,108942.68400000001,109870.908,108942.68400000001,Target,2.0,241.95,12339.69
1756830000,1756838700,short,110769.5,110426.97175000001,111112.02824999999,110084.44350000002,SL,1.0,123.4,12463.08
1756843500,1756843800,long,110762.0,110982.29849999999,110541.70150000001,111202.59699999998,SL,1.0,124.63,12587.71
1756846500,1756850100,long,111328.5,111108.91775000001,111108.91775000001,111767.66449999998,SL,-1.0,-125.88,12461.84
1756874100,1756876500,short,110976.5,110829.96625000001,111123.03374999999,110683.43250000002,SL,1.0,124.62,12586.46
1756884000,1756884600,short,110541.0,110869.90724999999,110869.90724999999,109883.18550000002,SL,-1.0,-125.86,12460.59
1756899600,1756903200,long,111519.5,111519.5,111293.82525000001,111970.84949999998,SL,0.0,0.0,12460.59
1756906200,1756906500,short,111266.5,111492.71849999999,111492.71849999999,110814.06300000002,SL,-1.0,-124.61,12335.98
1756912800,1756919400,short,112067.0,112067.0,112369.65675,111461.68650000001,SL,0.0,0.0,12335.98
1756923600,1756924200,short,112318.5,112101.7605,112535.2395,111885.02100000001,SL,1.0,123.36,12459.34
1756928100,1756928700,short,111815.5,111964.45425,111964.45425,111517.59150000001,SL,-1.0,-124.59,12334.75
1756944000,1756944900,short,111610.5,111776.36025,111776.36025,111278.7795,SL,-1.0,-123.35,12211.4
1756950600,1756952700,short,111772.5,111556.53375,111988.46625,111340.5675,SL,1.0,122.11,12333.52
1756954800,1756956000,short,111421.5,111671.80799999999,111671.80799999999,110920.88400000002,SL,-1.0,-123.34,12210.18
1756961400,1756962000,short,111099.0,110773.79400000002,111261.60299999999,110773.79400000002,Target,2.0,244.2,12454.39
1756966800,1756970100,short,110548.0,110548.0,110750.34749999999,110143.30500000002,SL,0.0,0.0,12454.39
1756976700,1756980300,long,110631.5,110860.07249999998,110517.21375000001,110860.07249999998,Target,2.0,249.09,12703.47
1756982400,1756983300,long,110930.5,110765.08975,110765.08975,111261.3205,SL,-1.0,-127.03,12576.44
1756987200,1756988100,short,110821.5,111010.4775,111010.4775,110443.54500000001,SL,-1.0,-125.76,12450.67
1756992000,1756993200,short,110728.0,110510.05475000001,110945.94524999999,110292.10950000002,SL,1.0,124.51,12575.18
1756993500,1756994400,short,110561.0,110260.09675000001,110861.90324999999,109959.19350000002,SL,1.0,125.75,12700.93
1756997400,1756998600,short,109943.5,109635.40175,110251.59825,109327.30350000001,SL,1.0,127.01,12827.94
1757005800,1757010000,long,109610.0,109891.6915,109328.3085,110173.383,SL,1.0,128.28,12956.22
1757021100,1757024700,long,110399.5,110756.77599999998,110220.86200000001,110756.77599999998,Target,2.0,259.12,13215.35
1757025000,1757025300,long,110587.5,110740.74475,110434.25525,110893.9895,SL,1.0,132.15,13347.5
1757040000,1757041800,long,111335.5,111133.40550000001,111133.40550000001,111739.68899999998,SL,-1.0,-133.47,13214.02
1757051100,1757055300,long,111598.5,111771.7405,111425.2595,111944.981,SL,1.0,132.14,13346.17
1757070000,1757070300,short,112280.0,112399.67175,112399.67175,112040.65650000001,SL,-1.0,-133.46,13212.7
1757070900,1757074500,short,112232.0,112465.70474999999,112465.70474999999,111764.59050000002,SL,-1.0,-132.13,13080.58
1757086500,1757094000,short,110713.5,110410.51950000001,111016.48049999999,110107.53900000002,SL,1.0,130.81,13211.38
1757116800,1757119200,short,110549.0,110762.3535,110762.3535,110122.293,SL,-1.0,-132.11,13079.27
1757122500,1757124600,long,110765.0,110765.0,110665.13975,110964.7205,SL,0.0,0.0,13079.27
1757135100,1757147700,short,110845.0,110845.0,110981.96325,110571.0735,SL,0.0,0.0,13079.27
1757148000,1757149800,long,110835.5,110692.12625,110692.12625,111122.2475,SL,-1.0,-130.79,12948.48
1757154000,1757159100,short,110679.0,110823.88424999999,110823.88424999999,110389.23150000002,SL,-1.0,-129.48,12818.99
1757172900,1757173200,short,110711.5,110629.63100000001,110793.36899999999,110547.76200000002,SL,1.0,128.19,12947.18
1757190600,1757191800,short,110018.5,110108.52674999999,110108.52674999999,109838.44650000002,SL,-1.0,-129.47,12817.71
1757195100,1757206500,long,110128.5,110261.52524999999,109995.47475000001,110394.55049999998,SL,1.0,128.18,12945.89
1757212200,1757216400,long,110476.5,110603.2025,110349.7975,110729.905,SL,1.0,129.46,13075.35
1757219700,1757221200,short,110514.0,110604.77475,110604.77475,110332.4505,SL,-1.0,-130.75,12944.59
1757227500,1757229900,short,110479.0,110608.27649999999,110608.27649999999,110220.44700000001,SL,-1.0,-129.45,12815.15
1757241600,1757247000,long,111094.0,111094.0,110951.49650000001,111379.00699999998,SL,0.0,0.0,12815.15
1757253900,1757254500,long,111202.0,111046.94875000001,111046.94875000001,111512.10249999998,SL,-1.0,-128.15,12686.99
1757259000,1757264700,long,111300.0,111067.4385,111067.4385,111765.12299999999,SL,-1.0,-126.87,12560.12
1757273400,1757275500,long,111106.0,111253.00725,110958.99275,111400.01449999999,SL,1.0,125.6,12685.73
1757306100,1757311200,short,111021.0,111021.0,111160.55249999999,110741.89500000002,SL,0.0,0.0,12685.73
1757311800,1757312400,short,110923.5,111089.51699999999,111089.51699999999,110591.46600000001,SL,-1.0,-126.86,12558.87
1757315400,1757316300,long,111187.0,111356.03675,111017.96325,111525.0735,SL,1.0,125.59,12684.46
1757322300,1757331000,long,111770.5,111770.5,111499.72225,112312.05549999999,SL,0.0,0.0,12684.46
1757343900,1757345700,long,112602.0,112602.0,112354.29475,113097.4105,SL,0.0,0.0,12684.46
1757362200,1757365800,short,112027.5,112027.5,112167.55575,111747.3885,SL,0.0,0.0,12684.46
1757376300,1757376900,short,112023.5,112023.5,112133.0385,111804.42300000001,SL,0.0,0.0,12684.46
1757379900,1757384400,short,111567.0,111093.25200000001,111803.874,111093.25200000001,Target,2.0,253.69,12938.15
1757413800,1757418900,short,112812.0,112434.05550000002,113000.97224999999,112434.05550000002,Target,2.0,258.76,13196.91
1757424600,1757426400,long,112745.5,112473.23525000001,112473.23525000001,113290.02949999998,SL,-1.0,-131.97,13064.94
1757439000,1757442300,long,110981.0,111167.92474999999,110794.07525000001,111354.84949999998,SL,1.0,130.65,13195.59
1757445000,1757448600,long,111183.0,111183.0,111031.4565,111486.087,SL,0.0,0.0,13195.59
1757468700,1757469600,short,110925.5,111116.5305,111116.5305,110543.43900000001,SL,-1.0,-131.96,13063.63
1757474400,1757479200,long,111451.5,111451.5,111301.3215,111751.85699999999,SL,0.0,0.0,13063.63
1757480100,1757483400,long,111479.5,111600.20724999999,111358.79275000001,111720.91449999998,SL,1.0,130.64,13194.27
1757488200,1757489100,long,111858.5,112067.35274999999,111649.64725000001,112276.20549999998,SL,1.0,131.94,13326.21
1757503200,1757504100,long,112344.5,112215.36425000001,112215.36425000001,112602.77149999997,SL,-1.0,-133.26,13192.95
1757511900,1757512200,long,113687.5,114031.20025,113343.79975,114374.90049999999,SL,1.0,131.93,13324.88
1757516700,1757518200,long,114005.0,113708.61725000001,113708.61725000001,114597.76549999998,SL,-1.0,-133.25,13191.63
1757528100,1757532300,short,113669.0,113152.12950000001,113927.43525,113152.12950000001,Target,2.0,263.83,13455.46
1757537700,1757538600,short,113578.5,113775.35925,113775.35925,113184.78150000001,SL,-1.0,-134.55,13320.91
1757557500,1757560500,short,113794.0,113966.95499999999,113966.95499999999,113448.09000000003,SL,-1.0,-133.21,13187.7
1757568000,1757568900,short,114066.0,114248.59575,114248.59575,113700.80850000001,SL,-1.0,-131.88,13055.82
1757587200,1757592600,long,114038.0,114217.95749999999,113858.04250000001,114397.91499999998,SL,1.0,130.56,13186.38
1757593800,1757594100,long,114229.5,113977.48275000001,113977.48275000001,114733.53449999998,SL,-1.0,-131.86,13054.52
1757596500,1757597700,short,113709.5,114039.99149999999,114039.99149999999,113048.51700000002,SL,-1.0,-130.55,12923.97
1757601600,1757605800,long,114426.0,113999.47175000001,113999.47175000001,115279.05649999998,SL,-1.0,-129.24,12794.73
1757613900,1757614200,long,114546.0,114403.76950000001,114403.76950000001,114830.46099999998,SL,-1.0,-127.95,12666.79
1757616900,1757620500,long,114237.0,114380.57525,114093.42475,114524.15049999999,SL,1.0,126.67,12793.45
1757628900,1757629200,long,114478.5,114628.193,114328.807,114777.886,SL,1.0,127.93,12921.39
1757637000,1757637900,long,115811.0,115811.0,115389.77625000001,116653.44749999998,SL,0.0,0.0,12921.39
1757644800,1757645400,long,115513.5,115346.29800000001,115346.29800000001,115847.90399999998,SL,-1.0,-129.21,12792.17
1757646600,1757648700,short,115249.5,115249.5,115444.6935,114859.11300000001,SL,0.0,0.0,12792.17
1757653200,1757655300,long,115368.5,115368.5,115215.86325000001,115673.77349999998,SL,0.0,0.0,12792.17
1757656200,1757658900,long,115487.0,115230.356,115230.356,116000.288,SL,-1.0,-127.92,12664.25
1757661600,1757664300,short,115247.5,114970.17150000003,115386.16424999999,114970.17150000003,Target,2.0,253.29,12917.54
1757666400,1757671500,short,115056.5,115056.5,115232.5875,114704.32500000001,SL,0.0,0.0,12917.54
1757673900,1757676300,short,114942.0,115069.00575,115069.00575,114687.9885,SL,-1.0,-129.18,12788.36
1757681700,1757684100,long,115003.0,114820.06125000001,114820.06125000001,115368.87749999997,SL,-1.0,-127.88,12660.48
1757694000,1757696700,long,115209.5,115427.02475,114991.97525,115644.5495,SL,1.0,126.6,12787.08
1757710800,1757714400,short,116129.5,115880.84000000001,116378.15999999999,115632.18000000002,SL,1.0,127.87,12914.95
1757724000,1757724300,long,116062.0,116169.50624999999,115954.49375000001,116277.01249999998,SL,1.0,129.15,13044.1
1757736000,1757743200,short,115856.0,115694.02,116017.98,115532.04000000001,SL,1.0,130.44,13174.54
1757744100,1757752200,short,115669.0,115823.88299999999,115823.88299999999,115359.23400000003,SL,-1.0,-131.75,13042.8
1757760300,1757760900,long,116024.0,115865.03850000001,115865.03850000001,116341.92299999998,SL,-1.0,-130.43,12912.37
1757765400,1757767200,short,115858.5,115982.9625,115982.9625,115609.57500000001,SL,-1.0,-129.12,12783.25
1757774400,1757780400,short,115761.5,115573.55425,115949.44575,115385.6085,SL,1.0,127.83,12911.08
1757784300,1757788200,long,115318.5,115503.09575,115133.90425,115687.69149999999,SL,1.0,129.11,13040.19
1757789400,1757793000,long,115550.0,115660.74849999999,115439.25150000001,115771.49699999997,SL,1.0,130.4,13170.59
1757801700,1757808300,short,115847.0,115956.94949999999,115956.94949999999,115627.10100000002,SL,-1.0,-131.71,13038.89
1757808600,1757811000,long,115933.5,115812.065,115812.065,116176.37,SL,-1.0,-130.39,12908.5
1757819100,1757822100,short,115795.5,115667.06700000001,115923.93299999999,115538.63400000002,SL,1.0,129.08,13037.58
1757838000,1757840100,long,115762.0,115857.862,115666.138,115953.72399999999,SL,1.0,130.38,13167.96
1757840700,1757842200,long,115899.5,116000.928,115798.072,116102.356,SL,1.0,131.68,13299.64
1757844300,1757845500,long,116095.5,115936.00300000001,115936.00300000001,116414.49399999998,SL,-1.0,-133.0,13166.64
1757852100,1757856000,short,115744.5,115610.0895,115878.9105,115475.679,SL,1.0,131.67,13298.31
1757856300,1757856600,short,115612.0,115454.144,115769.856,115296.288,SL,1.0,132.98,13431.29
1757862600,1757867100,short,115275.5,115444.19325,115444.19325,114938.1135,SL,-1.0,-134.31,13296.98
1757867400,1757874600,long,115397.0,115397.0,115176.88275,115837.23449999999,SL,0.0,0.0,13296.98
1757891100,1757891400,short,115907.0,115542.96900000001,116089.0155,115542.96900000001,Target,2.0,265.94,13562.92
1757891700,1757892000,short,115697.5,115456.55975,115938.44025,115215.6195,SL,1.0,135.63,13698.55
1757894700,1757895000,short,115230.0,115056.82725,115403.17275,114883.6545,SL,1.0,136.99,13835.53
1757908500,1757910000,long,115452.0,115676.39749999999,115339.80125,115676.39749999999,Target,2.0,276.71,14112.24
1757920800,1757921100,long,116219.0,116055.44325000001,116055.44325000001,116546.11349999998,SL,-1.0,-141.12,13971.12
1757936400,1757939100,long,115028.5,114780.08125,114780.08125,115525.3375,SL,-1.0,-139.71,13831.41
1757940900,1757942700,short,114657.0,114900.4215,114900.4215,114170.157,SL,-1.0,-138.31,13693.1
1757945100,1757946300,short,114527.5,114912.92774999999,114912.92774999999,113756.64450000002,SL,-1.0,-136.93,13556.16
1757952900,1757962800,long,114834.5,115397.11049999998,114553.19475000001,115397.11049999998,Target,2.0,271.12,13827.29
1757966700,1757967000,long,115262.0,115379.10124999999,115144.89875000001,115496.20249999998,SL,1.0,138.27,13965.56
1757967300,1757968500,long,115399.0,115163.3895,115163.3895,115870.22099999999,SL,-1.0,-139.66,13825.9
1757972700,1757973900,long,115387.5,115485.17374999999,115289.82625000001,115582.84749999997,SL,1.0,138.26,13964.16
1757975700,1757982000,short,115319.5,115155.28700000001,115483.71299999999,114991.07400000002,SL,1.0,139.64,14103.81
1757983800,1757984700,short,115066.0,115219.58099999999,115219.58099999999,114758.83800000002,SL,-1.0,-141.04,13962.77
1758003300,1758003900,long,115896.0,115722.11,115722.11,116243.78,SL,-1.0,-139.63,13823.14
1758007200,1758011400,long,115830.0,115644.64875000001,115644.64875000001,116200.70249999998,SL,-1.0,-138.23,13684.91
1758014100,1758016200,short,115601.5,115466.66075000001,115736.33924999999,115331.82150000002,SL,1.0,136.85,13821.76
1758023100,1758027900,short,115290.0,115454.6985,115454.6985,114960.603,SL,-1.0,-138.22,13683.54
1758029100,1758029700,long,115387.0,115153.39450000001,115153.39450000001,115854.21099999998,SL,-1.0,-136.84,13546.7
1758032100,1758037200,short,114946.0,115302.12225,115302.12225,114233.7555,SL,-1.0,-135.47,13411.24
1758045600,1758045900,long,116461.5,116619.68075,116303.31925,116777.8615,SL,1.0,134.11,13545.35
1758066600,1758071700,short,116649.5,116649.5,116802.37199999999,116343.75600000002,SL,0.0,0.0,13545.35
1758082800,1758084300,short,116354.0,116204.27725,116503.72275,116054.5545,SL,1.0,135.45,13680.8
1758088800,1758103500,long,117114.0,116486.72750000001,116486.72750000001,118368.54499999998,SL,-1.0,-136.81,13544.0
1758123900,1758125400,long,115798.0,115543.69925,115543.69925,116306.60149999999,SL,-1.0,-135.44,13408.56
1758127200,1758127800,short,115532.5,115532.5,115717.32974999999,115162.84050000002,SL,0.0,0.0,13408.56
1758132000,1758132600,long,116023.0,115695.1235,115695.1235,116678.753,SL,-1.0,-134.09,13274.47
1758134400,1758139500,short,115290.0,115990.9665,115990.9665,113888.06700000001,SL,-1.0,-132.74,13141.72
1758157800,1758158400,long,116387.0,116539.14649999999,116234.85350000001,116691.29299999998,SL,1.0,131.42,13273.14
1758161400,1758162000,long,116645.5,116480.7305,116480.7305,116975.03899999999,SL,-1.0,-132.73,13140.41
1758172200,1758175800,short,117396.5,117154.71025,117638.28975,116912.92050000001,SL,1.0,131.4,13271.81
1758190500,1758193200,short,117210.0,117210.0,117331.13625,116967.72750000001,SL,0.0,0.0,13271.81
1758194700,1758195300,long,117241.0,117080.4305,117080.4305,117562.139,SL,-1.0,-132.72,13139.1
1758213900,1758215100,long,117679.0,117455.243,117455.243,118126.514,SL,-1.0,-131.39,13007.71
1758216300,1758219300,short,117527.5,117800.871,117800.871,116980.758,SL,-1.0,-130.08,12877.63
1758221400,1758222900,long,117761.5,117586.67725000001,117586.67725000001,118111.14549999998,SL,-1.0,-128.78,12748.85
1758234900,1758235800,short,117213.5,117117.3745,117309.6255,117021.24900000001,SL,1.0,127.49,12876.34
1758238800,1758239400,long,116880.0,117041.38849999999,116718.61150000001,117202.77699999997,SL,1.0,128.76,13005.1
1758248100,1758254400,short,117131.0,116782.75350000002,117305.12324999999,116782.75350000002,Target,2.0,260.1,13265.21
1758259500,1758266400,short,116835.0,116835.0,117017.97975,116469.0405,SL,0.0,0.0,13265.21
1758267600,1758269700,long,116831.5,116965.378,116697.622,117099.256,SL,1.0,132.65,13397.86
1758273900,1758274800,short,116873.5,116740.02575,117006.97425,116606.5515,SL,1.0,133.98,13531.84
1758298500,1758302100,long,115959.0,115689.12650000001,115689.12650000001,116498.74699999997,SL,-1.0,-135.32,13396.52
1758308100,1758314700,short,115396.5,115396.5,115665.80399999999,114857.89200000002,SL,0.0,0.0,13396.52
1758319500,1758319800,long,115423.5,115517.19374999999,115329.80625000001,115610.88749999998,SL,1.0,133.97,13530.48
1758328800,1758329400,long,115543.5,115634.25524999999,115452.74475000001,115725.01049999997,SL,1.0,135.3,13665.79
1758337800,1758343200,short,115502.0,115502.0,115615.27875,115275.4425,SL,0.0,0.0,13665.79
1758345600,1758353700,long,115541.5,115791.97399999999,115416.263,115791.97399999999,Target,2.0,273.32,13939.1
1758357600,1758358500,long,115804.5,115714.61375,115714.61375,115984.27249999999,SL,-1.0,-139.39,13799.71
1758360900,1758368700,short,115701.0,115813.878,115813.878,115475.244,SL,-1.0,-138.0,13661.72
1758376200,1758381300,long,115878.5,115970.42224999999,115786.57775000001,116062.34449999998,SL,1.0,136.62,13798.33
1758384900,1758391200,short,115929.5,115690.50900000002,116048.99549999999,115690.50900000002,Target,2.0,275.97,14074.3
1758393600,1758403500,short,115696.5,115804.87349999999,115804.87349999999,115479.75300000003,SL,-1.0,-140.74,13933.56
1758413700,1758415200,short,115624.5,115550.17950000001,115698.82049999999,115475.85900000003,SL,1.0,139.34,14072.89
1758416700,1758421800,short,115546.0,115546.0,115692.31725,115253.36550000001,SL,0.0,0.0,14072.89
1758432900,1758433800,short,115493.0,115558.7505,115558.7505,115361.49900000001,SL,-1.0,-140.73,13932.16
1758456300,1758465600,long,115621.5,115508.71675,115508.71675,115847.06649999999,SL,-1.0,-139.32,13792.84
1758466500,1758473100,short,115545.0,115218.34950000001,115708.32525,115218.34950000001,Target,2.0,275.86,14068.7
1758515400,1758517500,long,114511.5,114314.31425000001,114314.31425000001,114905.87149999998,SL,-1.0,-140.69,13928.01
1758525600,1758526800,short,112659.5,112891.4175,112891.4175,112195.66500000001,SL,-1.0,-139.28,13788.73
1758541500,1758542400,long,112807.0,112675.634,112675.634,113069.73199999999,SL,-1.0,-137.89,13650.84
1758557100,1758561600,short,112688.5,112443.56150000001,112933.43849999999,112198.62300000002,SL,1.0,136.51,13787.35
1758568800,1758569400,long,112541.0,112401.27125,112401.27125,112820.45749999999,SL,-1.0,-137.87,13649.48
1758577200,1758581100,long,112831.0,112575.18425,112575.18425,113342.63149999999,SL,-1.0,-136.49,13512.98
1758582900,1758586500,short,112602.5,112602.5,112736.84025,112333.81950000001,SL,0.0,0.0,13512.98
1758594600,1758595800,short,112091.0,111809.34175,112372.65825,111527.68350000001,SL,1.0,135.13,13648.11
1758608100,1758614700,long,112750.5,112985.78575,112515.21425,113221.07149999999,SL,1.0,136.48,13784.6
1758618000,1758619200,long,113080.5,113080.5,112942.50050000001,113356.49899999998,SL,0.0,0.0,13784.6
1758621000,1758622800,short,112998.5,112858.95925,113138.04075,112719.4185,SL,1.0,137.85,13922.44
1758623700,1758624600,short,112872.5,112978.461,112978.461,112660.57800000001,SL,-1.0,-139.22,13783.22
1758642300,1758643500,short,112845.5,112671.01825000001,113019.98174999999,112496.53650000002,SL,1.0,137.83,13921.05
1758643800,1758644400,short,112756.0,112756.0,112950.447,112367.106,SL,0.0,0.0,13921.05
1758651600,1758654900,short,111945.5,111945.5,112234.08899999999,111368.32200000001,SL,0.0,0.0,13921.05
1758655200,1758657300,short,111801.5,111609.53125,111993.46875,111417.5625,SL,1.0,139.21,14060.26
1758659400,1758659700,short,111649.5,111649.5,111817.38075,111313.7385,SL,0.0,0.0,14060.26
1758675000,1758677700,long,112227.0,112391.05949999999,112062.94050000001,112555.11899999998,SL,1.0,140.6,14200.86
1758680100,1758680400,short,112384.5,112118.03850000002,112517.73074999999,112118.03850000002,Target,2.0,284.02,14484.88
1758683700,1758684300,short,112055.5,111870.90800000001,112240.09199999999,111686.31600000002,SL,1.0,144.85,14629.73
1758695700,1758698700,long,112641.5,112434.25475000001,112434.25475000001,113055.99049999999,SL,-1.0,-146.3,14483.43
1758705600,1758706500,long,112505.5,112711.95849999998,112402.27075000001,112711.95849999998,Target,2.0,289.67,14773.1
1758710700,1758711900,long,112785.0,112943.84125,112626.15875,113102.6825,SL,1.0,147.73,14920.83
1758714600,1758722100,long,113011.5,112831.55600000001,112831.55600000001,113371.38799999998,SL,-1.0,-149.21,14771.62
1758723900,1758724200,short,112993.0,113202.07274999999,113202.07274999999,112574.85450000002,SL,-1.0,-147.72,14623.91
1758739500,1758745200,short,113541.5,113541.5,113746.34474999999,113131.81050000002,SL,0.0,0.0,14623.91
1758762000,1758762600,short,113001.0,113271.6075,113271.6075,112459.785,SL,-1.0,-146.24,14477.67
1758779100,1758780900,short,111761.0,111601.56775,111920.43225,111442.1355,SL,1.0,144.78,14622.44
1758783000,1758784800,short,111573.5,111801.37275,111801.37275,111117.75450000001,SL,-1.0,-146.22,14476.22
1758828300,1758828600,long,109813.5,109576.1845,109576.1845,110288.131,SL,-1.0,-144.76,14331.46
1758833400,1758834300,short,109031.0,109391.6685,109391.6685,108309.663,SL,-1.0,-143.31,14188.14
1758837300,1758842700,long,109323.0,109323.0,109083.93075,109801.1385,SL,0.0,0.0,14188.14
1758855900,1758858600,short,109542.5,109542.5,109778.862,109069.77600000001,SL,0.0,0.0,14188.14
1758861300,1758866100,short,109371.0,109161.73725,109580.26275,108952.47450000001,SL,1.0,141.88,14330.02
1758872100,1758873300,short,109234.0,109234.0,109599.77249999999,108502.45500000002,SL,0.0,0.0,14330.02
1758878400,1758879300,long,109639.0,109451.247,109451.247,110014.506,SL,-1.0,-143.3,14186.72
1758881100,1758881700,short,109428.0,109065.4455,109609.27725,109065.4455,Target,2.0,283.73,14470.46
1758885600,1758886200,short,108701.0,108955.45049999999,108955.45049999999,108192.09900000002,SL,-1.0,-144.7,14325.75
1758903000,1758904200,long,109161.0,109389.99325,108932.00675,109618.9865,SL,1.0,143.26,14469.01
1758905700,1758907200,long,109369.0,109530.13124999999,109207.86875000001,109691.26249999998,SL,1.0,144.69,14613.7
1758909900,1758910500,long,109864.0,110072.35525,109655.64475,110280.71049999999,SL,1.0,146.14,14759.84
1758921900,1758965100,long,109418.0,109083.93075,109083.93075,110086.1385,SL,-1.0,-147.6,14612.24
1758970200,1758974400,long,109367.5,109227.85875,109227.85875,109646.7825,SL,-1.0,-146.12,14466.12
1758980700,1758984300,long,109331.5,109222.86125,109222.86125,109548.7775,SL,-1.0,-144.66,14321.46
1758988500,1758993300,long,109361.0,109218.86325000001,109218.86325000001,109645.27349999998,SL,-1.0,-143.21,14178.24
1758993600,1759008900,short,109247.0,109411.6785,109411.6785,108917.64300000001,SL,-1.0,-141.78,14036.46
1759021200,1759021500,long,109607.0,109457.244,109457.244,109906.51199999999,SL,-1.0,-140.36,13896.09
1759028700,1759035900,long,109424.5,109323.81075,109323.81075,109625.87849999999,SL,-1.0,-138.96,13757.13
1759036500,1759041300,short,109314.5,109314.5,109410.678,109122.144,SL,0.0,0.0,13757.13
1759050300,1759050900,short,109470.5,109363.73875,109577.26125,109256.97750000001,SL,1.0,137.57,13894.71
1759059900,1759060500,short,109234.5,109360.15275,109360.15275,108983.19450000001,SL,-1.0,-138.95,13755.76
1759069200,1759069800,long,109522.0,109633.23275,109410.76725,109744.46549999999,SL,1.0,137.56,13893.32
1759071000,1759071300,long,109652.5,109764.7975,109540.2025,109877.095,SL,1.0,138.93,14032.25
1759086900,1759090200,short,110176.5,110351.148,110351.148,109827.204,SL,-1.0,-140.32,13891.93
1759095000,1759096800,short,110665.0,110866.90574999999,110866.90574999999,110261.18850000002,SL,-1.0,-138.92,13753.01
1759101900,1759106100,long,112064.5,112064.5,111869.0375,112455.42499999999,SL,0.0,0.0,13753.01
1759107300,1759110300,long,112206.5,111952.49575,111952.49575,112714.5085,SL,-1.0,-137.53,13615.48
1759113600,1759117800,short,111744.5,111744.5,111946.44524999999,111340.60950000002,SL,0.0,0.0,13615.48
1759119900,1759122300,long,111791.0,111647.14850000001,111647.14850000001,112078.70299999998,SL,-1.0,-136.15,13479.32
1759126800,1759128300,long,111754.5,111584.18000000001,111584.18000000001,112095.13999999998,SL,-1.0,-134.79,13344.53
1759129500,1759132200,short,111577.0,111763.85399999999,111763.85399999999,111203.29200000002,SL,-1.0,-133.45,13211.08
1759137000,1759137300,long,112081.0,111982.9805,111982.9805,112277.03899999999,SL,-1.0,-132.11,13078.97
1759138800,1759141500,short,112024.5,112195.56975,112195.56975,111682.36050000001,SL,-1.0,-130.79,12948.18
1759144200,1759148100,short,111957.5,112127.0355,112127.0355,111618.429,SL,-1.0,-129.48,12818.7
1759148400,1759149000,long,112116.0,112277.50524999999,111954.49475000001,112439.01049999997,SL,1.0,128.19,12946.89
1759175400,1759181100,long,114109.0,114109.0,113882.03050000001,114562.93899999998,SL,0.0,0.0,12946.89
1759190100,1759191300,long,114270.0,114128.40725,114128.40725,114553.18549999999,SL,-1.0,-129.47,12817.42
1759195200,1759196400,long,114730.5,114403.76950000001,114403.76950000001,115383.96099999998,SL,-1.0,-128.17,12689.25
1759198500,1759206600,short,114419.5,114227.72300000001,114611.27699999999,114035.94600000003,SL,1.0,126.89,12816.14
1759212000,1759214100,short,113853.5,114013.47825,114013.47825,113533.5435,SL,-1.0,-128.16,12687.98
1759219500,1759222800,short,113607.0,113391.61725000001,113822.38274999999,113176.23450000002,SL,1.0,126.88,12814.86
1759225200,1759225500,short,113185.0,112817.68800000002,113368.65599999999,112817.68800000002,Target,2.0,256.3,13071.15
1759227600,1759232700,short,112810.5,113066.00475,113066.00475,112299.49050000001,SL,-1.0,-130.71,12940.44
1759263900,1759265400,long,114206.5,114394.038,114018.962,114581.576,SL,1.0,129.4,13069.85
1759270200,1759276800,short,114081.5,114081.5,114385.16399999999,113474.17200000002,SL,0.0,0.0,13069.85
1759282200,1759285800,long,114265.5,114265.5,114092.42525,114611.6495,SL,0.0,0.0,13069.85
1759290000,1759290600,short,114354.0,114157.7535,114550.2465,113961.50700000001,SL,1.0,130.7,13200.54
1759306800,1759307100,long,114548.0,114702.2255,114393.7745,114856.451,SL,1.0,132.01,13332.55
1759307700,1759308300,long,115069.0,115575.80975,114562.19025,116082.6195,SL,1.0,133.33,13465.88
1759324200,1759327200,long,116532.0,116737.19249999999,116326.80750000001,116942.38499999998,SL,1.0,134.66,13600.53
1759333500,1759336500,long,117507.5,117825.624,117189.376,118143.74799999999,SL,1.0,136.01,13736.54
1759340100,1759341000,short,117320.5,116770.96350000001,117595.26825,116770.96350000001,Target,2.0,274.73,14011.27
1759347900,1759349100,long,117428.0,117220.86025000001,117220.86025000001,117842.27949999998,SL,-1.0,-140.11,13871.16
1759351200,1759351800,short,117274.0,117415.17825,117415.17825,116991.6435,SL,-1.0,-138.71,13732.45
1759362300,1759362900,long,118178.0,118383.01599999999,117972.98400000001,118588.03199999998,SL,1.0,137.32,13869.77
1759371600,1759377000,long,118685.0,118685.0,118422.25925,119210.4815,SL,0.0,0.0,13869.77
1759381800,1759386600,short,118512.5,118512.5,118713.32699999999,118110.84600000002,SL,0.0,0.0,13869.77
1759388400,1759390200,long,118612.0,118421.25975000001,118421.25975000001,118993.48049999998,SL,-1.0,-138.7,13731.07
1759392600,1759393500,short,118387.5,118595.76825,118595.76825,117970.96350000001,SL,-1.0,-137.31,13593.76
1759397400,1759398300,long,118626.5,118740.286,118512.714,118854.07199999999,SL,1.0,135.94,13729.7
1759398600,1759403400,long,118729.0,118507.71650000001,118507.71650000001,119171.56699999998,SL,-1.0,-137.3,13592.4
1759407300,1759408500,long,118857.0,119071.85075,118642.14925,119286.7015,SL,1.0,135.92,13728.33
1759412100,1759414200,long,119262.0,119262.0,118930.00525,119925.9895,SL,0.0,0.0,13728.33
1759418100,1759421400,long,119010.0,120205.47149999999,118412.26425000001,120205.47149999999,Target,2.0,274.57,14002.89
1759425900,1759427700,short,119537.5,119838.88949999999,119838.88949999999,118934.72100000002,SL,-1.0,-140.03,13862.86
1759436400,1759439400,short,120650.0,120650.0,120909.92474999999,120130.15050000002,SL,0.0,0.0,13862.86
1759442400,1759446000,short,120137.5,120395.1675,120395.1675,119622.16500000001,SL,-1.0,-138.63,13724.24
1759450200,1759456200,short,120312.0,119781.48300000001,120577.2585,119781.48300000001,Target,2.0,274.48,13998.72
1759467600,1759471800,short,120001.5,120001.5,120203.07149999999,119598.35700000002,SL,0.0,0.0,13998.72
1759488300,1759489500,long,120374.0,120374.0,120268.8355,120584.329,SL,0.0,0.0,13998.72
1759491300,1759492200,short,120254.0,120411.67575,120411.67575,119938.64850000001,SL,-1.0,-139.99,13858.73
1759525500,1759528200,short,122401.5,122210.23425000001,122592.76574999999,122018.96850000002,SL,1.0,138.59,13997.32
1759537500,1759541400,short,122134.5,121996.39425000001,122272.60574999999,121858.28850000002,SL,1.0,139.97,14137.29
1759554900,1759555500,long,122509.5,122680.2,122338.8,122850.9,SL,1.0,141.37,14278.67
1759558200,1759565100,short,122438.0,122438.0,122628.28349999999,122057.43300000002,SL,0.0,0.0,14278.67
1759570800,1759572000,short,122311.5,122221.32975,122401.67025,122131.15950000001,SL,1.0,142.79,14421.45
1759578300,1759582800,short,122012.0,122144.04149999999,122144.04149999999,121747.91700000002,SL,-1.0,-144.21,14277.24
1759588200,1759589400,short,122291.5,122097.788,122485.212,121904.076,SL,1.0,142.77,14420.01
1759593600,1759594200,short,121850.5,121850.5,122042.49075,121466.5185,SL,0.0,0.0,14420.01
1759596900,1759599000,short,121590.5,121861.90049999999,121861.90049999999,121047.69900000002,SL,-1.0,-144.2,14275.81
1759601700,1759604100,short,121704.0,121550.1015,121857.8985,121396.20300000001,SL,1.0,142.76,14418.57
1759623300,1759623900,short,122245.5,122352.64575,122352.64575,122031.20850000001,SL,-1.0,-144.19,14274.38
1759627500,1759628400,short,122204.0,122348.64374999999,122348.64374999999,121914.71250000002,SL,-1.0,-142.74,14131.64
1759630500,1759631100,long,122345.0,122449.151,122240.849,122553.302,SL,1.0,141.32,14272.96
1759631700,1759632300,long,122854.5,123928.87849999999,122317.31075,123928.87849999999,Target,2.0,285.46,14558.42
1759642200,1759645200,long,125251.0,124837.55,124837.55,126077.9,SL,-1.0,-145.58,14412.83
1759663800,1759665900,long,123286.5,122917.01075,122917.01075,124025.4785,SL,-1.0,-144.13,14268.7
1759668000,1759669800,short,123078.0,123264.10124999999,123264.10124999999,122705.79750000002,SL,-1.0,-142.69,14126.02
1759671000,1759672200,long,123240.0,123067.4355,123067.4355,123585.12899999999,SL,-1.0,-141.26,13984.76
1759675200,1759675500,short,123078.0,122899.40250000001,123256.59749999999,122720.80500000002,SL,1.0,139.85,14124.6
1759693800,1759696500,short,122662.0,122908.42349999999,122908.42349999999,122169.15300000002,SL,-1.0,-141.25,13983.36
1759705200,1759705500,long,123117.5,123404.5355,122973.98225,123404.5355,Target,2.0,279.67,14263.02
1759707300,1759709400,long,123421.5,123222.85775000001,123222.85775000001,123818.78449999998,SL,-1.0,-142.63,14120.39
1759723500,1759725000,short,123748.0,123960.44924999999,123960.44924999999,123323.10150000002,SL,-1.0,-141.2,13979.19
1759729200,1759729500,short,123434.0,123673.30575,123673.30575,122955.3885,SL,-1.0,-139.79,13839.4
1759730700,1759732500,long,123680.0,123965.72799999999,123394.27200000001,124251.45599999998,SL,1.0,138.39,13977.79
1759744200,1759745400,long,123873.5,123873.5,123698.61975000001,124223.26049999997,SL,0.0,0.0,13977.79
1759746300,1759748400,long,123971.5,123800.069,123800.069,124314.362,SL,-1.0,-139.78,13838.01
1759755300,1759757100,long,124474.5,124738.1365,124210.8635,125001.77299999999,SL,1.0,138.38,13976.39
1759773900,1759776300,short,125205.0,125521.22924999999,125521.22924999999,124572.54150000002,SL,-1.0,-139.76,13836.63
1759779000,1759779600,long,125663.0,125362.2875,125362.2875,126264.42499999999,SL,-1.0,-138.37,13698.26
1759782000,1759785600,short,125308.5,124773.98700000002,125575.75649999999,124773.98700000002,Target,2.0,273.97,13972.23
1759787700,1759788000,short,124867.0,125033.4855,125033.4855,124534.02900000001,SL,-1.0,-139.72,13832.51
1759789200,1759790100,long,125201.5,124882.52750000001,124882.52750000001,125839.44499999998,SL,-1.0,-138.33,13694.18
1759791900,1759798800,short,124896.0,124896.0,125148.04275,124391.91450000001,SL,0.0,0.0,13694.18
1759803600,1759805700,short,124540.0,124223.364,124698.318,124223.364,Target,2.0,273.88,13968.07
1759818000,1759818300,short,124252.0,124022.29025,124481.70975,123792.58050000001,SL,1.0,139.68,14107.75
1759821300,1759824000,short,123858.0,123631.48875,124084.51125,123404.97750000001,SL,1.0,141.08,14248.82
1759837800,1759841100,long,124407.5,124661.108,124153.892,124914.71599999999,SL,1.0,142.49,14391.31
1759846200,1759849500,short,123336.5,121973.54400000002,124017.97799999999,121973.54400000002,Target,2.0,287.83,14679.14
1759866000,1759866600,long,121440.5,121730.60549999999,121150.39450000001,122020.71099999998,SL,1.0,146.79,14825.93
1759866900,1759870800,long,121541.5,121852.14575,121230.85425,122162.79149999999,SL,1.0,148.26,14974.19
1759910700,1759911600,long,121572.5,121806.19975,121338.80025,122039.8995,SL,1.0,149.74,15123.93
1759922100,1759923900,long,123013.5,122705.11675,122705.11675,123630.2665,SL,-1.0,-151.24,14972.69
1759926300,1759930800,short,122702.0,122322.49,123081.51,121942.98000000001,SL,1.0,149.73,15122.42
1759934400,1759940100,short,122333.5,122881.40999999999,122881.40999999999,121237.68000000002,SL,-1.0,-151.22,14971.19
1759941900,1759942500,long,122704.0,122956.75624999999,122451.24375000001,123209.51249999998,SL,1.0,149.71,15120.91
1759949700,1759951200,short,123448.5,123448.5,123764.85149999999,122815.79700000002,SL,0.0,0.0,15120.91
1759956000,1759956900,short,123362.0,123134.73625,123589.26375,122907.4725,SL,1.0,151.21,15272.12
1759968600,1759969800,short,123168.0,122981.85375000001,123354.14624999999,122795.70750000002,SL,1.0,152.72,15424.84
1759976700,1759980000,short,121961.5,121961.5,122350.64474999999,121183.21050000002,SL,0.0,0.0,15424.84
1759994400,1759996200,short,121907.5,121907.5,122079.50924999999,121563.48150000002,SL,0.0,0.0,15424.84
1759998000,1759998300,short,121634.5,121329.56075,121939.43925,121024.62150000001,SL,1.0,154.25,15579.09
1759999500,1760000400,short,121406.0,121406.0,121644.79199999999,120928.41600000003,SL,0.0,0.0,15579.09
1760005800,1760006400,long,121842.0,122127.30875,121556.69125,122412.6175,SL,1.0,155.79,15734.88
1760021400,1760028900,short,121189.0,119879.217,121843.8915,119879.217,Target,2.0,314.7,16049.57
1760039700,1760040000,long,120867.0,121000.397,120733.603,121133.794,SL,1.0,160.5,16210.07
1760044200,1760044800,long,121137.0,121325.00475,120948.99525,121513.00949999999,SL,1.0,162.1,16372.17
1760046000,1760048100,long,121292.5,121455.09525,121129.90475,121617.6905,SL,1.0,163.72,16535.89
1760050200,1760051100,long,121649.5,121422.25850000001,121422.25850000001,122103.98299999998,SL,-1.0,-165.36,16370.53
1760055300,1760056800,long,121647.0,121647.0,121474.73225,121991.5355,SL,0.0,0.0,16370.53
1760058300,1760060400,long,121750.5,121529.70475,121529.70475,122192.09049999999,SL,-1.0,-163.71,16206.83
1760061900,1760063400,short,121497.5,121263.66475000001,121731.33524999999,121029.82950000002,SL,1.0,162.07,16368.9
1760078400,1760079000,long,121582.0,121392.77325000001,121392.77325000001,121960.45349999997,SL,-1.0,-163.69,16205.21
1760082000,1760083200,short,121105.5,121105.5,121364.65199999999,120587.19600000003,SL,0.0,0.0,16205.21
1760088600,1760089500,long,121590.5,121359.29000000001,121359.29000000001,122052.91999999998,SL,-1.0,-162.05,16043.15
1760092500,1760093400,short,121266.0,121463.7015,121463.7015,120870.59700000001,SL,-1.0,-160.43,15882.72
1760108700,1760110200,short,120420.0,118565.71350000001,121347.14325,118565.71350000001,Target,2.0,317.65,16200.38
1760121300,1760123100,short,117563.5,117240.58625000001,117886.41374999999,116917.67250000002,SL,1.0,162.0,16362.38
1760128200,1760129400,long,116968.5,116616.6625,116616.6625,117672.17499999999,SL,-1.0,-163.62,16198.76
1760136000,1760139900,long,113058.0,114113.02949999999,112002.97050000001,115168.05899999998,SL,1.0,161.99,16360.75
1760144700,1760145000,short,112474.0,112114.11125,112833.88875,111754.2225,SL,1.0,163.61,16524.35
1760147700,1760148300,short,111140.0,111884.9145,111884.9145,109650.171,SL,-1.0,-165.24,16359.11
1760155800,1760157000,long,112387.0,111973.48525000001,111973.48525000001,113214.02949999998,SL,-1.0,-163.59,16195.52
1760163600,1760164200,long,112355.0,112355.0,112025.959,113013.082,SL,0.0,0.0,16195.52
1760175900,1760181300,long,111753.5,111753.5,111372.78575000001,112514.92849999998,SL,0.0,0.0,16195.52
1760199900,1760200500,short,111895.0,111675.971,112114.029,111456.94200000001,SL,1.0,161.96,16357.47
1760229900,1760235900,short,109881.0,110489.71724999999,110489.71724999999,108663.56550000003,SL,-1.0,-163.57,16193.9
1760247000,1760250300,long,111466.5,111975.76749999999,111211.86625,111975.76749999999,Target,2.0,323.88,16517.78
1760271000,1760272500,long,111974.0,111723.61025000001,111723.61025000001,112474.77949999998,SL,-1.0,-165.18,16352.6
1760277600,1760280300,short,111312.5,111835.38974999999,111835.38974999999,110266.72050000002,SL,-1.0,-163.53,16189.07
1760287200,1760287500,long,113721.5,114087.70599999999,113355.29400000001,114453.91199999998,SL,1.0,161.89,16350.96
1760289000,1760291400,long,114122.0,113747.59775,113747.59775,114870.8045,SL,-1.0,-163.51,16187.45
1760293500,1760294100,short,113876.5,113876.5,114252.09749999999,113125.30500000002,SL,0.0,0.0,16187.45
1760329500,1760336100,short,114621.0,114979.96125,114979.96125,113903.07750000001,SL,-1.0,-161.87,16025.58
1760339700,1760346600,long,115309.0,114924.00925,114924.00925,116078.9815,SL,-1.0,-160.26,15865.32
1760350500,1760353200,short,114907.5,114646.44450000001,115168.55549999999,114385.38900000002,SL,1.0,158.65,16023.98
1760353500,1760353800,short,114740.5,114492.53450000001,114988.46549999999,114244.56900000002,SL,1.0,160.24,16184.22
1760358600,1760359500,long,114340.0,114584.57625,114095.42375,114829.1525,SL,1.0,161.84,16346.06
1760363700,1760365200,long,115108.5,114478.732,114478.732,116368.036,SL,-1.0,-163.46,16182.6
1760367300,1760370600,short,114099.0,114621.78224999999,114621.78224999999,113053.43550000002,SL,-1.0,-161.83,16020.77
1760371200,1760371500,short,114277.5,114752.34749999999,114752.34749999999,113327.80500000002,SL,-1.0,-160.21,15860.56
1760374200,1760375100,long,114542.5,114542.5,114233.8545,115159.791,SL,0.0,0.0,15860.56
1760381400,1760383200,long,115168.5,115454.96974999999,114882.03025000001,115741.43949999998,SL,1.0,158.61,16019.17
1760389200,1760396400,long,115573.5,115341.80025,115341.80025,116036.8995,SL,-1.0,-160.19,15858.98
1760412300,1760418300,short,113281.5,113281.5,113702.32274999999,112439.85450000002,SL,0.0,0.0,15858.98
1760425800,1760435400,short,111713.5,111248.43875,112178.56125,110783.3775,SL,1.0,158.59,16017.57
1760447400,1760447700,short,110686.0,110686.0,111006.4755,110045.049,SL,0.0,0.0,16017.57
1760460600,1760460900,long,112740.0,112222.36075,112222.36075,113775.27849999999,SL,-1.0,-160.18,15857.39
1760472300,1760473500,short,112425.5,112834.389,112834.389,111607.72200000001,SL,-1.0,-158.57,15698.82
1760477100,1760478900,long,112810.0,113031.3225,112588.6775,113252.64499999999,SL,1.0,156.99,15855.81
1760503500,1760505600,long,112225.0,112225.0,111977.98300000001,112719.03399999999,SL,0.0,0.0,15855.81
1760506800,1760508900,long,112375.0,112085.42925,112085.42925,112954.1415,SL,-1.0,-158.56,15697.25
1760514900,1760515800,long,112491.5,112697.67074999999,112285.32925000001,112903.84149999998,SL,1.0,156.97,15854.22
1760523900,1760524800,short,112391.0,112391.0,112671.3075,111830.38500000001,SL,0.0,0.0,15854.22
1760533500,1760535000,short,111550.0,111275.61575000001,111824.38424999999,111001.23150000002,SL,1.0,158.54,16012.76
1760535900,1760537100,short,111439.0,112027.98599999999,112027.98599999999,110261.02800000002,SL,-1.0,-160.13,15852.64
1760553900,1760556900,long,111189.0,111189.0,110888.02825,111790.9435,SL,0.0,0.0,15852.64
1760562000,1760563500,short,110985.5,110985.5,111455.19975,110046.1005,SL,0.0,0.0,15852.64
1760565300,1760566800,short,110832.0,111210.07724999999,111210.07724999999,110075.84550000002,SL,-1.0,-158.53,15694.11
1760578500,1760579400,long,110879.0,111142.3355,110615.6645,111405.671,SL,1.0,156.94,15851.05
1760584800,1760586900,long,111564.0,111314.315,111314.315,112063.37,SL,-1.0,-158.51,15692.54
1760589900,1760590200,short,111412.0,111114.49500000002,111560.75249999999,111114.49500000002,Target,2.0,313.85,16006.39
1760603400,1760604000,short,110561.0,110755.34999999999,110755.34999999999,110172.30000000002,SL,-1.0,-160.06,15846.33
1760611500,1760611800,long,111306.5,111457.60549999999,111155.39450000001,111608.71099999998,SL,1.0,158.46,16004.79
1760614200,1760614500,short,111246.5,111246.5,111423.18375,110893.1325,SL,0.0,0.0,16004.79
1760618400,1760619600,long,111500.0,111236.85375000001,111236.85375000001,112026.29249999998,SL,-1.0,-160.05,15844.74
1760626500,1760629200,short,110628.0,109814.80725000001,111441.19274999999,109001.61450000003,SL,1.0,158.45,16003.19
1760644200,1760646600,long,108035.0,107590.178,107590.178,108924.644,SL,-1.0,-160.03,15843.16
1760666100,1760666700,long,108782.0,108570.18775000001,108570.18775000001,109205.62449999998,SL,-1.0,-158.43,15684.73
1760667000,1760669400,short,108453.0,108849.89774999999,108849.89774999999,107659.20450000002,SL,-1.0,-156.85,15527.88
1760691300,1760693400,short,104841.0,105333.6405,105333.6405,103855.71900000001,SL,-1.0,-155.28,15372.6
1760705400,1760706900,short,105410.5,105017.1245,105803.8755,104623.74900000001,SL,1.0,153.73,15526.33
1760721900,1760724600,short,106280.5,106753.85024999999,106753.85024999999,105333.79950000002,SL,-1.0,-155.26,15371.06
1760766300,1760770800,long,106671.5,106938.72875,106404.27125,107205.95749999999,SL,1.0,153.71,15524.77
1760773200,1760773800,long,107118.5,107118.5,106921.01275000001,107513.47449999998,SL,0.0,0.0,15524.77
1760775900,1760777100,short,106785.5,106785.5,106986.4665,106383.56700000001,SL,0.0,0.0,15524.77
1760778000,1760781000,short,106660.5,106843.39499999999,106843.39499999999,106294.71000000002,SL,-1.0,-155.25,15369.53
1760783400,1760784300,long,106880.5,107006.90375,106754.09625,107133.3075,SL,1.0,153.7,15523.22
1760788800,1760789400,long,106975.0,107122.94025,106827.05975,107270.8805,SL,1.0,155.23,15678.45
1760794500,1760799600,short,106860.5,107108.02725,107108.02725,106365.4455,SL,-1.0,-156.78,15521.67
1760807100,1760807700,short,106608.5,106737.84224999999,106737.84224999999,106349.81550000003,SL,-1.0,-155.22,15366.45
1760810100,1760816700,long,106820.5,106978.85775,106662.14225,107137.21549999999,SL,1.0,153.66,15520.12
1760826300,1760829300,long,107156.5,106999.47350000001,106999.47350000001,107470.55299999999,SL,-1.0,-155.2,15364.92
1760839500,1760841000,long,106944.0,106816.06525,106816.06525,107199.8695,SL,-1.0,-153.65,15211.27
1760861100,1760861700,long,106767.0,106899.84375,106634.15625,107032.6875,SL,1.0,152.11,15363.38
1760866200,1760866800,short,106232.0,106446.69674999999,106446.69674999999,105802.60650000002,SL,-1.0,-153.63,15209.74
1760883900,1760901000,long,108388.5,108937.94649999999,107839.05350000001,109487.39299999998,SL,1.0,152.1,15361.84
1760902800,1760911200,short,108862.0,108862.0,109145.5455,108294.90900000001,SL,0.0,0.0,15361.84
1760930400,1760931600,long,108703.5,108938.76125,108468.23875,109174.02249999999,SL,1.0,153.62,15515.46
1760939400,1760940300,long,110746.0,111018.76425,110473.23575,111291.52849999999,SL,1.0,155.15,15670.62
1760942400,1760948400,long,111260.0,110944.5,110944.5,111891.0,SL,-1.0,-156.71,15513.91
1760952600,1760963700,short,110682.5,111166.05524999999,111166.05524999999,109715.38950000002,SL,-1.0,-155.14,15358.77
1760970600,1760972700,long,110944.5,111274.33499999999,110614.66500000001,111604.16999999998,SL,1.0,153.59,15512.36
1760973000,1760973300,long,111250.0,111030.95675000001,111030.95675000001,111688.08649999998,SL,-1.0,-155.12,15357.23
1760974200,1760975400,long,111246.5,111462.04324999999,111030.95675000001,111677.58649999998,SL,1.0,153.57,15510.81
1760980500,1760981700,short,110626.5,110148.97575000001,111104.02424999999,109671.45150000002,SL,1.0,155.11,15665.91
1760989200,1760990700,long,110796.5,110796.5,110454.74500000001,111480.00999999998,SL,0.0,0.0,15665.91
1760994300,1760995200,long,111049.0,110888.02825,110888.02825,111370.9435,SL,-1.0,-156.66,15509.26
1761003600,1761005700,short,110552.0,110315.63350000001,110788.36649999999,110079.26700000002,SL,1.0,155.09,15664.35
1761015000,1761016800,short,109554.5,109343.14450000001,109765.85549999999,109131.78900000002,SL,1.0,156.64,15820.99
1761026100,1761027300,short,107627.0,107845.896,107845.896,107189.20800000001,SL,-1.0,-158.21,15662.78
1761035700,1761042900,short,107671.0,107960.95349999999,107960.95349999999,107091.09300000002,SL,-1.0,-156.63,15506.15
1761055800,1761056100,long,108776.5,109711.86299999998,108308.81850000001,109711.86299999998,Target,2.0,310.12,15816.28
1761058500,1761060300,long,110782.5,113035.21099999998,109656.14450000001,113035.21099999998,Target,2.0,316.33,16132.6
1761069600,1761071700,short,112019.0,111632.32525000001,112405.67474999999,111245.65050000002,SL,1.0,161.33,16293.93
1761076500,1761076800,long,111877.5,111680.13200000001,111680.13200000001,112272.23599999998,SL,-1.0,-162.94,16130.99
1761098400,1761100500,long,108296.5,108296.5,108038.45375,108812.5925,SL,0.0,0.0,16130.99
1761104400,1761105600,short,107935.5,108235.09049999999,108235.09049999999,107336.31900000002,SL,-1.0,-161.31,15969.68
1761108000,1761110100,long,108459.0,108259.34325,108259.34325,108858.31349999999,SL,-1.0,-159.7,15809.98
1761113400,1761114000,short,108012.0,108205.57574999999,108205.57574999999,107624.84850000002,SL,-1.0,-158.1,15651.88
1761121500,1761123900,long,108207.0,107991.47725000001,107991.47725000001,108638.04549999998,SL,-1.0,-156.52,15495.36
1761135600,1761137100,long,107711.0,108076.19975,107345.80025,108441.3995,SL,1.0,154.95,15650.32
1761138000,1761138600,long,108033.0,108216.45175,107849.54825,108399.90349999999,SL,1.0,156.5,15806.82
1761138900,1761139800,long,108067.0,107821.0625,107821.0625,108558.875,SL,-1.0,-158.07,15648.75
1761145500,1761146100,long,108983.0,108066.43975,108066.43975,110816.12049999999,SL,-1.0,-156.49,15492.26
1761151800,1761155400,short,108370.5,107901.10725,108839.89275,107431.7145,SL,1.0,154.92,15647.19
1761164400,1761165300,short,107831.5,107831.5,108078.01199999999,107338.47600000002,SL,0.0,0.0,15647.19
1761166200,1761166800,short,107583.5,107220.05350000001,107946.94649999999,106856.60700000002,SL,1.0,156.47,15803.66
1761196500,1761199800,long,108718.0,108922.284,108513.716,109126.568,SL,1.0,158.04,15961.7
1761221100,1761222000,short,109103.5,109103.5,109354.65,108601.20000000001,SL,0.0,0.0,15961.7
1761222900,1761226200,short,108963.0,109253.5995,109253.5995,108381.801,SL,-1.0,-159.62,15802.08
1761226800,1761228600,long,109350.0,108932.5065,108932.5065,110184.987,SL,-1.0,-158.02,15644.06
1761234900,1761238200,long,109935.0,109935.0,109509.21800000001,110786.56399999998,SL,0.0,0.0,15644.06
1761248400,1761249600,short,110314.5,110076.25125,110552.74875,109838.0025,SL,1.0,156.44,15800.5
1761252300,1761252900,short,109813.0,109550.48975000001,110075.51024999999,109287.97950000002,SL,1.0,158.0,15958.5
1761255300,1761255600,short,109614.5,109485.15550000001,109743.84449999999,109355.81100000002,SL,1.0,159.59,16118.09
1761266400,1761268800,long,110292.5,110292.5,110024.46025,110828.57949999999,SL,0.0,0.0,16118.09
1761289200,1761289800,long,111407.0,111243.85025,111243.85025,111733.2995,SL,-1.0,-161.18,15956.91
1761303300,1761304200,short,111081.0,111231.08774999999,111231.08774999999,110780.82450000002,SL,-1.0,-159.57,15797.34
1761307500,1761309000,long,111090.0,111390.4225,110789.5775,111690.845,SL,1.0,157.97,15955.31
1761311400,1761312600,long,111357.0,111088.92775,111088.92775,111893.1445,SL,-1.0,-159.55,15795.76
1761312900,1761313200,short,111186.0,110905.72950000002,111326.13524999999,110905.72950000002,Target,2.0,315.92,16111.67
1761313500,1761316200,short,110675.0,110068.387,111281.613,109461.774,SL,1.0,161.12,16272.79
1761331800,1761332700,long,110552.0,110729.215,110374.785,110906.43,SL,1.0,162.73,16435.52
1761344700,1761347100,long,111011.5,110855.04475,110855.04475,111324.4105,SL,-1.0,-164.36,16271.16
1761350400,1761351000,long,110961.5,110849.5475,110849.5475,111185.405,SL,-1.0,-162.71,16108.45
1761357300,1761365700,long,110994.5,111253.42049999998,110865.03975000001,111253.42049999998,Target,2.0,322.17,16430.62
1761372900,1761373800,long,111368.5,111227.3585,111227.3585,111650.783,SL,-1.0,-164.31,16266.31
1761376500,1761377400,long,111440.0,111615.65999999999,111264.34000000001,111791.31999999998,SL,1.0,162.66,16428.98
1761379500,1761382200,long,111492.0,111642.6985,111341.3015,111793.397,SL,1.0,164.29,16593.27
1761396300,1761396600,long,111676.5,111676.5,111555.19450000001,111919.11099999998,SL,0.0,0.0,16593.27
1761398400,1761398700,long,111778.5,111637.1535,111637.1535,112061.193,SL,-1.0,-165.93,16427.34
1761402000,1761404400,short,111650.0,111507.63175,111792.36825,111365.2635,SL,1.0,164.27,16591.61
1761413400,1761416700,short,111286.0,111438.6915,111438.6915,110980.617,SL,-1.0,-165.92,16425.69
1761423600,1761424500,short,111550.5,111434.69475000001,111666.30524999999,111318.88950000002,SL,1.0,164.26,16589.95
1761425700,1761432000,short,111385.5,111557.75099999999,111557.75099999999,111040.99800000002,SL,-1.0,-165.9,16424.05
1761436800,1761438600,long,111574.0,111703.25025,111444.74975,111832.5005,SL,1.0,164.24,16588.29
1761441300,1761443700,long,111731.5,111591.67625,111591.67625,112011.14749999999,SL,-1.0,-165.88,16422.41
1761446700,1761451800,short,111512.0,111328.18000000001,111695.81999999999,111144.36000000002,SL,1.0,164.22,16586.63
1761455700,1761458400,long,111390.0,111524.6555,111255.3445,111659.31099999999,SL,1.0,165.87,16752.5
1761462600,1761465600,long,111611.5,111710.28425,111512.71575,111809.0685,SL,1.0,167.52,16920.02
1761468300,1761469800,long,111765.5,111661.64125,111661.64125,111973.2175,SL,-1.0,-169.2,16750.82
1761484800,1761486000,long,113495.0,113713.66649999999,113276.33350000001,113932.33299999998,SL,1.0,167.51,16918.33
1761487800,1761490800,long,113727.5,113492.72525,113492.72525,114197.0495,SL,-1.0,-169.18,16749.15
1761498900,1761501300,long,113644.5,113421.76075,113421.76075,114089.9785,SL,-1.0,-167.49,16581.66
1761512100,1761513900,short,113372.0,113234.27350000001,113509.72649999999,113096.54700000002,SL,1.0,165.82,16747.47
1761527700,1761528900,long,114884.0,115164.3305,114603.6695,115444.661,SL,1.0,167.47,16914.95
1761535800,1761541200,short,114958.0,115281.612,115281.612,114310.77600000001,SL,-1.0,-169.15,16745.8
1761543900,1761544800,long,115513.5,115361.2905,115361.2905,115817.919,SL,-1.0,-167.46,16578.34
1761553800,1761554400,short,115460.5,115294.2155,115626.7845,115127.93100000001,SL,1.0,165.78,16744.12
1761560100,1761568500,long,115370.0,115073.4345,115073.4345,115963.131,SL,-1.0,-167.44,16576.68
1761577500,1761580500,long,114854.5,114854.5,114602.67000000001,115358.15999999997,SL,0.0,0.0,16576.68
1761594900,1761595200,short,114894.5,114894.5,115060.00124999999,114563.49750000003,SL,0.0,0.0,16576.68
1761597000,1761599400,short,114676.5,114468.08625000001,114884.91374999999,114259.67250000002,SL,1.0,165.77,16742.45
1761602400,1761610800,short,114267.0,114267.0,114665.30399999999,113470.39200000002,SL,0.0,0.0,16742.45
1761619800,1761630900,short,113891.0,113627.95150000001,114154.04849999999,113364.90300000002,SL,1.0,167.42,16909.87
1761637800,1761642000,long,114217.0,114384.0535,114049.9465,114551.10699999999,SL,1.0,169.1,17078.97
1761659400,1761660600,long,115092.0,115413.91374999999,114770.08625000001,115735.82749999998,SL,1.0,170.79,17249.76
1761665400,1761666000,short,115010.5,114763.90025,115257.09975,114517.30050000001,SL,1.0,172.5,17422.26
1761675600,1761676500,short,115138.5,114643.17150000003,115386.16424999999,114643.17150000003,Target,2.0,348.45,17770.7
1761678900,1761679200,short,114851.0,114371.967,115090.5165,114371.967,Target,2.0,355.41,18126.12
1761679500,1761683400,short,114029.0,112376.20200000002,114855.39899999999,112376.20200000002,Target,2.0,362.52,18488.64
1761684600,1761685500,short,112700.0,112343.5,113056.5,111987.0,SL,1.0,184.89,18673.53
1761690600,1761696000,long,113010.0,112722.61050000001,112722.61050000001,113584.77899999998,SL,-1.0,-186.74,18486.79
1761698400,1761699900,short,112574.0,112370.13925000001,112777.86074999999,112166.27850000001,SL,1.0,184.87,18671.66
1761705000,1761707100,long,112575.0,112352.29575,112352.29575,113020.40849999999,SL,-1.0,-186.72,18484.94
1761730500,1761734100,short,112867.5,113098.521,113098.521,112405.45800000001,SL,-1.0,-184.85,18300.09
1761734400,1761735000,long,113051.0,112901.52100000001,112901.52100000001,113349.95799999998,SL,-1.0,-183.0,18117.09
1761750600,1761751800,short,112223.5,111874.74200000001,112572.25799999999,111525.98400000003,SL,1.0,181.17,18298.26
1761752100,1761754200,short,111958.5,110974.1055,112450.69725,110974.1055,Target,2.0,365.97,18664.23
1761757200,1761758400,long,111272.0,111008.96775000001,111008.96775000001,111798.06449999998,SL,-1.0,-186.64,18477.59
1761762600,1761762900,long,111540.0,111066.43900000001,111066.43900000001,112487.12199999997,SL,-1.0,-184.78,18292.81
1761786900,1761793200,long,110445.0,110745.09999999999,110144.90000000001,111045.19999999998,SL,1.0,182.93,18475.74
1761812700,1761815700,short,110776.0,110384.444,111167.556,109992.888,SL,1.0,184.76,18660.5
1761817200,1761825000,short,110194.5,109839.75300000001,110549.24699999999,109485.00600000002,SL,1.0,186.6,18847.1
1761825300,1761825600,short,109898.0,109695.47725000001,110100.52274999999,109492.95450000002,SL,1.0,188.47,19035.57
1761825900,1761826500,short,109650.5,109347.05050000001,109953.94949999999,109043.60100000002,SL,1.0,190.36,19225.93
1761831600,1761831900,short,108307.0,107790.489,108565.2555,107790.489,Target,2.0,384.52,19610.45
1761834900,1761838200,long,108059.5,107671.63725,107671.63725,108835.2255,SL,-1.0,-196.1,19414.34
1761850800,1761852300,short,106948.5,106948.5,107260.6035,106324.293,SL,0.0,0.0,19414.34
1761854100,1761855000,short,106299.0,106906.92675,106906.92675,105083.1465,SL,-1.0,-194.14,19220.2
1761861300,1761871500,long,107825.0,108762.40999999997,107356.29500000001,108762.40999999997,Target,2.0,384.4,19604.6
1761878700,1761883500,short,108865.5,109316.631,109316.631,107963.23800000001,SL,-1.0,-196.05,19408.56
1761883800,1761884400,long,109226.0,109433.53649999999,109018.46350000001,109641.07299999997,SL,1.0,194.09,19602.64
1761890700,1761891300,short,109806.0,109629.53625,109982.46375,109453.07250000001,SL,1.0,196.03,19798.67
1761898500,1761899100,short,109377.0,109763.85449999999,109763.85449999999,108603.29100000003,SL,-1.0,-197.99,19600.68
1761906900,1761907200,short,109774.0,109955.95049999999,109955.95049999999,109410.09900000002,SL,-1.0,-196.01,19404.68
1761919800,1761921300,short,109912.5,109912.5,110222.58374999999,109292.33250000002,SL,0.0,0.0,19404.68
1761922800,1761927300,long,110666.5,109913.51575,109913.51575,112172.46849999999,SL,-1.0,-194.05,19210.63
1761927600,1761928800,short,109962.0,109962.0,110326.63574999999,109232.72850000003,SL,0.0,0.0,19210.63
1761938100,1761939000,long,109425.0,109817.5435,109032.4565,110210.087,SL,1.0,192.11,19402.74
1761971400,1761973500,long,110254.0,110075.9345,110075.9345,110610.131,SL,-1.0,-194.03,19208.71
1761979500,1761982200,short,109990.0,110192.0685,110192.0685,109585.86300000001,SL,-1.0,-192.09,19016.62
1761985200,1761990000,long,110161.5,110013.9655,110013.9655,110456.56899999999,SL,-1.0,-190.17,18826.45
1761992100,1761994200,short,109934.0,110106.02549999999,110106.02549999999,109589.94900000002,SL,-1.0,-188.26,18638.19
1762001100,1762004400,short,110051.0,109779.86850000001,110186.56575,109779.86850000001,Target,2.0,372.76,19010.95
1762005900,1762008000,short,109864.0,109864.0,110013.47924999999,109565.04150000002,SL,0.0,0.0,19010.95
1762015200,1762033500,long,110341.5,110099.9225,110099.9225,110824.655,SL,-1.0,-190.11,18820.84
1762040100,1762041300,short,109954.0,110111.02799999999,110111.02799999999,109639.94400000002,SL,-1.0,-188.21,18632.64
1762043400,1762050600,long,110011.0,110011.0,109803.07100000001,110426.85799999998,SL,0.0,0.0,18632.64
1762069200,1762069800,long,110504.5,110838.89249999999,110337.30375,110838.89249999999,Target,2.0,372.65,19005.29
1762095900,1762099200,short,110269.0,109997.7575,110540.2425,109726.51500000001,SL,1.0,190.05,19195.34
1762102200,1762103100,short,109934.0,110143.044,110143.044,109515.91200000001,SL,-1.0,-191.95,19003.39
1762106700,1762111500,long,110154.0,110005.46975,110005.46975,110451.06049999999,SL,-1.0,-190.03,18813.35
1762114500,1762115100,short,110092.5,109945.90800000001,110239.09199999999,109799.31600000002,SL,1.0,188.13,19001.49
1762119300,1762121400,long,110025.0,109918.51325,109918.51325,110237.9735,SL,-1.0,-190.01,18811.47
1762123200,1762124400,short,109525.0,110015.48025,110015.48025,108544.03950000001,SL,-1.0,-188.11,18623.36
1762139700,1762140000,short,108747.0,108071.97,109084.515,108071.97,Target,2.0,372.47,18995.83
1762164900,1762166400,long,107450.0,107230.85775000001,107230.85775000001,107888.28449999998,SL,-1.0,-189.96,18805.87
1762193700,1762196400,short,107269.0,106923.2195,107614.7805,106577.43900000001,SL,1.0,188.06,18993.93
1762197000,1762197600,short,106691.5,107076.01125,107076.01125,105922.47750000001,SL,-1.0,-189.94,18803.99
1762210800,1762213200,short,106345.5,106655.80124999999,106655.80124999999,105724.89750000002,SL,-1.0,-188.04,18615.95
1762221600,1762224300,long,106920.5,106596.675,106596.675,107568.15,SL,-1.0,-186.16,18429.79
1762238100,1762243800,short,104677.0,104218.45850000001,105135.54149999999,103759.91700000002,SL,1.0,184.3,18614.08
1762249800,1762254300,short,103755.0,104133.54075,104133.54075,102997.9185,SL,-1.0,-186.14,18427.94
1762261800,1762263000,short,103841.0,103841.0,104108.02799999999,103306.94400000002,SL,0.0,0.0,18427.94
1762284000,1762284900,long,101442.5,100836.05675,100836.05675,102655.3865,SL,-1.0,-184.28,18243.66
1762297500,1762297800,long,101281.0,100926.01175,100926.01175,101990.97649999999,SL,-1.0,-182.44,18061.23
1762302900,1762303200,short,100929.5,100556.87425000001,101302.12574999999,100184.24850000002,SL,1.0,180.61,18241.84
1762305900,1762307400,short,99619.5,100396.67324999999,100396.67324999999,98065.15350000001,SL,-1.0,-182.42,18059.42
1762315500,1762315800,long,102180.0,101898.52525,101898.52525,102742.94949999999,SL,-1.0,-180.59,17878.83
1762325700,1762326600,long,101924.0,101725.11200000001,101725.11200000001,102321.77599999998,SL,-1.0,-178.79,17700.04
1762360800,1762361100,long,103611.0,103611.0,103388.28,104056.44,SL,0.0,0.0,17700.04
1762361700,1762362300,long,103877.5,103490.229,103490.229,104652.04199999999,SL,-1.0,-177.0,17523.04
1762363800,1762364700,long,103864.5,103575.68625,103575.68625,104442.1275,SL,-1.0,-175.23,17347.81
1762370400,1762371900,long,104229.0,103978.48475,103978.48475,104730.0305,SL,-1.0,-173.48,17174.33
1762372800,1762373400,short,103936.0,104339.64374999999,104339.64374999999,103128.71250000002,SL,-1.0,-171.74,17002.59
1762382100,1762382400,short,103328.5,103496.72249999999,103496.72249999999,102992.05500000002,SL,-1.0,-170.03,16832.56
1762395000,1762396500,short,103188.0,103188.0,103443.696,102676.60800000001,SL,0.0,0.0,16832.56
1762398600,1762398900,long,103456.5,103676.644,103236.356,103896.788,SL,1.0,168.33,17000.89
1762413600,1762419600,short,103223.5,103223.5,103562.25524999999,102545.98950000003,SL,0.0,0.0,17000.89
1762439700,1762440300,short,102712.0,102712.0,103118.53349999999,101898.93300000002,SL,0.0,0.0,17000.89
1762441200,1762442400,short,102068.5,102701.82525,102701.82525,100801.84950000001,SL,-1.0,-170.01,16830.88
1762449600,1762450200,short,100898.5,101517.73349999999,101517.73349999999,99660.03300000002,SL,-1.0,-168.31,16662.57
1762463400,1762465200,short,100680.5,101039.99475,101039.99475,99961.5105,SL,-1.0,-166.63,16495.94
1762467900,1762470300,long,101164.0,101164.0,100910.01975,101671.96049999999,SL,0.0,0.0,16495.94
1762473000,1762474200,long,101316.5,101316.5,101055.447,101838.606,SL,0.0,0.0,16495.94
1762477800,1762478400,short,101300.0,101596.27274999999,101596.27274999999,100707.45450000002,SL,-1.0,-164.96,16330.98
1762490100,1762491600,short,101781.0,102081.015,102081.015,101180.97,SL,-1.0,-163.31,16167.67
1762494600,1762495200,long,102310.5,102310.5,102178.88500000001,102573.72999999998,SL,0.0,0.0,16167.67
1762512900,1762513200,short,100712.5,100712.5,100961.4555,100214.589,SL,0.0,0.0,16167.67
1762532100,1762532400,short,100568.5,100980.465,100980.465,99744.57,SL,-1.0,-161.68,16006.0
1762534200,1762534500,long,101383.0,100998.97525,100998.97525,102151.0495,SL,-1.0,-160.06,15845.94
1762538400,1762539600,long,102198.0,102596.42525,101799.57475,102994.8505,SL,1.0,158.46,16004.4
1762542000,1762545900,long,102613.5,103032.62275,102194.37725,103451.74549999999,SL,1.0,160.04,16164.44
1762550400,1762552500,long,103458.5,103653.15775,103263.84225,103847.8155,SL,1.0,161.64,16326.09
1762554300,1762556400,long,103968.5,103561.69325000001,103561.69325000001,104782.11349999998,SL,-1.0,-163.26,16162.82
1762557600,1762561500,short,103488.0,103180.12800000001,103795.87199999999,102872.25600000002,SL,1.0,161.63,16324.45
1762567800,1762568100,long,103026.5,103176.46399999999,102876.53600000001,103326.42799999999,SL,1.0,163.24,16487.7
1762572900,1762573200,short,103061.5,102881.405,103241.595,102701.31,SL,1.0,164.88,16652.57
1762578000,1762581600,short,102509.5,102265.14875000001,102753.85124999999,102020.79750000002,SL,1.0,166.53,16819.1
1762584600,1762586400,short,102310.0,102073.25225,102546.74775,101836.50450000001,SL,1.0,168.19,16987.29
1762594200,1762601700,long,102437.5,102242.35325,102242.35325,102827.7935,SL,-1.0,-169.87,16817.42
1762625700,1762626300,long,101956.0,101804.07250000001,101804.07250000001,102259.85499999998,SL,-1.0,-168.17,16649.24
1762626900,1762629300,long,101960.0,101960.0,101738.60525000001,102402.78949999998,SL,0.0,0.0,16649.24
1762633500,1762638600,long,102056.5,102234.46475,101878.53525,102412.4295,SL,1.0,166.49,16815.74
1762658700,1762659600,short,101651.0,101651.0,101833.39125,101286.2175,SL,0.0,0.0,16815.74
1762665600,1762666500,long,101769.0,101769.0,101587.68075,102131.6385,SL,0.0,0.0,16815.74
1762675800,1762676400,long,101940.5,101778.0855,101778.0855,102265.329,SL,-1.0,-168.16,16647.58
1762709700,1762713900,long,103596.5,103825.7095,103367.2905,104054.919,SL,1.0,166.48,16814.05
1762716300,1762716600,long,104318.5,104570.05949999999,104066.94050000001,104821.61899999998,SL,1.0,168.14,16982.2
1762727700,1762728600,short,104298.0,104518.233,104518.233,103857.53400000001,SL,-1.0,-169.82,16812.37
1762742100,1762743300,short,105724.5,106003.47524999999,106003.47524999999,105166.54950000002,SL,-1.0,-168.12,16644.25
1762745700,1762746600,long,105986.0,105986.0,105823.56175000001,106310.87649999998,SL,0.0,0.0,16644.25
1762755300,1762755900,long,106197.5,105957.49475000001,105957.49475000001,106677.51049999997,SL,-1.0,-166.44,16477.81
1762774800,1762776000,long,106221.5,105989.97850000001,105989.97850000001,106684.54299999998,SL,-1.0,-164.78,16313.03
1762791900,1762793400,short,105102.5,105102.5,105384.666,104538.168,SL,0.0,0.0,16313.03
1762806900,1762808100,long,106196.5,105890.52825,105890.52825,106808.4435,SL,-1.0,-163.13,16149.9
1762811100,1762812300,short,105449.0,105678.813,105678.813,104989.37400000001,SL,-1.0,-161.5,15988.4
1762813500,1762816800,long,105590.0,106253.31099999999,105258.3445,106253.31099999999,Target,2.0,319.77,16308.17
1762818600,1762819200,long,106174.5,105921.013,105921.013,106681.47399999999,SL,-1.0,-163.08,16145.09
1762820700,1762822800,short,105756.5,106158.05249999999,106158.05249999999,104953.39500000002,SL,-1.0,-161.45,15983.64
1762851300,1762851900,long,105074.0,105225.98724999999,104922.01275000001,105377.97449999998,SL,1.0,159.84,16143.47
1762857300,1762857900,short,104990.0,105197.5725,105197.5725,104574.85500000001,SL,-1.0,-161.43,15982.04
1762860900,1762861800,long,105324.5,105135.406,105135.406,105702.688,SL,-1.0,-159.82,15822.22
1762863600,1762865100,short,105161.0,104460.54150000002,105511.22924999999,104460.54150000002,Target,2.0,316.44,16138.66
1762867500,1762872300,short,104383.5,104044.66500000001,104722.33499999999,103705.83000000002,SL,1.0,161.39,16300.05
1762882200,1762882500,short,103388.0,103170.22300000001,103605.77699999999,102952.44600000003,SL,1.0,163.0,16463.05
1762893300,1762899600,short,102908.0,102908.0,103241.595,102240.81,SL,0.0,0.0,16463.05
1762902900,1762906200,long,102968.0,102968.0,102710.11925,103483.7615,SL,0.0,0.0,16463.05
1762927500,1762933800,long,103434.0,103227.36050000001,103227.36050000001,103847.27899999998,SL,-1.0,-164.63,16298.42
1762941900,1762943100,long,104542.5,104723.70675,104361.29325,104904.9135,SL,1.0,162.98,16461.4
1762945500,1762946400,long,104918.5,104918.5,104696.62550000001,105362.24899999998,SL,0.0,0.0,16461.4
1762952700,1762953300,short,104957.0,104817.478,105096.522,104677.956,SL,1.0,164.61,16626.02
1762960800,1762961700,short,103684.5,103078.88100000001,104290.11899999999,102473.26200000002,SL,1.0,166.26,16792.28
1762965900,1762975500,short,101600.0,101068.96,102131.04,100537.92000000001,SL,1.0,167.92,16960.2
1762981800,1762988400,long,101653.5,101653.5,101399.27500000001,102161.94999999998,SL,0.0,0.0,16960.2
1762995600,1762996200,long,101891.0,102094.36924999999,101687.63075000001,102297.73849999998,SL,1.0,169.6,17129.8
1763010600,1763011800,short,101919.5,102245.59724999999,102245.59724999999,101267.30550000002,SL,-1.0,-171.3,16958.5
1763042400,1763044500,short,102372.5,102055.68100000001,102689.31899999999,101738.86200000002,SL,1.0,169.59,17128.09
1763046900,1763047800,long,102834.0,101900.0245,101900.0245,104701.951,SL,-1.0,-171.28,16956.81
1763052300,1763055600,short,100963.5,99991.10100000002,101449.69949999999,99991.10100000002,Target,2.0,339.14,17295.94
1763071800,1763072100,long,98866.0,99113.83374999999,98618.16625000001,99361.66749999998,SL,1.0,172.96,17468.9
1763081100,1763086500,short,99072.5,99727.33875,99727.33875,97762.82250000001,SL,-1.0,-174.69,17294.21
1763093400,1763094600,short,98948.5,98685.41900000001,99211.58099999999,98422.33800000002,SL,1.0,172.94,17467.16
1763097300,1763098500,short,97546.5,97546.5,97979.46525,96680.56950000001,SL,0.0,0.0,17467.16
1763106000,1763120100,short,97172.5,96064.82250000001,97726.33875,96064.82250000001,Target,2.0,349.34,17816.5
1763124000,1763130900,short,95163.5,95947.95,95947.95,93594.6,SL,-1.0,-178.16,17638.33
1763133900,1763136000,long,96522.0,96522.0,95775.0885,98015.823,SL,0.0,0.0,17638.33
1763137800,1763138100,long,96705.0,97152.65275,96257.34725,97600.30549999999,SL,1.0,176.38,17814.72
1763145900,1763147700,short,95520.0,95520.0,96063.50774999999,94432.98450000002,SL,0.0,0.0,17814.72
1763156400,1763160600,long,94978.0,94978.0,94571.69050000001,95790.61899999998,SL,0.0,0.0,17814.72
1763165400,1763171700,long,94973.5,95460.76675,94486.23325,95948.03349999999,SL,1.0,178.15,17992.86
1763178900,1763180700,long,96373.5,96062.44475000001,96062.44475000001,96995.61049999998,SL,-1.0,-179.93,17812.94
1763205600,1763212800,short,95759.5,95975.96399999999,95975.96399999999,95326.57200000001,SL,-1.0,-178.13,17634.81
1763219100,1763222700,long,96311.0,96054.9485,96054.9485,96823.103,SL,-1.0,-176.35,17458.46
1763224200,1763224800,short,95760.0,96058.00499999999,96058.00499999999,95163.99000000002,SL,-1.0,-174.58,17283.87
1763227200,1763237700,long,96171.5,95807.07250000001,95807.07250000001,96900.35499999998,SL,-1.0,-172.84,17111.03
1763242500,1763242800,short,95396.5,95251.75325000001,95541.24674999999,95107.00650000002,SL,1.0,171.11,17282.14
1763243100,1763244000,short,95344.0,95344.0,95527.23975,94977.52050000001,SL,0.0,0.0,17282.14
1763255100,1763256600,short,95336.5,95336.5,95585.769,94837.962,SL,0.0,0.0,17282.14
1763260200,1763262600,long,95484.0,95755.13025,95212.86975,96026.2605,SL,1.0,172.82,17454.97
1763277600,1763278200,short,95828.0,95828.0,95951.45175,95581.09650000001,SL,0.0,0.0,17454.97
1763307000,1763308200,short,95360.0,95157.74275,95562.25725,94955.48550000001,SL,1.0,174.55,17629.52
1763313300,1763313900,short,94170.5,94406.1795,94406.1795,93699.141,SL,-1.0,-176.3,17453.22
1763348700,1763349300,long,94998.5,95360.36499999999,94817.5675,95360.36499999999,Target,2.0,349.06,17802.29
1763356500,1763358600,short,94958.5,95225.08875,95225.08875,94425.32250000001,SL,-1.0,-178.02,17624.26
1763361300,1763362200,short,94929.0,95170.5615,95170.5615,94445.87700000001,SL,-1.0,-176.24,17448.02
1763365200,1763365500,long,95455.5,95775.843,95295.3285,95775.843,Target,2.0,348.96,17796.98
1763394000,1763396700,short,94057.0,93390.66200000001,94723.33799999999,92724.32400000002,SL,1.0,177.97,17974.95
1763406000,1763407500,short,92595.5,92265.5605,92925.4395,91935.62100000001,SL,1.0,179.75,18154.7
1763408700,1763426700,short,91864.0,91864.0,92491.72275,90608.5545,SL,0.0,0.0,18154.7
1763427300,1763432100,long,91891.5,91109.92225,91109.92225,93454.6555,SL,-1.0,-181.55,17973.15
1763433600,1763434500,short,91433.5,91091.13500000001,91775.86499999999,90748.77000000002,SL,1.0,179.73,18152.88
1763439000,1763439300,short,90603.5,90311.07475,90895.92525,90018.6495,SL,1.0,181.53,18334.41
1763441400,1763441700,short,89813.0,90153.05399999999,90153.05399999999,89132.89200000002,SL,-1.0,-183.34,18151.07
1763455200,1763467800,long,91119.0,91119.0,90725.61450000001,91905.77099999998,SL,0.0,0.0,18151.07
1763482500,1763484300,long,93143.5,93143.5,92494.7295,94441.041,SL,0.0,0.0,18151.07
1763485500,1763486700,long,93487.5,93230.3615,93230.3615,94001.777,SL,-1.0,-181.51,17969.56
1763491800,1763495100,long,93404.5,93065.444,93065.444,94082.612,SL,-1.0,-179.7,17789.86
1763498700,1763504400,short,92795.0,93205.07925,93205.07925,91974.84150000001,SL,-1.0,-177.9,17611.96
1763516100,1763518200,short,92244.0,92673.31349999999,92673.31349999999,91385.37300000002,SL,-1.0,-176.12,17435.84
1763538000,1763541600,long,91487.5,91487.5,91101.92625,92258.64749999999,SL,0.0,0.0,17435.84
1763562300,1763562600,short,91176.5,91562.25825,91562.25825,90404.9835,SL,-1.0,-174.36,17261.49
1763583000,1763583300,short,88674.0,88954.95525,88954.95525,88112.0895,SL,-1.0,-172.61,17088.87
1763586000,1763587200,long,89563.0,89984.09324999999,89141.90675000001,90405.18649999998,SL,1.0,170.89,17259.76
1763596800,1763597100,long,91454.0,91217.86825,91217.86825,91926.2635,SL,-1.0,-172.6,17087.16
1763608500,1763608800,short,92438.5,92620.78725,92620.78725,92073.92550000001,SL,-1.0,-170.87,16916.29
1763611200,1763612100,short,92398.5,92206.728,92590.272,92014.956,SL,1.0,169.16,17085.45
1763623500,1763623800,short,91853.5,92112.033,92112.033,91336.43400000001,SL,-1.0,-170.85,16914.6
1763636100,1763636700,long,91788.5,91655.1495,91655.1495,92055.201,SL,-1.0,-169.15,16745.45
1763652900,1763654400,short,90424.0,89512.1655,90879.91725,89512.1655,Target,2.0,334.91,17080.36
1763660400,1763661900,short,86747.5,87381.16875,87381.16875,85480.1625,SL,-1.0,-170.8,16909.56
1763663400,1763666700,short,86908.5,86908.5,87508.23225,85709.0355,SL,0.0,0.0,16909.56
1763676600,1763677500,long,87430.5,88038.66999999998,87126.41500000001,88038.66999999998,Target,2.0,338.19,17247.75
1763692500,1763692800,short,86463.0,86109.6135,86816.3865,85756.22700000001,SL,1.0,172.48,17420.23
1763693400,1763710200,short,85804.0,85096.766,86511.234,84389.532,SL,1.0,174.2,17594.43
1763716500,1763717100,short,83619.5,83230.51675000001,84008.48324999999,82841.53350000002,SL,1.0,175.94,17770.37
1763782500,1763785500,short,84233.0,84233.0,84550.75425,83597.4915,SL,0.0,0.0,17770.37
1763786400,1763787300,short,83949.0,84279.61875,84279.61875,83287.76250000001,SL,-1.0,-177.7,17592.67
1763791200,1763793000,long,84218.5,84694.52249999999,83980.48875,84694.52249999999,Target,2.0,351.85,17944.52
1763803500,1763804400,short,84096.5,84096.5,84334.64624999999,83620.20750000002,SL,0.0,0.0,17944.52
1763816700,1763820600,long,83901.0,84242.8005,83559.1995,84584.601,SL,1.0,179.45,18123.97
1763841300,1763841600,long,84605.5,84723.265,84487.735,84841.03,SL,1.0,181.24,18305.21
1763845800,1763849400,short,84230.5,84518.73825,84518.73825,83654.02350000001,SL,-1.0,-183.05,18122.16
1763854500,1763854800,long,84872.0,84694.13175,84694.13175,85227.7365,SL,-1.0,-181.22,17940.93
1763872800,1763874600,long,86560.0,86345.30575,86345.30575,86989.3885,SL,-1.0,-179.41,17761.52
1763878800,1763881200,short,86240.5,85784.07450000002,86468.71274999999,85784.07450000002,Target,2.0,355.23,18116.76
1763888400,1763893800,long,86088.0,86088.0,85783.087,86697.826,SL,0.0,0.0,18116.76
1763895300,1763895600,short,86169.0,85950.76500000001,86278.1175,85950.76500000001,Target,2.0,362.34,18479.09
1763911500,1763911800,short,86593.5,86779.86825,86779.86825,86220.7635,SL,-1.0,-184.79,18294.3
1763923200,1763925300,long,87006.0,87216.91924999999,86795.08075000001,87427.83849999998,SL,1.0,182.94,18477.24
1763929200,1763932200,long,87458.5,87140.90775,87140.90775,88093.6845,SL,-1.0,-184.77,18292.47
1763936400,1763938800,long,87865.0,87594.68075,87594.68075,88405.6385,SL,-1.0,-182.92,18109.55
1763954100,1763954400,short,87275.0,87566.26125,87566.26125,86692.47750000001,SL,-1.0,-181.1,17928.45
1763967000,1763970000,short,86816.5,87124.54049999999,87124.54049999999,86200.41900000002,SL,-1.0,-179.28,17749.17
1763973900,1763974500,short,86689.0,86917.93724999999,86917.93724999999,86231.12550000002,SL,-1.0,-177.49,17571.67
1763975700,1763976900,short,86508.5,86075.05075000001,86941.94924999999,85641.60150000002,SL,1.0,175.72,17747.39
1763983200,1763992500,long,86111.5,86111.5,85761.59775,86811.3045,SL,0.0,0.0,17747.39
1763999100,1764003600,long,86507.5,87121.968,85893.032,87736.43599999999,SL,1.0,177.47,17924.86
1764009900,1764013200,long,88435.5,88435.5,88101.92700000001,89102.64599999998,SL,0.0,0.0,17924.86
1764032700,1764036000,short,87935.0,87695.43475,88174.56525,87455.8695,SL,1.0,179.25,18104.11
1764037800,1764039900,short,87656.0,87893.92499999999,87893.92499999999,87180.15000000002,SL,-1.0,-181.04,17923.07
1764045300,1764046200,long,88059.0,88253.45425,87864.54575,88447.90849999999,SL,1.0,179.23,18102.3
1764059400,1764060300,short,87478.0,87318.70325,87637.29675,87159.40650000001,SL,1.0,181.02,18283.33
1764066600,1764072000,long,87133.0,87387.96075,86878.03925,87642.9215,SL,1.0,182.83,18466.16
1764072900,1764077700,long,87522.0,87275.3405,87275.3405,88015.31899999999,SL,-1.0,-184.66,18281.5
1764078000,1764078300,short,87520.0,87159.34350000002,87700.32824999999,87159.34350000002,Target,2.0,365.63,18647.13
1764080100,1764081900,short,86854.5,86394.86475000001,87314.13524999999,85935.22950000002,SL,1.0,186.47,18833.6
1764084900,1764086700,long,86732.0,86732.0,86359.29875,87477.4025,SL,0.0,0.0,18833.6
1764090900,1764091200,long,87200.5,87436.00425,86964.99575,87671.5085,SL,1.0,188.34,19021.93
1764091500,1764091800,long,87485.0,87485.0,87079.4385,88296.12299999999,SL,0.0,0.0,19021.93
1764107700,1764108000,short,87092.5,86886.87275000001,87298.12724999999,86681.24550000002,SL,1.0,190.22,19212.15
1764114600,1764115200,short,87377.5,87527.742,87527.742,87077.016,SL,-1.0,-192.12,19020.03
1764120300,1764120600,short,87442.5,87590.27325,87590.27325,87146.9535,SL,-1.0,-190.2,18829.83
1764126000,1764127800,short,87704.5,87704.5,87893.42474999999,87326.65050000002,SL,0.0,0.0,18829.83
1764128100,1764128400,short,87708.0,87314.139,87904.9305,87314.139,Target,2.0,376.6,19206.43
1764133800,1764134100,long,87294.0,87448.09174999999,87139.90825000001,87602.18349999998,SL,1.0,192.06,19398.49
1764147600,1764148800,short,87425.0,87258.72625,87591.27375,87092.45250000001,SL,1.0,193.98,19592.48
1764162000,1764163200,short,86565.5,86731.344,86731.344,86233.812,SL,-1.0,-195.92,19396.55
1764168300,1764168900,long,87436.5,86993.48150000001,86993.48150000001,88322.53699999998,SL,-1.0,-193.97,19202.59
1764171000,1764171900,long,87195.0,86780.08825,86780.08825,88024.8235,SL,-1.0,-192.03,19010.56
1764178200,1764178500,long,87931.0,88537.6715,87627.66425,88537.6715,Target,2.0,380.21,19390.77
1764183300,1764187500,long,90009.0,89629.163,89629.163,90768.674,SL,-1.0,-193.91,19196.87
1764198000,1764198900,long,90279.5,90440.082,90118.918,90600.66399999999,SL,1.0,191.97,19388.83
1764207900,1764208500,long,90673.5,90842.275,90504.725,91011.04999999999,SL,1.0,193.89,19582.72
1764208800,1764209100,long,90706.0,90859.299,90552.701,91012.598,SL,1.0,195.83,19778.55
1764226500,1764228300,short,91230.0,91391.17275,91391.17275,90907.6545,SL,-1.0,-197.79,19580.76
1764238800,1764239400,long,91673.0,91498.228,91498.228,92022.544,SL,-1.0,-195.81,19384.96
1764244500,1764245400,short,91383.0,91383.0,91496.22524999999,91156.54950000002,SL,0.0,0.0,19384.96
1764247500,1764247800,short,91148.0,91148.0,91329.64199999999,90784.71600000001,SL,0.0,0.0,19384.96
1764248400,1764249900,short,90941.0,90656.41,91225.59,90371.82,SL,1.0,193.85,19578.81
1764259200,1764259800,long,90947.0,91130.40449999999,90763.59550000001,91313.80899999998,SL,1.0,195.79,19774.59
1764262800,1764274500,long,91412.5,91412.5,91140.407,91956.68599999999,SL,0.0,0.0,19774.59
1764282000,1764283200,long,91447.0,91277.3385,91277.3385,91786.323,SL,-1.0,-197.75,19576.85
1764292500,1764293700,short,91019.0,91019.0,91209.582,90637.83600000001,SL,0.0,0.0,19576.85
1764297000,1764298500,short,90705.5,91001.47799999999,91001.47799999999,90113.54400000002,SL,-1.0,-195.77,19381.08
1764302100,1764303000,long,91156.5,91279.5395,91033.4605,91402.579,SL,1.0,193.81,19574.89
1764309000,1764309600,long,91540.0,91540.0,91388.28300000001,91843.43399999998,SL,0.0,0.0,19574.89
1764319800,1764320100,long,91252.5,91507.52149999999,90997.47850000001,91762.54299999998,SL,1.0,195.75,19770.64
1764320700,1764328500,long,91689.5,91110.92175000001,91110.92175000001,92846.65649999998,SL,-1.0,-197.71,19572.93
1764332700,1764337500,long,91518.5,91910.86799999999,91322.316,91910.86799999999,Target,2.0,391.46,19964.39
1764354900,1764357600,long,90771.5,90992.79775,90550.20225,91214.0955,SL,1.0,199.64,20164.04
1764357900,1764360000,long,90956.5,90956.5,90764.09525,91341.3095,SL,0.0,0.0,20164.04
1764362700,1764364200,long,91110.0,91110.0,91013.47050000001,91303.05899999998,SL,0.0,0.0,20164.04
1764367200,1764369000,short,90927.5,90927.5,91184.5695,90413.361,SL,0.0,0.0,20164.04
1764375300,1764375600,short,90870.0,90870.0,90972.4635,90665.073,SL,0.0,0.0,20164.04
1764382200,1764383400,short,90774.0,90637.06725000001,90910.93274999999,90500.13450000001,SL,1.0,201.64,20365.68
1764397500,1764397800,short,90628.0,90413.10125,90842.89875,90198.20250000001,SL,1.0,203.66,20569.33
1764408900,1764411600,short,90492.5,90492.5,90626.79075,90223.9185,SL,0.0,0.0,20569.33
1764413700,1764417600,short,90526.0,90664.80975,90664.80975,90248.3805,SL,-1.0,-205.69,20363.64
1764420300,1764428100,long,90586.0,90586.0,90447.25375,90863.4925,SL,0.0,0.0,20363.64
1764431400,1764433200,long,90900.5,91041.90225,90759.09775,91183.3045,SL,1.0,203.64,20567.28
1764466500,1764470100,long,90926.5,90833.06075,90833.06075,91113.37849999999,SL,-1.0,-205.67,20361.6
1764483300,1764484200,short,90689.5,90890.4225,90890.4225,90287.655,SL,-1.0,-203.62,20157.99
1764486300,1764488700,long,90876.5,90876.5,90794.58,91040.34,SL,0.0,0.0,20157.99
1764491100,1764491400,long,91005.0,91123.96574999999,90886.03425000001,91242.93149999998,SL,1.0,201.58,20359.57
1764495900,1764497400,long,91389.5,91228.36300000001,91228.36300000001,91711.77399999998,SL,-1.0,-203.6,20155.97
1764499200,1764504600,short,91194.0,91194.0,91400.67749999999,90780.64500000002,SL,0.0,0.0,20155.97
1764515400,1764516000,short,91366.0,91512.23324999999,91512.23324999999,91073.53350000002,SL,-1.0,-201.56,19954.41
1764525600,1764525900,short,91438.0,91215.49650000001,91549.25175,91215.49650000001,Target,2.0,399.09,20353.5
1764526200,1764533100,short,91271.0,91499.22675,91499.22675,90814.5465,SL,-1.0,-203.53,20149.96
1764537300,1764537600,short,91219.0,90994.7145,91331.14275,90994.7145,Target,2.0,403.0,20552.96
1764539100,1764540000,short,91064.0,91205.58,91205.58,90780.84,SL,-1.0,-205.53,20347.43
1764544200,1764545100,short,91008.0,90750.39,91265.61,90492.78,SL,1.0,203.47,20550.91
1764546900,1764547200,short,90565.0,90371.14325000001,90758.85674999999,90177.28650000002,SL,1.0,205.51,20756.42
1764555900,1764556500,short,87180.5,86836.2595,87524.7405,86492.019,SL,1.0,207.56,20963.98
1764557400,1764566700,short,86546.5,85912.93175,87180.06825,85279.3635,SL,1.0,209.64,21173.62
1764582900,1764590100,short,86664.5,86188.641,86902.4295,86188.641,Target,2.0,423.47,21597.09
1764599400,1764600000,long,86223.0,86223.0,85879.53875,86909.92249999999,SL,0.0,0.0,21597.09
1764601800,1764602700,short,85707.5,85273.951,86141.049,84840.402,SL,1.0,215.97,21813.07
1764605100,1764606900,short,84289.0,84921.4395,84921.4395,83024.12100000001,SL,-1.0,-218.13,21594.93
1764609000,1764609300,long,84801.5,84497.23025000001,84497.23025000001,85410.03949999998,SL,-1.0,-215.95,21378.99
1764611100,1764612600,long,85008.5,85008.5,84601.678,85822.144,SL,0.0,0.0,21378.99
1764612900,1764613800,long,85141.5,85141.5,84864.04675000001,85696.40649999998,SL,0.0,0.0,21378.99
1764616200,1764619200,short,84891.5,85325.14125,85325.14125,84024.2175,SL,-1.0,-213.79,21165.2
1764622200,1764623100,long,85438.0,85660.12925,85215.87075,85882.2585,SL,1.0,211.65,21376.85
1764629100,1764634800,long,86542.0,86203.37675000001,86203.37675000001,87219.24649999998,SL,-1.0,-213.77,21163.08
1764635100,1764636300,short,86271.0,86498.2275,86498.2275,85816.54500000001,SL,-1.0,-211.63,20951.45
1764653400,1764657000,short,86911.0,87051.504,87051.504,86629.992,SL,-1.0,-209.51,20741.93
1764662700,1764663000,short,86950.0,86819.98175,87080.01825,86689.96350000001,SL,1.0,207.42,20949.35
1764663300,1764663900,short,86850.5,86451.49350000001,87050.00325,86451.49350000001,Target,2.0,418.99,21368.34
1764665700,1764666300,short,86400.0,86743.34999999999,86743.34999999999,85713.30000000002,SL,-1.0,-213.68,21154.66
1764669600,1764672300,long,86766.5,87193.09649999999,86553.20175000001,87193.09649999999,Target,2.0,423.09,21577.75
1764675300,1764680700,long,87396.0,87066.94475000001,87066.94475000001,88054.11049999998,SL,-1.0,-215.78,21361.97
1764690300,1764690600,long,90353.5,90858.44674999999,89848.55325000001,91363.39349999998,SL,1.0,213.62,21575.59
1764693600,1764694200,long,90556.0,90556.0,90188.883,91290.234,SL,0.0,0.0,21575.59
1764698400,1764699000,long,91648.0,91648.0,91385.28450000001,92173.43099999998,SL,0.0,0.0,21575.59
1764699300,1764701700,long,91700.0,91700.0,91262.84575000001,92574.30849999998,SL,0.0,0.0,21575.59
1764704400,1764705000,long,92100.0,91898.52775000001,91898.52775000001,92502.94449999998,SL,-1.0,-215.76,21359.84
1764716100,1764718200,long,91895.5,91549.2025,91549.2025,92588.095,SL,-1.0,-213.6,21146.24
1764721800,1764722400,short,91266.0,91266.0,91513.23375,90771.5325,SL,0.0,0.0,21146.24
1764724500,1764726300,long,91669.5,91957.21375,91381.78625,92244.92749999999,SL,1.0,211.46,21357.7
1764728400,1764746100,long,92879.5,92879.5,92139.907,94358.68599999999,SL,0.0,0.0,21357.7
1764751800,1764755400,short,92712.0,92985.46949999999,92985.46949999999,92165.06100000002,SL,-1.0,-213.58,21144.12
1764756900,1764758100,long,93149.5,92936.00875000001,92936.00875000001,93576.48249999998,SL,-1.0,-211.44,20932.68
1764777600,1764778200,short,92324.0,91972.18525000001,92675.81474999999,91620.37050000002,SL,1.0,209.33,21142.01
1764781200,1764782100,short,92398.0,92639.79675,92639.79675,91914.40650000001,SL,-1.0,-211.42,20930.59
1764786900,1764787500,long,93093.0,92842.5555,92842.5555,93593.889,SL,-1.0,-209.31,20721.28
1764840900,1764841800,long,93370.5,93508.63949999999,93232.36050000001,93646.77899999998,SL,1.0,207.21,20928.5
1764850800,1764851700,short,92867.5,93032.49299999999,93032.49299999999,92537.51400000002,SL,-1.0,-209.28,20719.21
1764855900,1764859800,short,92619.0,92276.54250000001,92961.45749999999,91934.08500000002,SL,1.0,207.19,20926.4
1764860100,1764860400,short,92408.5,92161.19525,92655.80475,91913.89050000001,SL,1.0,209.26,21135.67
1764862800,1764864000,long,92586.5,92586.5,92257.34825000001,93244.80349999998,SL,0.0,0.0,21135.67
1764873300,1764873600,long,92514.5,92116.9185,92116.9185,93309.663,SL,-1.0,-211.36,20924.31
1764879900,1764882300,long,92048.0,92536.84949999998,91803.57525000001,92536.84949999998,Target,2.0,418.49,21342.8
1764893700,1764894000,short,92122.0,92298.12599999999,92298.12599999999,91769.74800000002,SL,-1.0,-213.43,21129.37
1764901200,1764904800,long,92414.0,92414.0,92177.888,92886.22399999999,SL,0.0,0.0,21129.37
1764905700,1764906900,short,92311.0,92078.7515,92543.2485,91846.503,SL,1.0,211.29,21340.66
1764909000,1764909300,short,92186.0,91982.32825,92389.67175,91778.65650000001,SL,1.0,213.41,21554.07
1764917400,1764918300,long,92075.5,92318.5,91954.0,92318.5,Target,2.0,431.08,21985.15
1764940500,1764941100,short,91029.5,90779.383,91279.617,90529.266,SL,1.0,219.85,22205.0
1764945900,1764946800,short,90122.0,90587.77124999999,90587.77124999999,89190.45750000002,SL,-1.0,-222.05,21982.95
1764957000,1764957900,long,89030.0,89455.32449999999,88604.67550000001,89880.64899999998,SL,1.0,219.83,22202.78
1764971400,1764973500,short,89193.0,89193.0,89418.18675,88742.62650000001,SL,0.0,0.0,22202.78
1765011600,1765012200,short,89237.0,89420.688,89420.688,88869.62400000001,SL,-1.0,-222.03,21980.75
1765016400,1765030500,long,89557.0,89695.7315,89418.2685,89834.46299999999,SL,1.0,219.81,22200.56
1765050900,1765053300,short,89354.0,89510.733,89510.733,89040.53400000001,SL,-1.0,-222.01,21978.55
1765060200,1765062000,short,89384.0,89226.2515,89541.7485,89068.503,SL,1.0,219.79,22198.34
1765075800,1765076100,long,89429.0,89551.6755,89306.3245,89674.351,SL,1.0,221.98,22420.32
1765084200,1765087800,short,89462.0,89579.7675,89579.7675,89226.465,SL,-1.0,-224.2,22196.12
1765094700,1765096500,short,89268.0,89428.19175,89428.19175,88947.6165,SL,-1.0,-221.96,21974.16
1765098900,1765099200,long,89346.5,89203.87575,89203.87575,89631.74849999999,SL,-1.0,-219.74,21754.42
1765128000,1765128300,long,89849.0,90477.57949999999,89534.71025,90477.57949999999,Target,2.0,435.09,22189.51
1765140300,1765141500,long,91403.5,91244.35500000001,91244.35500000001,91721.78999999998,SL,-1.0,-221.9,21967.61
1765147800,1765148400,short,89766.5,89766.5,90154.55475,88990.39050000001,SL,0.0,0.0,21967.61
1765154100,1765157100,long,90262.5,90755.40724999999,89769.59275000001,91248.31449999998,SL,1.0,219.68,22187.29
1765175700,1765176900,long,91416.0,91416.0,91263.84525,91720.3095,SL,0.0,0.0,22187.29
1765181700,1765183500,long,91566.5,91733.22275,91399.77725,91899.9455,SL,1.0,221.87,22409.16
1765186800,1765188000,long,92002.5,91821.0665,91821.0665,92365.367,SL,-1.0,-224.09,22185.07
1765192500,1765193400,long,92123.0,91898.52775000001,91898.52775000001,92571.94449999998,SL,-1.0,-221.85,21963.22
1765197600,1765199400,short,91717.0,91942.9485,91942.9485,91265.103,SL,-1.0,-219.63,21743.59
1765206000,1765206300,short,91194.0,90677.66775000001,91710.33224999999,90161.33550000002,SL,1.0,217.44,21961.02
1765209900,1765210800,short,89917.5,90287.62125,90287.62125,89177.2575,SL,-1.0,-219.61,21741.41
1765211700,1765212300,long,90410.0,89997.97850000001,89997.97850000001,91234.04299999998,SL,-1.0,-217.41,21524.0
1765223400,1765224000,long,90137.0,90137.0,89974.49025,90462.0195,SL,0.0,0.0,21524.0
1765229100,1765229400,long,90815.0,91128.7035,90658.14825,91128.7035,Target,2.0,430.48,21954.48
1765241100,1765250100,short,90361.0,90017.67050000001,90704.32949999999,89674.34100000001,SL,1.0,219.54,22174.02
1765260300,1765261500,long,90006.0,89790.58225,89790.58225,90436.83549999999,SL,-1.0,-221.74,21952.28
1765282800,1765287000,long,90423.0,90606.64224999999,90239.35775000001,90790.28449999998,SL,1.0,219.52,22171.8
1765289700,1765290600,short,90368.5,90368.5,90651.80325,89801.8935,SL,0.0,0.0,22171.8
1765294800,1765295400,long,91293.5,91944.84375,90642.15625,92596.1875,SL,1.0,221.72,22393.52
1765302300,1765311300,long,93918.0,93467.243,93467.243,94819.514,SL,-1.0,-223.94,22169.59
1765314900,1765316700,short,92993.5,92734.39700000001,93252.60299999999,92475.29400000002,SL,1.0,221.7,22391.28
1765317000,1765317300,short,92632.0,92632.0,93002.47799999999,91891.04400000002,SL,0.0,0.0,22391.28
1765318500,1765319700,short,92570.5,92926.43999999999,92926.43999999999,91858.62000000002,SL,-1.0,-223.91,22167.37
1765322700,1765325700,long,92763.5,92479.73700000001,92479.73700000001,93331.02599999998,SL,-1.0,-221.67,21945.7
1765335600,1765344000,long,92355.0,92561.09749999999,92148.90250000001,92767.19499999998,SL,1.0,219.46,22165.15
1765345500,1765346400,long,92586.0,92485.73400000001,92485.73400000001,92786.53199999998,SL,-1.0,-221.65,21943.5
1765368600,1765371900,short,92039.0,92039.0,92233.59375,91649.8125,SL,0.0,0.0,21943.5
1765375200,1765375500,long,92056.5,91912.52075000001,91912.52075000001,92344.45849999998,SL,-1.0,-219.44,21724.07
1765376400,1765378200,short,91895.0,91707.48175,92082.51825,91519.96350000001,SL,1.0,217.24,21941.31
1765396800,1765397100,long,92971.5,92971.5,92451.751,94010.99799999999,SL,0.0,0.0,21941.31
1765397700,1765399800,long,93542.5,92805.07425,92805.07425,95017.35149999999,SL,-1.0,-219.41,21721.89
1765400700,1765422300,short,92209.5,89662.06350000002,93483.21824999999,89662.06350000002,Target,2.0,434.44,22156.33
1765428900,1765434300,long,90209.5,89942.0065,89942.0065,90744.487,SL,-1.0,-221.56,21934.77
1765437600,1765440900,short,90143.5,90143.5,90293.124,89844.25200000001,SL,0.0,0.0,21934.77
1765442100,1765443600,short,89994.5,90227.091,90227.091,89529.318,SL,-1.0,-219.35,21715.42
1765473900,1765474500,long,89899.0,90057.8925,89740.1075,90216.785,SL,1.0,217.15,21932.58
1765480800,1765481100,long,90766.5,90956.81074999999,90576.18925000001,91147.12149999998,SL,1.0,219.33,22151.9
1765481700,1765482900,long,91142.0,90713.6205,90713.6205,91998.75899999999,SL,-1.0,-221.52,21930.38
1765484100,1765484700,long,91233.0,90945.00475000001,90945.00475000001,91808.99049999999,SL,-1.0,-219.3,21711.08
1765493100,1765496100,short,92191.5,92721.3375,92721.3375,91131.82500000001,SL,-1.0,-217.11,21493.97
1765508100,1765509300,long,92627.5,92283.835,92283.835,93314.82999999999,SL,-1.0,-214.94,21279.03
1765524600,1765528200,short,92368.0,92210.26025,92525.73975,92052.52050000001,SL,1.0,212.79,21491.82
1765530600,1765532700,short,92221.5,92221.5,92371.16249999999,91922.17500000002,SL,0.0,0.0,21491.82
1765539600,1765543500,short,92290.0,92162.81450000001,92417.18549999999,92035.62900000002,SL,1.0,214.92,21706.74
1765548000,1765549800,short,92231.0,92041.81300000001,92420.18699999999,91852.62600000002,SL,1.0,217.07,21923.8
1765551000,1765552800,short,92212.5,91803.21225000001,92621.78774999999,91393.92450000002,SL,1.0,219.24,22143.04
1765568400,1765584300,short,90104.5,90381.16799999999,90381.16799999999,89551.16400000002,SL,-1.0,-221.43,21921.61
1765587000,1765589700,long,90309.5,90239.8575,90239.8575,90448.785,SL,-1.0,-219.22,21702.4
1765606500,1765613700,short,90275.0,90370.16249999999,90370.16249999999,90084.67500000002,SL,-1.0,-217.02,21485.37
1765615500,1765626000,long,90480.0,90328.81300000001,90328.81300000001,90782.37399999998,SL,-1.0,-214.85,21270.52
1765632600,1765635900,short,90285.5,90096.7855,90474.2145,89908.071,SL,1.0,212.71,21483.22
1765637400,1765661400,short,90145.5,89943.849,90347.151,89742.198,SL,1.0,214.83,21698.06
1765665000,1765670400,long,90108.5,90108.5,89972.99100000001,90379.51799999998,SL,0.0,0.0,21698.06
1765671300,1765676100,long,90210.5,90210.5,90038.958,90553.584,SL,0.0,0.0,21698.06
1765728000,1765729200,short,88955.5,89085.5205,89085.5205,88695.459,SL,-1.0,-216.98,21481.07
1765732500,1765743000,short,88763.0,88482.00025000001,89043.99974999999,88201.00050000002,SL,1.0,214.81,21695.89
1765748100,1765749300,short,88541.0,88413.18775000001,88668.81224999999,88285.37550000002,SL,1.0,216.96,21912.84
1765757700,1765758000,short,88108.5,88500.22799999999,88500.22799999999,87325.04400000002,SL,-1.0,-219.13,21693.72
1765760400,1765762200,long,88350.0,88745.19649999999,88152.40175,88745.19649999999,Target,2.0,433.87,22127.59
1765775700,1765779000,long,89647.0,89459.248,89459.248,90022.50399999999,SL,-1.0,-221.28,21906.31
1765779300,1765781100,short,89481.5,89639.7975,89639.7975,89164.905,SL,-1.0,-219.06,21687.25
1765787100,1765793100,long,89773.0,89773.0,89606.67425000001,90105.65149999998,SL,0.0,0.0,21687.25
1765816200,1765816500,short,86909.5,86666.4455,87152.5545,86423.391,SL,1.0,216.87,21904.12
1765816800,1765819800,short,86557.5,86149.03875,86965.96125,85740.57750000001,SL,1.0,219.04,22123.16
1765823100,1765823700,short,85691.5,85388.52425,85994.47575,85085.5485,SL,1.0,221.23,22344.4
1765831800,1765833900,short,85774.5,86110.03349999999,86110.03349999999,85103.43300000002,SL,-1.0,-223.44,22120.95
1765841700,1765845900,long,86301.0,86034.46125000001,86034.46125000001,86834.07749999998,SL,-1.0,-221.21,21899.74
1765848300,1765851900,short,85865.0,86164.56074999999,86164.56074999999,85265.87850000002,SL,-1.0,-219.0,21680.75
1765875000,1765881300,long,86239.0,86473.02399999999,86004.97600000001,86707.04799999998,SL,1.0,216.81,21897.55
1765881600,1765881900,long,86421.0,86644.35249999998,86309.32375000001,86644.35249999998,Target,2.0,437.95,22335.5
1765883700,1765890600,long,87024.0,87024.0,86729.6135,87612.77299999999,SL,0.0,0.0,22335.5
1765891200,1765891500,long,87185.5,87392.511,86978.489,87599.522,SL,1.0,223.36,22558.86
1765914000,1765914600,long,87481.5,87625.6905,87337.3095,87769.881,SL,1.0,225.59,22784.45
1765945200,1765945500,short,87251.5,87090.31550000001,87412.68449999999,86929.13100000002,SL,1.0,227.84,23012.29
1765959300,1765959900,short,86815.0,86534.08800000002,86955.45599999999,86534.08800000002,Target,2.0,460.25,23472.54
1765965600,1765966200,short,86394.5,86502.72975,86502.72975,86178.0405,SL,-1.0,-234.73,23237.81
1765970100,1765972200,long,86715.5,86887.2935,86543.7065,87059.087,SL,1.0,232.38,23470.19
1765982400,1765982700,short,87537.5,87537.5,87932.9445,86746.611,SL,0.0,0.0,23470.19
1765983600,1765986900,long,89353.0,87362.297,87362.297,93334.40599999999,SL,-1.0,-234.7,23235.49
1765996800,1765997100,short,86414.5,85902.87300000002,86670.31349999999,85902.87300000002,Target,2.0,464.71,23700.2
1766000100,1766000700,short,85677.0,85896.42675,85896.42675,85238.1465,SL,-1.0,-237.0,23463.2
1766003100,1766050200,long,86118.5,87132.1545,85611.67275,87132.1545,Target,2.0,469.26,23932.46
1766050500,1766052900,long,87017.0,87248.91425,86785.08575,87480.8285,SL,1.0,239.32,24171.79
1766058000,1766059200,short,87142.0,87274.6155,87274.6155,86876.769,SL,-1.0,-241.72,23930.07
1766065500,1766077200,long,88579.0,87568.69375,87568.69375,90599.61249999999,SL,-1.0,-239.3,23690.77
1766089500,1766092800,short,84908.5,85289.12324999999,85289.12324999999,84147.25350000002,SL,-1.0,-236.91,23453.86
1766130600,1766131500,long,87888.0,87888.0,87687.1345,88289.731,SL,0.0,0.0,23453.86
1766150100,1766151300,short,87923.0,88074.51525,88074.51525,87619.9695,SL,-1.0,-234.54,23219.32
1766170800,1766172900,long,87288.5,87990.481,86937.5095,87990.481,Target,2.0,464.39,23683.71
1766175900,1766176500,long,88000.0,88000.0,87620.168,88759.66399999999,SL,0.0,0.0,23683.71
1766176800,1766181000,long,88120.0,87826.065,87826.065,88707.87,SL,-1.0,-236.84,23446.87
1766186700,1766187000,long,88269.5,88181.38725,88181.38725,88445.7255,SL,-1.0,-234.47,23212.4
1766188500,1766189400,short,88129.0,88129.0,88268.61224999999,87849.77550000002,SL,0.0,0.0,23212.4
1766191800,1766198400,short,88026.5,88164.06,88164.06,87751.38,SL,-1.0,-232.12,22980.28
1766207100,1766209200,long,88303.0,88442.10399999999,88163.89600000001,88581.20799999998,SL,1.0,229.8,23210.08
1766216700,1766217600,short,88156.5,88285.12049999999,88285.12049999999,87899.25900000002,SL,-1.0,-232.1,22977.98
1766226300,1766229900,short,88166.0,88280.61825,88280.61825,87936.7635,SL,-1.0,-229.78,22748.2
1766236500,1766256900,short,88077.5,88362.65925,88362.65925,87507.1815,SL,-1.0,-227.48,22520.72
1766276400,1766280600,long,88324.5,88226.86450000001,88226.86450000001,88519.77099999998,SL,-1.0,-225.21,22295.51
1766283300,1766297400,short,87983.5,88168.56224999999,88168.56224999999,87613.37550000002,SL,-1.0,-222.96,22072.56
1766322900,1766332200,short,88236.0,88236.0,88713.83475,87280.33050000001,SL,0.0,0.0,22072.56
1766334300,1766336100,long,88073.5,88246.972,87900.028,88420.44399999999,SL,1.0,220.73,22293.28
1766339100,1766340000,long,88334.5,88208.37375,88208.37375,88586.7525,SL,-1.0,-222.93,22070.35
1766353500,1766355000,short,88243.5,88243.5,88383.16949999999,87964.16100000002,SL,0.0,0.0,22070.35
1766361000,1766361900,long,88541.0,88769.1785,88312.8215,88997.35699999999,SL,1.0,220.7,22291.05
1766363700,1766364900,long,89000.0,88704.12575,88704.12575,89591.74849999999,SL,-1.0,-222.91,22068.14
1766391900,1766393100,long,89455.0,89455.0,89113.421,90138.158,SL,0.0,0.0,22068.14
1766408400,1766409600,long,90219.5,89999.47775,89999.47775,90659.54449999999,SL,-1.0,-220.68,21847.46
1766413800,1766414100,short,89929.5,89702.44425,90156.55575,89475.3885,SL,1.0,218.47,22065.93
1766420100,1766421300,long,89921.0,89571.69175,89571.69175,90619.6165,SL,-1.0,-220.66,21845.27
1766425800,1766430000,short,89281.0,89021.25200000001,89540.74799999999,88761.50400000002,SL,1.0,218.45,22063.73
1766438700,1766439900,long,88396.0,88396.0,88234.36075,88719.27849999999,SL,0.0,0.0,22063.73
1766454000,1766455200,short,88508.5,88344.686,88672.314,88180.872,SL,1.0,220.64,22284.36
1766476200,1766479500,long,87585.5,87426.265,87426.265,87903.97,SL,-1.0,-222.84,22061.52
1766486700,1766488500,long,87593.5,87703.26375,87483.73625,87813.0275,SL,1.0,220.62,22282.14
1766488800,1766491200,long,87677.0,87677.0,87530.213,87970.574,SL,0.0,0.0,22282.14
1766493600,1766496900,long,87800.0,87510.72275,87510.72275,88378.5545,SL,-1.0,-222.82,22059.31
1766497200,1766500500,short,87618.0,87618.0,87911.934,87030.13200000001,SL,0.0,0.0,22059.31
1766518200,1766520900,short,87822.5,87822.5,88053.0045,87361.49100000001,SL,0.0,0.0,22059.31
1766526300,1766527800,short,87678.0,87565.1265,87790.8735,87452.253,SL,1.0,220.59,22279.91
1766530500,1766532600,short,87454.0,87454.0,87695.826,86970.348,SL,0.0,0.0,22279.91
1766542200,1766544000,short,87439.0,87190.178,87687.822,86941.356,SL,1.0,222.8,22502.71
1766544300,1766545200,short,87231.5,87013.297,87449.703,86795.09400000001,SL,1.0,225.03,22727.73
1766552100,1766552700,short,87243.5,87126.84175,87360.15825,87010.18350000001,SL,1.0,227.28,22955.01
1766554800,1766555100,short,87070.5,86832.35400000002,87189.57299999999,86832.35400000002,Target,2.0,459.1,23414.11
1766557200,1766558100,short,86831.5,86979.468,86979.468,86535.56400000001,SL,-1.0,-234.14,23179.97
1766568000,1766568900,short,86789.5,86789.5,86887.92224999999,86592.65550000002,SL,0.0,0.0,23179.97
1766574600,1766581500,long,87173.0,87338.52549999999,87007.47450000001,87504.05099999998,SL,1.0,231.8,23411.77
1766589600,1766590200,short,86846.0,87134.5455,87134.5455,86268.90900000001,SL,-1.0,-234.12,23177.65
1766612400,1766616000,long,87744.0,87930.30075,87557.69925,88116.60149999999,SL,1.0,231.78,23409.43
1766625300,1766626200,long,87595.5,87595.5,87496.23000000001,87794.03999999998,SL,0.0,0.0,23409.43
1766627100,1766638800,long,87702.0,87702.0,87501.72725000001,88102.54549999998,SL,0.0,0.0,23409.43
1766643600,1766650500,long,87709.0,87709.0,87600.178,87926.644,SL,0.0,0.0,23409.43
1766657100,1766657700,short,87470.5,87379.74125,87561.25875,87288.98250000001,SL,1.0,234.09,23643.52
1766666700,1766670000,short,87506.5,87506.5,87608.28224999999,87302.93550000002,SL,0.0,0.0,23643.52
1766674200,1766674800,long,87606.0,87720.7675,87491.2325,87835.535,SL,1.0,236.44,23879.96
1766679600,1766681400,long,88303.0,88092.9315,88092.9315,88723.13699999999,SL,-1.0,-238.8,23641.16
1766693100,1766694300,short,88086.0,87989.93100000001,88182.06899999999,87893.86200000002,SL,1.0,236.41,23877.57
1766707500,1766715000,short,87077.0,87330.64349999999,87330.64349999999,86569.71300000002,SL,-1.0,-238.78,23638.79
1766721600,1766722500,short,88709.5,88709.5,88903.4295,88321.641,SL,0.0,0.0,23638.79
1766740800,1766743500,long,88734.0,88734.0,88571.19225000001,89059.61549999999,SL,0.0,0.0,23638.79
1766743800,1766744100,long,88835.5,88720.11775,88720.11775,89066.26449999999,SL,-1.0,-236.39,23402.41
1766746800,1766752800,short,88721.0,88721.0,88885.92074999999,88391.15850000002,SL,0.0,0.0,23402.41
1766754600,1766756100,long,88687.0,88829.29449999999,88544.70550000001,88971.58899999998,SL,1.0,234.02,23636.43
1766756400,1766756700,long,88824.0,88956.86774999999,88691.13225000001,89089.73549999998,SL,1.0,236.36,23872.8
1766764800,1766768100,long,87195.5,86897.02975,86897.02975,87792.4405,SL,-1.0,-238.73,23634.07
1766776800,1766780400,long,87349.5,87498.12225,87200.87775,87646.7445,SL,1.0,236.34,23870.41
1766787600,1766799300,short,87429.0,87429.0,87604.7805,87077.43900000001,SL,0.0,0.0,23870.41
1766803500,1766811900,long,87413.5,87413.5,87337.3095,87565.881,SL,0.0,0.0,23870.41
1766823000,1766827500,long,87543.0,87543.0,87455.25050000001,87718.49899999998,SL,0.0,0.0,23870.41
1766828700,1766831700,short,87568.5,87381.88200000001,87661.809,87381.88200000001,Target,2.0,477.41,24347.82
1766837700,1766842200,short,87423.5,87332.2645,87514.7355,87241.02900000001,SL,1.0,243.48,24591.29
1766842500,1766845800,short,87364.0,87455.20575,87455.20575,87181.58850000001,SL,-1.0,-245.91,24345.38
1766849700,1766852700,long,87509.0,87421.2675,87421.2675,87684.465,SL,-1.0,-243.45,24101.93
1766860800,1766865900,short,87490.5,87559.758,87559.758,87351.984,SL,-1.0,-241.02,23860.91
1766870100,1766873400,long,87563.5,87642.764,87484.236,87722.02799999999,SL,1.0,238.61,24099.52
1766873700,1766874000,long,87630.5,87712.29625,87548.70375,87794.0925,SL,1.0,241.0,24340.51
1766882400,1766884500,long,87779.0,87779.0,87640.65775,88055.6845,SL,0.0,0.0,24340.51
1766895900,1766899800,short,87743.0,87632.095,87853.905,87521.19,SL,1.0,243.41,24583.92
1766903700,1766911200,long,87714.0,87899.66499999998,87621.16750000001,87899.66499999998,Target,2.0,491.68,25075.6
1766913000,1766914500,long,87815.5,87727.11450000001,87727.11450000001,87992.27099999998,SL,-1.0,-250.76,24824.84
1766924100,1766926800,short,87808.5,87882.91949999999,87882.91949999999,87659.66100000002,SL,-1.0,-248.25,24576.59
1766929200,1766932800,long,87887.5,87995.9115,87779.0885,88104.323,SL,1.0,245.77,24822.36
1766934600,1766938800,long,87926.0,87784.08600000001,87784.08600000001,88209.82799999998,SL,-1.0,-248.22,24574.13
1766940300,1766941800,short,87779.5,87859.908,87859.908,87618.68400000001,SL,-1.0,-245.74,24328.39
1766947800,1766948100,short,87688.5,87530.7765,87767.36175,87530.7765,Target,2.0,486.57,24814.96
1766949900,1766950200,short,87608.0,87608.0,87696.32625,87431.3475,SL,0.0,0.0,24814.96
1766952000,1766952300,short,87552.5,87468.2035,87636.7965,87383.907,SL,1.0,248.15,25063.11
1766967600,1766968200,long,87949.5,88123.9095,87775.0905,88298.31899999999,SL,1.0,250.63,25313.74
1766982900,1766983200,long,90066.5,90205.48625,89927.51375,90344.4725,SL,1.0,253.14,25566.88
1766987400,1766988900,short,90038.5,90038.5,90215.08499999999,89685.33000000002,SL,0.0,0.0,25566.88
1766989800,1766991600,short,89972.5,89800.45025000001,90144.54974999999,89628.40050000002,SL,1.0,255.67,25822.55
1766998200,1766998500,long,89739.5,89551.70175000001,89551.70175000001,90115.09649999999,SL,-1.0,-258.23,25564.32
1766999700,1767000600,short,89458.0,89291.21,89624.79,89124.42000000001,SL,1.0,255.64,25819.97
1767010500,1767018600,short,87011.5,87607.78199999999,87607.78199999999,85818.93600000002,SL,-1.0,-258.2,25561.77
1767053100,1767053400,short,87212.5,87284.62049999999,87284.62049999999,87068.25900000002,SL,-1.0,-255.62,25306.15
1767078900,1767079200,long,87474.0,87357.29950000001,87357.29950000001,87707.40099999998,SL,-1.0,-253.06,25053.09
1767084300,1767086100,long,87953.5,87700.62775,87700.62775,88459.2445,SL,-1.0,-250.53,24802.56
1767099600,1767099900,long,87989.0,87907.52425,87907.52425,88151.9515,SL,-1.0,-248.03,24554.53
1767103200,1767103500,long,88059.0,87949.0035,87949.0035,88278.99299999999,SL,-1.0,-245.55,24308.98
1767106500,1767106800,long,88309.0,88665.49824999999,87952.50175000001,89021.99649999998,SL,1.0,243.09,24552.07
1767108600,1767110100,long,88435.0,89029.182,88137.909,89029.182,Target,2.0,491.04,25043.12
1767115500,1767116700,short,88536.0,88251.61200000001,88820.38799999999,87967.22400000002,SL,1.0,250.43,25293.55
1767127500,1767128700,short,88035.0,88035.0,88198.07699999999,87708.84600000002,SL,0.0,0.0,25293.55
1767147300,1767151800,long,88635.5,88443.75600000001,88443.75600000001,89018.98799999998,SL,-1.0,-252.94,25040.61
1767165600,1767165900,short,88429.0,88512.234,88512.234,88262.532,SL,-1.0,-250.41,24790.21
1767178200,1767179400,long,88717.5,88842.3185,88592.6815,88967.13699999999,SL,1.0,247.9,25038.11
1767201000,1767201300,short,87533.5,87719.33774999999,87719.33774999999,87161.82450000002,SL,-1.0,-250.38,24787.73
1767204300,1767207300,long,87663.5,87663.5,87493.73125000001,88003.03749999998,SL,0.0,0.0,24787.73
1767209100,1767211500,short,87738.0,87416.14500000002,87898.92749999999,87416.14500000002,Target,2.0,495.75,25283.48
1767219600,1767220800,long,87808.0,87699.62825000001,87699.62825000001,88024.74349999998,SL,-1.0,-252.83,25030.65
1767232200,1767233700,long,87868.0,87962.40875,87773.59125,88056.8175,SL,1.0,250.31,25280.95
1767238200,1767240300,short,87907.5,87771.50025000001,88043.49974999999,87635.50050000002,SL,1.0,252.81,25533.76
1767246600,1767247500,long,87683.5,87618.66875000001,87618.66875000001,87813.16249999998,SL,-1.0,-255.34,25278.42
1767249900,1767251700,short,87641.0,87641.0,87699.828,87523.34400000001,SL,0.0,0.0,25278.42
1767252600,1767254700,short,87623.5,87692.32424999999,87692.32424999999,87485.85150000002,SL,-1.0,-252.78,25025.64
1767260400,1767267300,long,87849.0,87849.0,87747.1045,88052.791,SL,0.0,0.0,25025.64
1767270600,1767272400,long,87959.0,87868.04400000001,87868.04400000001,88140.91199999998,SL,-1.0,-250.26,24775.38
1767275100,1767275400,long,87948.0,87865.54525000001,87865.54525000001,88112.90949999998,SL,-1.0,-247.75,24527.63
1767276000,1767280500,short,87827.0,87993.97499999999,87993.97499999999,87493.05000000002,SL,-1.0,-245.28,24282.35
1767314700,1767320400,short,88673.5,88456.577,88890.423,88239.65400000001,SL,1.0,242.82,24525.18
1767331200,1767332100,short,88638.5,88638.5,88725.84074999999,88463.81850000002,SL,0.0,0.0,24525.18
1767337800,1767338700,long,88980.5,88846.5545,88846.5545,89248.391,SL,-1.0,-245.25,24279.93
1767347400,1767348300,long,89222.5,89541.60749999998,89062.94625000001,89541.60749999998,Target,2.0,485.6,24765.52
1767386100,1767387000,short,89858.5,89706.017,90010.983,89553.53400000001,SL,1.0,247.66,25013.18
1767390600,1767391200,long,89925.5,90058.9185,89792.0815,90192.337,SL,1.0,250.13,25263.31
1767391500,1767422700,long,90155.0,89828.56325,89828.56325,90807.87349999999,SL,-1.0,-252.63,25010.68
1767424500,1767424800,short,89821.5,89529.57750000001,89967.46125,89529.57750000001,Target,2.0,500.21,25510.89
1767436800,1767438300,long,89775.5,89667.144,89667.144,89992.212,SL,-1.0,-255.11,25255.78
1767446700,1767450900,long,89984.0,90117.9475,89850.0525,90251.89499999999,SL,1.0,252.56,25508.34
1767457200,1767457800,short,89935.0,90054.0045,90054.0045,89696.99100000001,SL,-1.0,-255.08,25253.26
1767461700,1767467100,long,90050.5,90050.5,89945.50475000001,90260.49049999999,SL,0.0,0.0,25253.26
1767484800,1767485100,long,90628.0,90816.579,90533.7105,90816.579,Target,2.0,505.07,25758.32
1767487800,1767489300,long,91218.5,91218.5,90981.4865,91692.527,SL,0.0,0.0,25758.32
1767519900,1767521400,long,91369.5,91470.65699999999,91268.34300000001,91571.81399999998,SL,1.0,257.58,26015.91
1767528300,1767533400,short,91194.5,91194.5,91388.6715,90806.157,SL,0.0,0.0,26015.91
1767540600,1767541800,short,91213.5,91213.5,91326.14025,90988.2195,SL,0.0,0.0,26015.91
1767544500,1767550500,long,91339.5,91200.87675000001,91200.87675000001,91616.74649999998,SL,-1.0,-260.16,25755.75
1767555900,1767557400,short,91063.0,91205.07974999999,91205.07974999999,90778.84050000002,SL,-1.0,-257.56,25498.19
1767561000,1767562800,long,91322.5,91185.3845,91185.3845,91596.731,SL,-1.0,-254.98,25243.21
1767569100,1767570900,long,91355.5,91499.62849999999,91211.37150000001,91643.75699999998,SL,1.0,252.43,25495.64
1767594000,1767594600,short,92357.5,92209.27025,92505.72975,92061.0405,SL,1.0,254.96,25750.6
1767610200,1767619200,long,93005.0,92687.633,92687.633,93639.734,SL,-1.0,-257.51,25493.09
1767619500,1767620400,short,92799.5,92650.549,92948.451,92501.598,SL,1.0,254.93,25748.02
1767623100,1767623400,short,92708.0,92708.0,92836.89525,92450.2095,SL,0.0,0.0,25748.02
1767626400,1767633600,long,93501.0,93501.0,93076.4385,94350.12299999999,SL,0.0,0.0,25748.02
1767641400,1767642000,long,94345.5,94146.40325,94146.40325,94743.6935,SL,-1.0,-257.48,25490.54
1767655800,1767660600,short,93909.0,93669.9495,94148.0505,93430.899,SL,1.0,254.91,25745.45
1767666900,1767668400,short,93659.0,93659.0,93790.87199999999,93395.25600000002,SL,0.0,0.0,25745.45
1767678000,1767681000,short,93650.0,93792.87299999999,93792.87299999999,93364.25400000002,SL,-1.0,-257.45,25487.99
1767687600,1767690000,short,93308.5,93308.5,93434.69399999999,93056.11200000002,SL,0.0,0.0,25487.99
1767693300,1767694800,long,93482.0,93482.0,93346.30350000001,93753.39299999998,SL,0.0,0.0,25487.99
1767696300,1767696900,long,93595.0,93475.73875,93475.73875,93833.52249999999,SL,-1.0,-254.88,25233.11
1767706500,1767708300,short,93689.0,93851.9025,93851.9025,93363.195,SL,-1.0,-252.33,24980.78
1767713700,1767716700,short,93868.5,92944.21650000001,94330.64175,92944.21650000001,Target,2.0,499.62,25480.4
1767725400,1767732000,long,92051.5,92661.29249999998,91746.60375000001,92661.29249999998,Target,2.0,509.61,25990.0
1767756300,1767756600,long,93059.5,92862.54550000001,92862.54550000001,93453.40899999999,SL,-1.0,-259.9,25730.1
1767760800,1767762900,short,92731.0,92731.0,92840.89725,92511.20550000001,SL,0.0,0.0,25730.1
1767773700,1767774300,long,92905.5,92768.09275000001,92768.09275000001,93180.31449999998,SL,-1.0,-257.3,25472.8
1767783300,1767785100,long,91903.5,92184.30899999998,91763.09550000001,92184.30899999998,Target,2.0,509.46,25982.26
1767801600,1767802200,short,91363.5,91606.28025,91606.28025,90877.93950000001,SL,-1.0,-259.82,25722.44
1767818100,1767825600,long,91023.0,91023.0,90704.625,91659.75,SL,0.0,0.0,25722.44
1767838800,1767839700,short,91283.0,91085.2825,91480.7175,90887.565,SL,1.0,257.22,25979.66
1767864000,1767864300,short,90243.0,90085.82250000001,90400.17749999999,89928.64500000002,SL,1.0,259.8,26239.46
1767873900,1767874200,short,90103.5,89903.871,90303.129,89704.242,SL,1.0,262.39,26501.85
1767883500,1767883800,short,89531.5,89939.44725,89939.44725,88715.6055,SL,-1.0,-265.02,26236.83
1767885300,1767890100,long,90329.0,90329.0,89798.57825,91389.84349999999,SL,0.0,0.0,26236.83
1767891900,1767895800,long,90898.5,91195.3235,90601.6765,91492.147,SL,1.0,262.37,26499.2
1767926400,1767928800,short,91185.5,91185.5,91367.16075,90822.17850000001,SL,0.0,0.0,26499.2
1767941100,1767943800,long,91101.5,90915.01975,90915.01975,91474.46049999999,SL,-1.0,-264.99,26234.21
1767952200,1767957300,long,90353.0,90628.2605,90215.36975,90628.2605,Target,2.0,524.68,26758.89
1767970200,1767972000,short,90039.0,90416.68574999999,90416.68574999999,89283.62850000002,SL,-1.0,-267.59,26491.3
1767985500,1767985800,short,90775.5,90613.05375,90937.94625,90450.60750000001,SL,1.0,264.91,26756.22
1767988800,1767992700,short,90392.0,90392.0,90632.2935,89911.413,SL,0.0,0.0,26756.22
1767999300,1768012800,long,90595.0,90595.0,90474.24025,90836.5195,SL,0.0,0.0,26756.22
1768014600,1768019700,short,90609.0,90500.664,90717.336,90392.32800000001,SL,1.0,267.56,27023.78
1768021200,1768022700,short,90420.0,90538.2465,90538.2465,90183.50700000001,SL,-1.0,-270.24,26753.54
1768035600,1768037700,long,90622.5,90622.5,90542.706,90782.08799999999,SL,0.0,0.0,26753.54
1768045200,1768045500,long,90778.5,90698.12825000001,90698.12825000001,90939.24349999998,SL,-1.0,-267.54,26486.01
1768048200,1768054200,short,90711.0,90614.11875000001,90807.88124999999,90517.23750000002,SL,1.0,264.86,26750.87
1768059300,1768061400,long,90577.5,90656.272,90498.728,90735.044,SL,1.0,267.51,27018.38
1768072800,1768077000,long,90572.0,90572.0,90508.723,90698.554,SL,0.0,0.0,27018.38
1768080900,1768084200,short,90490.5,90490.5,90593.77425,90283.9515,SL,0.0,0.0,27018.38
1768085700,1768092900,short,90451.0,90617.286,90617.286,90118.42800000001,SL,-1.0,-270.18,26748.19
1768097100,1768101000,long,90607.5,90607.5,90532.71100000001,90757.07799999998,SL,0.0,0.0,26748.19
1768104900,1768112100,long,90706.0,90706.0,90624.66500000001,90868.66999999998,SL,0.0,0.0,26748.19
1768121100,1768133700,short,90685.5,90814.88475,90814.88475,90426.7305,SL,-1.0,-267.48,26480.71
1768138800,1768140600,short,90789.5,90932.94374999999,90932.94374999999,90502.61250000002,SL,-1.0,-264.81,26215.9
1768150800,1768152900,long,91036.5,90878.538,90878.538,91352.424,SL,-1.0,-262.16,25953.74
1768153200,1768156500,short,90971.0,90868.486,91073.514,90765.97200000001,SL,1.0,259.54,26213.28
1768175100,1768176300,long,90790.5,90790.5,90612.17125,91147.1575,SL,0.0,0.0,26213.28
1768194900,1768197000,long,92159.5,92046.9535,92046.9535,92384.593,SL,-1.0,-262.13,25951.15
1768202400,1768203600,short,91778.5,91614.0515,91942.9485,91449.603,SL,1.0,259.51,26210.66
1768206600,1768206900,short,91453.5,91125.92850000001,91617.28575,91125.92850000001,Target,2.0,524.21,26734.87
1768207200,1768207500,short,91109.0,90393.579,91466.7105,90393.579,Target,2.0,534.7,27269.57
1768212900,1768213800,short,90687.0,90562.617,90811.383,90438.234,SL,1.0,272.7,27542.27
1768218900,1768220100,long,90606.0,90734.2615,90477.7385,90862.52299999999,SL,1.0,275.42,27817.69
1768222500,1768222800,long,90716.5,90629.16275,90629.16275,90891.1745,SL,-1.0,-278.18,27539.51
1768231500,1768233600,long,91204.5,91596.92874999999,90812.07125000001,91989.35749999998,SL,1.0,275.4,27814.91
1768235400,1768238400,long,91809.5,91809.5,91481.73625,92465.0275,SL,0.0,0.0,27814.91
1768248000,1768249800,long,91840.0,91642.65575,91642.65575,92234.68849999999,SL,-1.0,-278.15,27536.76
1768253700,1768254600,short,91296.5,91131.292,91461.708,90966.084,SL,1.0,275.37,27812.13
1768267800,1768268100,short,91335.5,91191.28300000001,91479.71699999999,91047.06600000002,SL,1.0,278.12,28090.25
1768276800,1768278000,long,91309.0,91492.26299999998,91217.36850000001,91492.26299999998,Target,2.0,561.8,28652.05
1768280400,1768281000,long,91409.5,91657.83099999998,91285.33450000001,91657.83099999998,Target,2.0,573.04,29225.09
1768283400,1768284000,long,91917.5,91917.5,91792.58075000001,92167.33849999998,SL,0.0,0.0,29225.09
1768293600,1768294800,long,92041.0,92218.95449999999,91863.04550000001,92396.90899999999,SL,1.0,292.25,29517.34
1768299600,1768300800,short,92200.0,92200.0,92373.1635,91853.67300000001,SL,0.0,0.0,29517.34
1768310700,1768311000,long,92038.5,92160.981,91916.019,92283.462,SL,1.0,295.17,29812.52
1768311300,1768312800,long,92112.5,91942.50575000001,91942.50575000001,92452.48849999998,SL,-1.0,-298.13,29514.39
1768322400,1768335600,long,93509.5,94428.59649999999,93049.95175000001,94428.59649999999,Target,2.0,590.29,30104.68
1768337400,1768341900,long,94270.5,94539.0245,94001.9755,94807.549,SL,1.0,301.05,30405.73
1768350600,1768352700,short,95401.0,95401.0,95633.79299999999,94935.41400000002,SL,0.0,0.0,30405.73
1768377600,1768380000,long,95225.0,94940.00625,94940.00625,95794.98749999999,SL,-1.0,-304.06,30101.67
1768388700,1768389000,short,95058.5,94950.44050000001,95166.55949999999,94842.38100000002,SL,1.0,301.02,30402.69
1768391400,1768392000,short,94889.0,94753.01125000001,95024.98874999999,94617.02250000002,SL,1.0,304.03,30706.71
1768395600,1768395900,long,95054.0,94980.98575,94980.98575,95200.02849999999,SL,-1.0,-307.07,30399.65
1768409100,1768412100,long,97430.0,96910.02075000001,96910.02075000001,98469.95849999998,SL,-1.0,-304.0,30095.65
1768413600,1768416300,short,96872.0,96422.86375,97321.13625,95973.72750000001,SL,1.0,300.96,30396.61
1768430100,1768430400,short,97281.5,96927.09,97458.705,96927.09,Target,2.0,607.93,31004.54
1768431600,1768432500,short,96929.5,97264.10775,97264.10775,96260.28450000001,SL,-1.0,-310.05,30694.49
1768433100,1768437000,short,97114.5,96566.16,97388.67,96566.16,Target,2.0,613.89,31308.38
1768447200,1768447500,short,96165.0,96165.0,96417.18449999999,95660.63100000002,SL,0.0,0.0,31308.38
1768447800,1768450800,short,96134.5,96134.5,96400.67624999999,95602.14750000002,SL,0.0,0.0,31308.38
1768460700,1768461600,short,96204.0,96345.64875,96345.64875,95920.70250000001,SL,-1.0,-313.08,30995.3
1768469100,1768469400,long,96592.0,96714.75875,96469.24125,96837.51749999999,SL,1.0,309.95,31305.25
1768477200,1768481700,short,96691.0,96942.94725,96942.94725,96187.1055,SL,-1.0,-313.05,30992.2
1768504800,1768505100,short,95760.5,95562.54475,95958.45525,95364.5895,SL,1.0,309.92,31302.12
1768510200,1768510800,short,95135.0,95418.18525,95418.18525,94568.62950000001,SL,-1.0,-313.02,30989.1
1768515900,1768516200,long,95571.5,95733.7285,95409.2715,95895.957,SL,1.0,309.89,31298.99
1768520100,1768522500,short,95531.0,95732.34225,95732.34225,95128.3155,SL,-1.0,-312.99,30986.0
1768523700,1768525500,long,95730.0,95547.2025,95547.2025,96095.595,SL,-1.0,-309.86,30676.14
1768529700,1768540200,short,95409.5,95409.5,95680.8165,94866.867,SL,0.0,0.0,30676.14
1768555200,1768558500,short,95654.5,95422.7775,95770.36125,95422.7775,Target,2.0,613.52,31289.66
1768567500,1768567800,long,95461.5,95350.80075000001,95350.80075000001,95682.89849999998,SL,-1.0,-312.9,30976.77
1768569600,1768570500,long,95503.5,95357.79725,95357.79725,95794.9055,SL,-1.0,-309.77,30667.0
1768577100,1768662300,short,94923.0,95612.7825,95612.7825,93543.435,SL,-1.0,-306.67,30360.33
1768662600,1768666800,long,95450.5,95313.81925,95313.81925,95723.8615,SL,-1.0,-303.6,30056.73
1768700700,1768706700,short,94962.0,95102.5275,95102.5275,94680.945,SL,-1.0,-300.57,29756.16
1768714200,1768714800,short,95039.0,95127.54,95127.54,94861.92000000001,SL,-1.0,-297.56,29458.6
1768715100,1768730400,long,95110.0,95110.0,94977.98725,95374.02549999999,SL,0.0,0.0,29458.6
1768741500,1768743300,short,95053.5,94941.441,95165.559,94829.38200000001,SL,1.0,294.59,29753.18
1768752000,1768753500,long,95069.0,95069.0,94972.98975000001,95261.02049999998,SL,0.0,0.0,29753.18
1768764600,1768765500,long,95460.5,95330.81075,95330.81075,95719.87849999999,SL,-1.0,-297.53,29455.65
1768776900,1768777200,long,95470.0,95342.80475000001,95342.80475000001,95724.39049999998,SL,-1.0,-294.56,29161.09
1768790400,1768810500,long,92561.0,92785.69124999999,92336.30875000001,93010.38249999998,SL,1.0,291.61,29452.71
1768817100,1768821600,short,92951.5,93091.52249999999,93091.52249999999,92671.45500000002,SL,-1.0,-294.53,29158.18
1768831800,1768832400,short,92937.0,92937.0,93056.00475,92698.99050000001,SL,0.0,0.0,29158.18
1768840200,1768841400,long,93111.0,93241.5135,92980.4865,93372.027,SL,1.0,291.58,29449.76
1768848900,1768852800,short,92999.0,93149.05124999999,93149.05124999999,92698.89750000002,SL,-1.0,-294.5,29155.26
1768853700,1768857000,long,93167.5,93167.5,93030.96125000001,93440.57749999998,SL,0.0,0.0,29155.26
1768871100,1768871700,short,92588.0,92773.36349999999,92773.36349999999,92217.27300000002,SL,-1.0,-291.55,28863.71
1768874100,1768874400,long,92785.0,92616.6685,92616.6685,93121.663,SL,-1.0,-288.64,28575.07
1768877700,1768879800,short,92555.5,92226.82650000002,92719.83674999999,92226.82650000002,Target,2.0,571.5,29146.57
1768881900,1768882800,short,92383.0,92250.76550000001,92515.23449999999,92118.53100000002,SL,1.0,291.47,29438.04
1768884300,1768884900,short,92269.0,92090.29925000001,92447.70074999999,91911.59850000002,SL,1.0,294.38,29732.42
1768893600,1768894800,short,91009.0,91179.06675,91179.06675,90668.8665,SL,-1.0,-297.32,29435.1
1768897500,1768898100,long,91087.5,90739.6075,90739.6075,91783.285,SL,-1.0,-294.35,29140.75
1768900500,1768903800,short,90952.5,91134.04424999999,91134.04424999999,90589.41150000002,SL,-1.0,-291.41,28849.34
1768906200,1768907100,long,91204.5,91329.06275,91079.93725,91453.6255,SL,1.0,288.49,29137.83
1768911900,1768916400,short,91067.5,91067.5,91323.13875,90556.2225,SL,0.0,0.0,29137.83
1768939500,1768940400,short,89449.5,89803.8795,89803.8795,88740.74100000001,SL,-1.0,-291.38,28846.45
1768943100,1768945200,long,89712.0,89456.2495,89456.2495,90223.50099999999,SL,-1.0,-288.46,28557.99
1768959300,1768960800,long,89046.5,89046.5,88892.53150000001,89354.43699999998,SL,0.0,0.0,28557.99
1768972200,1768973400,long,89467.5,89571.20425,89363.79575,89674.90849999999,SL,1.0,285.58,28843.57
1768976700,1768977000,long,89880.5,89738.1085,89738.1085,90165.283,SL,-1.0,-288.44,28555.13
1768979700,1768980600,short,89665.0,89542.62875,89787.37125,89420.2575,SL,1.0,285.55,28840.68
1768990500,1768996200,long,89309.5,88983.98575,88983.98575,89960.52849999999,SL,-1.0,-288.41,28552.28
1769007600,1769008500,long,89659.0,90432.31699999998,89272.34150000001,90432.31699999998,Target,2.0,571.05,29123.32
1769010600,1769011500,long,90152.5,89758.59825000001,89758.59825000001,90940.30349999998,SL,-1.0,-291.23,28832.09
1769024100,1769195700,long,89715.0,89715.0,88456.7495,92231.50099999999,SL,0.0,0.0,28832.09
1769199900,1769200200,short,89926.0,89674.43375000001,90177.56624999999,89422.86750000002,SL,1.0,288.32,29120.41
1769208600,1769223600,short,89549.5,89757.35625,89757.35625,89133.7875,SL,-1.0,-291.2,28829.21
1769224200,1769238300,long,89791.5,89595.18000000001,89595.18000000001,90184.13999999998,SL,-1.0,-288.29,28540.91
1769244000,1769245500,long,89600.5,89600.5,89545.70475,89710.09049999999,SL,0.0,0.0,28540.91
1769263200,1769263500,short,89498.5,89445.74675,89551.25325,89392.99350000001,SL,1.0,285.41,28826.32
1769266800,1769268300,long,89463.0,89365.79475,89365.79475,89657.4105,SL,-1.0,-288.26,28538.06
1769277600,1769281500,long,89325.5,89325.5,89251.352,89473.796,SL,0.0,0.0,28538.06
1769301000,1769304600,short,89213.5,89117.86775,89309.13225,89022.23550000001,SL,1.0,285.38,28823.44
1769318100,1769319000,long,89003.5,88920.01775,88920.01775,89170.4645,SL,-1.0,-288.23,28535.21
1769321100,1769321400,short,88935.5,88757.52000000002,89024.48999999999,88757.52000000002,Target,2.0,570.7,29105.91
1769323200,1769330100,short,88736.0,88595.08375,88876.91625,88454.16750000001,SL,1.0,291.06,29396.97
1769334300,1769342400,long,88443.0,88443.0,88270.34275000001,88788.31449999998,SL,0.0,0.0,29396.97
1769363700,1769364600,short,87867.5,87717.51325,88017.48675,87567.5265,SL,1.0,293.97,29690.94
1769365500,1769366400,short,87478.0,87023.0555,87932.9445,86568.111,SL,1.0,296.91,29987.85
1769368800,1769369100,short,87251.5,86940.13650000002,87407.18174999999,86940.13650000002,Target,2.0,599.76,30587.61
1769372700,1769374800,short,86339.5,86732.84474999999,86732.84474999999,85552.81050000002,SL,-1.0,-305.88,30281.73
1769385000,1769385900,long,86501.5,86809.61825,86193.38175,87117.7365,SL,1.0,302.82,30584.55
1769389500,1769389800,long,86952.5,87230.359,86674.641,87508.218,SL,1.0,305.85,30890.39
1769404800,1769407800,long,87731.0,87731.0,87581.68725,88029.6255,SL,0.0,0.0,30890.39
1769410200,1769412300,long,87936.5,87797.57925000001,87797.57925000001,88214.34149999998,SL,-1.0,-308.9,30581.49
1769430900,1769433000,short,87809.5,87809.5,87952.95449999999,87522.59100000001,SL,0.0,0.0,30581.49
1769436300,1769436600,long,87978.5,87842.057,87842.057,88251.386,SL,-1.0,-305.81,30275.67
1769440200,1769441400,long,88258.5,88258.5,87963.996,88847.508,SL,0.0,0.0,30275.67
1769458500,1769461800,short,87928.5,87715.95150000001,88141.04849999999,87503.40300000002,SL,1.0,302.76,30578.43
1769468700,1769469600,short,88077.0,88266.11099999999,88266.11099999999,87698.77800000002,SL,-1.0,-305.78,30272.65
1769473500,1769477400,long,88297.0,88449.59425,88144.40575,88602.18849999999,SL,1.0,302.73,30575.37
1769479800,1769489400,long,88752.0,88489.73300000001,88489.73300000001,89276.53399999999,SL,-1.0,-305.75,30269.62
1769502600,1769504700,short,88218.0,88052.83050000001,88383.16949999999,87887.66100000002,SL,1.0,302.7,30572.32
1769509800,1769510100,short,87962.5,87850.48475,88074.51525,87738.4695,SL,1.0,305.72,30878.04
1769513100,1769513400,short,87818.0,87931.94399999999,87931.94399999999,87590.11200000002,SL,-1.0,-308.78,30569.26
1769516100,1769517000,long,88000.0,88000.0,87887.03450000001,88225.93099999998,SL,0.0,0.0,30569.26
1769522400,1769523000,long,88013.5,88013.5,87798.079,88444.342,SL,0.0,0.0,30569.26
1769523300,1769524200,long,88059.0,88059.0,87876.53975000001,88423.92049999998,SL,0.0,0.0,30569.26
1769529000,1769529600,long,87836.5,88108.80399999999,87564.19600000001,88381.10799999998,SL,1.0,305.69,30874.95
1769547000,1769547300,long,88926.5,89301.28349999999,88739.10825,89301.28349999999,Target,2.0,617.5,31492.45
1769552100,1769553300,short,89043.5,89244.09975,89244.09975,88642.30050000001,SL,-1.0,-314.92,31177.53
1769560800,1769561400,short,89166.5,89327.6415,89327.6415,88844.217,SL,-1.0,-311.78,30865.75
1769564700,1769568000,long,89333.0,89116.91925,89116.91925,89765.16149999999,SL,-1.0,-308.66,30557.09
1769570100,1769580000,short,89114.5,89114.5,89327.6415,88688.217,SL,0.0,0.0,30557.09
1769583300,1769584200,long,89187.5,89187.5,89072.94125,89416.6175,SL,0.0,0.0,30557.09
1769587200,1769591100,short,89123.5,88941.3695,89305.6305,88759.239,SL,1.0,305.57,30862.66
1769592000,1769592600,short,88921.0,89039.99775,89039.99775,88683.00450000001,SL,-1.0,-308.63,30554.04
1769596800,1769600400,long,89445.0,89445.0,89274.3405,89786.31899999999,SL,0.0,0.0,30554.04
1769603700,1769605800,long,89922.0,90127.8805,89716.1195,90333.761,SL,1.0,305.54,30859.58
1769613300,1769622000,short,89368.5,89860.40775,89860.40775,88384.6845,SL,-1.0,-308.6,30550.98
1769628900,1769629500,short,89364.0,89364.0,89651.30325,88789.3935,SL,0.0,0.0,30550.98
1769635800,1769636100,short,89143.0,89291.6235,89291.6235,88845.753,SL,-1.0,-305.51,30245.47
1769636700,1769646300,long,89292.5,88993.481,88993.481,89890.538,SL,-1.0,-302.45,29943.02
1769654700,1769698500,short,88011.0,87394.70850000001,88627.29149999999,86778.41700000002,SL,1.0,299.43,30242.45
1769723400,1769732400,long,84458.5,84458.5,84249.854,84875.79199999999,SL,0.0,0.0,30242.45
1769735100,1769736000,short,84125.5,83751.27125,84499.72875,83377.04250000001,SL,1.0,302.42,30544.87
1769758500,1769759400,short,82628.0,82813.386,82813.386,82257.228,SL,-1.0,-305.45,30239.42
1769778300,1769779800,short,82691.0,82691.0,82936.4475,82200.10500000001,SL,0.0,0.0,30239.42
1769782200,1769783400,long,82874.0,83077.356,82670.644,83280.712,SL,1.0,302.39,30541.82
1769793900,1769796900,long,82978.5,82566.69600000001,82566.69600000001,83802.10799999998,SL,-1.0,-305.42,30236.4
1769810100,1769810700,long,84305.0,84065.94600000001,84065.94600000001,84783.10799999998,SL,-1.0,-302.36,29934.03
1769815800,1769816700,short,83993.0,84209.0835,84209.0835,83560.83300000001,SL,-1.0,-299.34,29634.69
1769823000,1769823300,short,84105.5,83961.8965,84249.1035,83818.293,SL,1.0,296.35,29931.04
1769826000,1769827200,short,83896.5,84061.0095,84061.0095,83567.481,SL,-1.0,-299.31,29631.73
1769835000,1769835600,short,84037.5,83953.9605,84121.0395,83870.421,SL,1.0,296.32,29928.05
1769841000,1769844600,short,83874.0,83638.05000000002,83991.97499999999,83638.05000000002,Target,2.0,598.56,30526.61
1769847000,1769847300,short,83472.0,83295.69675,83648.30325,83119.3935,SL,1.0,305.27,30831.88
1769851200,1769861400,short,83049.0,83049.0,83297.12775,82552.7445,SL,0.0,0.0,30831.88
1769866200,1769866500,short,82758.0,82578.05175,82937.94825,82398.1035,SL,1.0,308.32,31140.19
1769868900,1769869200,short,82550.0,82151.04625,82948.95375,81752.0925,SL,1.0,311.4,31451.6
1769876400,1769877900,long,81352.0,80665.14725000001,80665.14725000001,82725.70549999998,SL,-1.0,-314.52,31137.08
1769888100,1769888700,short,77773.0,77773.0,78206.0835,76906.83300000001,SL,0.0,0.0,31137.08
1769895600,1769896800,long,77948.5,78246.34474999999,77650.65525000001,78544.18949999998,SL,1.0,311.37,31448.45
1769898600,1769899500,long,78237.5,77994.48325,77994.48325,78723.53349999999,SL,-1.0,-314.48,31133.97
1769904600,1769906100,long,78910.5,78910.5,78576.19225000001,79579.11549999999,SL,0.0,0.0,31133.97
1769910000,1769914200,short,78554.0,78894.42749999999,78894.42749999999,77873.14500000002,SL,-1.0,-311.34,30822.63
1769917500,1769919300,long,78764.0,78917.325,78610.675,79070.65,SL,1.0,308.23,31130.85
1769924700,1769927700,short,78677.5,78677.5,78885.423,78261.65400000001,SL,0.0,0.0,31130.85
1769928000,1769928300,short,78658.5,78477.6,78839.4,78296.70000000001,SL,1.0,311.31,31442.16
1769928600,1769931300,short,78366.0,78366.0,78735.348,77627.304,SL,0.0,0.0,31442.16
1769940000,1769940600,long,78840.5,79004.358,78676.642,79168.21599999999,SL,1.0,314.42,31756.58
1769949900,1769951400,short,78410.0,78676.81874999999,78676.81874999999,77876.36250000002,SL,-1.0,-317.57,31439.02
1769965800,1769966400,long,77608.0,77345.80775,77345.80775,78132.38449999999,SL,-1.0,-314.39,31124.63
1769973000,1769975100,short,77754.5,77386.95850000001,78122.04149999999,77019.41700000002,SL,1.0,311.25,31435.87
1769982600,1769983200,short,76807.0,76807.0,77181.57149999999,76057.85700000002,SL,0.0,0.0,31435.87
1769985300,1769987100,long,77325.0,76618.17175000001,76618.17175000001,78738.65649999998,SL,-1.0,-314.36,31121.51
1769991300,1769994900,long,77455.0,76721.62000000001,76721.62000000001,78921.75999999998,SL,-1.0,-311.22,30810.3
1769999700,1770000300,short,77092.0,76868.86175000001,77315.13824999999,76645.72350000002,SL,1.0,308.1,31118.4
1770018600,1770020700,long,76686.5,76686.5,76357.30225000001,77344.89549999998,SL,0.0,0.0,31118.4
1770022200,1770024900,long,77025.5,77445.82175,76605.17825,77866.1435,SL,1.0,311.18,31429.59
1770029100,1770031800,short,77487.5,77795.37825,77795.37825,76871.74350000001,SL,-1.0,-314.3,31115.29
1770037200,1770040500,long,77980.0,78226.38625,77733.61375,78472.77249999999,SL,1.0,311.15,31426.44
1770059100,1770059400,short,78531.0,78531.0,78686.82375,78219.35250000001,SL,0.0,0.0,31426.44
1770067200,1770067800,short,78179.0,78417.68925,78417.68925,77701.62150000001,SL,-1.0,-314.26,31112.18
1770069300,1770070500,long,78483.5,78711.64725,78255.35275,78939.79449999999,SL,1.0,311.12,31423.3
1770072000,1770074700,long,78759.0,78565.69750000001,78565.69750000001,79145.60499999998,SL,-1.0,-314.23,31109.07
1770084600,1770085200,short,78779.0,78779.0,79027.99424999999,78281.01150000002,SL,0.0,0.0,31109.07
1770102900,1770106200,long,78778.0,78474.743,78474.743,79384.514,SL,-1.0,-311.09,30797.98
1770142500,1770142800,short,74805.0,74805.0,75307.635,73799.73000000001,SL,0.0,0.0,30797.98
1770154200,1770154500,long,76532.0,76278.34175,76278.34175,77039.31649999999,SL,-1.0,-307.98,30490.0
1770158700,1770159000,short,75843.5,75598.975,76088.025,75354.45000000001,SL,1.0,304.9,30794.9
1770167400,1770172800,long,76400.0,75837.0625,75837.0625,77525.875,SL,-1.0,-307.95,30486.95
1770180300,1770184200,short,76559.5,76127.763,76775.3685,76127.763,Target,2.0,609.74,31096.69
1770193800,1770195000,short,76207.5,76479.2205,76479.2205,75664.05900000001,SL,-1.0,-310.97,30785.72
1770201000,1770201300,short,76084.0,76240.101,76240.101,75771.79800000001,SL,-1.0,-307.86,30477.86
1770215400,1770215700,short,75247.5,74907.72525,75587.27475,74567.9505,SL,1.0,304.78,30782.64
1770225900,1770228600,short,73143.0,73143.0,73862.913,71703.174,SL,0.0,0.0,30782.64
1770229500,1770232800,long,73269.0,73269.0,72523.72,74759.56,SL,0.0,0.0,30782.64
1770243000,1770243600,short,72287.0,72887.4255,72887.4255,71086.149,SL,-1.0,-307.83,30474.82
1770250200,1770250500,short,73045.0,72852.3995,73237.6005,72659.799,SL,1.0,304.75,30779.56
1770255900,1770256800,short,72743.0,72280.91575,73205.08425,71818.8315,SL,1.0,307.8,31087.36
1770259800,1770260100,short,72349.5,71301.663,72873.4185,71301.663,Target,2.0,621.75,31709.11
1770274800,1770277200,long,70957.5,70957.5,70509.22775,71854.04449999999,SL,0.0,0.0,31709.11
1770288000,1770288300,short,71526.0,71315.1495,71736.8505,71104.299,SL,1.0,317.09,32026.2
1770288600,1770288900,short,71325.5,70880.98800000001,71547.756,70880.98800000001,Target,2.0,640.52,32666.72
1770292200,1770293100,short,70442.0,70442.0,70731.84825,69862.30350000001,SL,0.0,0.0,32666.72
1770295500,1770300000,short,69368.5,69841.9035,69841.9035,68421.693,SL,-1.0,-326.67,32340.05
1770310500,1770311100,long,67979.5,67515.72525,67515.72525,68907.0495,SL,-1.0,-323.4,32016.65
1770315900,1770318300,short,65759.0,66559.26299999999,66559.26299999999,64158.47400000002,SL,-1.0,-320.17,31696.49
1770345900,1770347100,long,65032.5,64601.683000000005,64601.683000000005,65894.13399999999,SL,-1.0,-316.96,31379.52
1770354600,1770357000,long,65222.5,66186.27299999999,64740.61350000001,66186.27299999999,Target,2.0,627.59,32007.11
1770372900,1770377700,long,65908.5,66206.82149999999,65610.17850000001,66505.14299999998,SL,1.0,320.07,32327.18
1770380400,1770381000,long,66395.0,66172.39725000001,66172.39725000001,66840.20549999998,SL,-1.0,-323.27,32003.91
1770394200,1770395100,long,68869.5,69401.186,68337.814,69932.872,SL,1.0,320.04,32323.95
1770398100,1770398700,long,70154.0,70687.8275,69620.1725,71221.655,SL,1.0,323.24,32647.19
1770410100,1770410400,long,70633.5,70324.32025,70324.32025,71251.85949999999,SL,-1.0,-326.47,32320.72
1770411900,1770413100,short,69945.5,70375.17,70375.17,69086.16,SL,-1.0,-323.21,31997.51
1770416700,1770417300,long,70631.5,71015.1415,70247.8585,71398.783,SL,1.0,319.98,32317.49
1770424500,1770425400,short,70067.0,70067.0,70445.205,69310.59,SL,0.0,0.0,32317.49
1770436500,1770437400,long,70802.5,71094.77274999999,70510.22725000001,71387.04549999998,SL,1.0,323.17,32640.66
1770441600,1770441900,long,70916.0,70600.682,70600.682,71546.636,SL,-1.0,-326.41,32314.25
1770442800,1770448200,short,70120.0,68185.9485,71087.02575,68185.9485,Target,2.0,646.29,32960.54
1770460800,1770462300,short,67815.0,68086.026,68086.026,67272.948,SL,-1.0,-329.61,32630.93
1770466200,1770466500,long,68414.0,68985.938,67842.062,69557.87599999999,SL,1.0,326.31,32957.24
1770471000,1770471300,long,69184.0,68988.98825000001,68988.98825000001,69574.02349999998,SL,-1.0,-329.57,32627.67
1770480300,1770480900,long,69321.0,69321.0,68990.4875,69982.025,SL,0.0,0.0,32627.67
1770488100,1770488400,short,69015.0,69274.62,69274.62,68495.76000000001,SL,-1.0,-326.28,32301.39
1770494400,1770496500,short,69307.0,69509.23724999999,69509.23724999999,68902.52550000002,SL,-1.0,-323.01,31978.38
1770503400,1770503700,long,69534.5,69348.3085,69348.3085,69906.883,SL,-1.0,-319.78,31658.6
1770505500,1770505800,short,69370.0,69134.54700000002,69487.72649999999,69134.54700000002,Target,2.0,633.17,32291.77
1770514200,1770514500,short,69121.5,69334.65,69334.65,68695.20000000001,SL,-1.0,-322.92,31968.85
1770517500,1770518100,long,69466.5,69299.83275,69299.83275,69799.8345,SL,-1.0,-319.69,31649.16
1770526200,1770535800,long,69244.0,69432.04525,69055.95475,69620.09049999999,SL,1.0,316.49,31965.65
1770539400,1770544200,long,70066.5,70066.5,69506.2295,71187.041,SL,0.0,0.0,31965.65
1770544500,1770545100,short,70095.0,70369.66725,70369.66725,69545.6655,SL,-1.0,-319.66,31646.0
1770546000,1770546900,short,70201.0,70201.0,70464.2145,69674.571,SL,0.0,0.0,31646.0
1770553500,1770554100,long,70927.5,70756.604,70756.604,71269.29199999999,SL,-1.0,-316.46,31329.54
1770557100,1770564300,long,71407.5,71014.475,71014.475,72193.54999999999,SL,-1.0,-313.3,31016.24
1770565800,1770568800,short,71097.0,70912.37700000001,71281.62299999999,70727.75400000002,SL,1.0,310.16,31326.4
1770571200,1770572100,short,70557.0,70712.3385,70712.3385,70246.323,SL,-1.0,-313.26,31013.14
1770587700,1770588900,short,70723.5,70892.92874999999,70892.92874999999,70384.64250000002,SL,-1.0,-310.13,30703.01
1770598500,1770600900,long,70465.5,70465.5,70046.45925,71303.5815,SL,0.0,0.0,30703.01
1770606300,1770608400,long,70767.5,71003.28349999999,70531.71650000001,71239.06699999998,SL,1.0,307.03,31010.04
1770611100,1770611700,long,71207.0,70964.5,70964.5,71692.0,SL,-1.0,-310.1,30699.94
1770617700,1770621000,short,70720.0,70720.0,71057.511,70044.978,SL,0.0,0.0,30699.94
1770632400,1770632700,short,69493.5,69008.799,69735.8505,69008.799,Target,2.0,614.0,31313.94
1770635700,1770636600,short,68701.5,68989.4775,68989.4775,68125.54500000001,SL,-1.0,-313.14,31000.8
1770638700,1770639000,long,68907.0,69174.8075,68773.09625,69174.8075,Target,2.0,620.02,31620.81
1770671400,1770672600,short,70559.0,70317.11725000001,70800.88274999999,70075.23450000002,SL,1.0,316.21,31937.02
1770679500,1770682800,short,70291.5,70024.23825000001,70558.76174999999,69756.97650000002,SL,1.0,319.37,32256.39
1770683100,1770684300,short,70019.0,69825.41125,70212.58875,69631.82250000001,SL,1.0,322.56,32578.96
1770690600,1770692700,short,70209.0,69955.7865,70462.2135,69702.573,SL,1.0,325.79,32904.75
1770693000,1770693300,short,69970.5,69760.42725000001,70180.57274999999,69550.35450000002,SL,1.0,329.05,33233.79
1770711000,1770711600,short,68845.0,68845.0,68983.97475,68567.05050000001,SL,0.0,0.0,33233.79
1770714900,1770716700,long,69331.0,69016.97425,69016.97425,69959.0515,SL,-1.0,-332.34,32901.46
1770718800,1770719100,short,69060.0,69203.5845,69203.5845,68772.831,SL,-1.0,-329.01,32572.44
1770721500,1770723000,short,68884.5,69052.50899999999,69052.50899999999,68548.48200000002,SL,-1.0,-325.72,32246.72
1770757500,1770758700,long,68871.0,68645.66,68645.66,69321.68,SL,-1.0,-322.47,31924.25
1770763800,1770768300,short,68638.5,68871.4185,68871.4185,68172.663,SL,-1.0,-319.24,31605.01
1770777900,1770778200,short,68992.0,68729.91150000002,69123.04424999999,68729.91150000002,Target,2.0,632.1,32237.11
1770780000,1770781200,short,68486.5,68486.5,68759.3625,67940.775,SL,0.0,0.0,32237.11
1770782400,1770783600,short,68229.5,68029.8025,68429.1975,67830.10500000001,SL,1.0,322.37,32559.48
1770787500,1770789900,short,67622.5,67440.11450000001,67804.88549999999,67257.72900000002,SL,1.0,325.59,32885.07
1770792000,1770792600,short,66949.0,66717.4265,67180.5735,66485.853,SL,1.0,328.85,33213.92
1770798300,1770803100,long,66986.5,66756.60500000001,66756.60500000001,67446.28999999998,SL,-1.0,-332.14,32881.78
1770812400,1770815400,long,67271.0,66909.5285,66909.5285,67993.943,SL,-1.0,-328.82,32552.97
1770861900,1770862200,long,67708.0,67549.20850000001,67549.20850000001,68025.58299999998,SL,-1.0,-325.53,32227.44
1770866700,1770868500,short,67359.0,67534.7505,67534.7505,67007.49900000001,SL,-1.0,-322.27,31905.16
1770877800,1770879600,long,67184.0,67028.469,67028.469,67495.062,SL,-1.0,-319.05,31586.11
1770882600,1770883200,short,67101.5,67264.6155,67264.6155,66775.269,SL,-1.0,-315.86,31270.25
1770892500,1770894000,long,67590.0,68045.39599999998,67362.30200000001,68045.39599999998,Target,2.0,625.41,31895.66
1770900000,1770902100,short,67832.5,68020.9935,68020.9935,67455.513,SL,-1.0,-318.96,31576.7
1770903000,1770903600,short,67809.5,68074.01999999999,68074.01999999999,67280.46000000002,SL,-1.0,-315.77,31260.93
1770904500,1770905100,long,68137.5,67877.0445,67877.0445,68658.411,SL,-1.0,-312.61,30948.32
1770908700,1770909300,short,67544.5,67544.5,68002.48425,66628.53150000001,SL,0.0,0.0,30948.32
1770910500,1770912300,short,67454.5,66940.53275,67968.46725,66426.5655,SL,1.0,309.48,31257.81
1770915000,1770915300,short,66233.0,65596.48200000002,66551.25899999999,65596.48200000002,Target,2.0,625.16,31882.96
1770920400,1770921000,short,65563.5,65323.61475000001,65803.38524999999,65083.729500000016,SL,1.0,318.83,32201.79
1770932100,1770941100,long,65778.5,66499.95049999999,65417.774750000004,66499.95049999999,Target,2.0,644.04,32845.83
1770948300,1770951000,long,66430.5,66588.15299999999,66272.84700000001,66745.80599999998,SL,1.0,328.46,33174.29
1770951300,1770957000,long,66607.5,66401.7825,66401.7825,67018.935,SL,-1.0,-331.74,32842.54
1770963900,1770964200,short,66174.5,66040.36225,66308.63775,65906.22450000001,SL,1.0,328.43,33170.97
1770978000,1770979200,long,66888.0,67009.89975,66766.10025,67131.7995,SL,1.0,331.71,33502.68
1770986400,1770987900,long,67098.5,66939.01375,66939.01375,67417.4725,SL,-1.0,-335.03,33167.65
1770993900,1770995100,long,67572.5,67998.59,67146.41,68424.68,SL,1.0,331.68,33499.33
1770998700,1771000200,long,68687.0,69041.68325,68332.31675,69396.3665,SL,1.0,334.99,33834.32
1771003200,1771056300,long,68977.0,69383.80225,68570.19775,69790.60449999999,SL,1.0,338.34,34172.66
1771066500,1771066800,long,69613.0,69686.28725,69539.71275,69759.57449999999,SL,1.0,341.73,34514.39
1771076700,1771078800,short,69394.5,69579.77249999999,69579.77249999999,69023.95500000002,SL,-1.0,-345.14,34169.25
1771082100,1771083300,long,69768.5,69768.5,69587.189,70131.122,SL,0.0,0.0,34169.25
1771091100,1771096500,long,69778.5,69603.181,69603.181,70129.138,SL,-1.0,-341.69,33827.55
1771097100,1771102800,long,69786.5,70021.29325,69551.70675,70256.0865,SL,1.0,338.28,34165.83
1771113300,1771114200,short,69768.0,69768.0,69873.91949999999,69556.16100000002,SL,0.0,0.0,34165.83
1771139400,1771139700,long,70388.0,70500.1555,70275.8445,70612.31099999999,SL,1.0,341.66,34507.49
1771142700,1771143900,long,70798.0,70611.6765,70611.6765,71170.647,SL,-1.0,-345.07,34162.41
1771165800,1771168500,long,69057.5,69057.5,68897.03425,69378.4315,SL,0.0,0.0,34162.41
1771171800,1771177500,short,68931.5,68753.46250000001,69109.53749999999,68575.42500000002,SL,1.0,341.62,34504.04
1771177800,1771178700,short,68798.0,68540.98975000001,69055.01024999999,68283.97950000002,SL,1.0,345.04,34849.08
1771182000,1771189800,short,68370.0,68724.345,68724.345,67661.31,SL,-1.0,-348.49,34500.59
1771208100,1771210200,short,68554.0,68368.6475,68739.3525,68183.29500000001,SL,1.0,345.01,34845.59
1771210500,1771214700,short,68322.5,68533.24949999999,68533.24949999999,67901.00100000002,SL,-1.0,-348.46,34497.14
1771228500,1771232400,long,68565.5,68822.97099999999,68436.7645,68822.97099999999,Target,2.0,689.94,35187.08
1771234200,1771236300,long,68878.5,68878.5,68739.613,69156.274,SL,0.0,0.0,35187.08
1771253400,1771253700,long,68599.5,68349.30825,68349.30825,69099.8835,SL,-1.0,-351.87,34835.21
1771260600,1771275000,long,67896.0,68246.28975,67545.71025,68596.57949999999,SL,1.0,348.35,35183.56
1771275300,1771276500,long,68269.0,68496.53775,68041.46225,68724.0755,SL,1.0,351.84,35535.4
1771279200,1771279500,long,68538.5,68673.219,68403.781,68807.938,SL,1.0,355.35,35890.75
1771288200,1771293000,long,68885.0,68637.16425,68637.16425,69380.6715,SL,-1.0,-358.91,35531.84
1771302900,1771305300,short,68550.0,68204.31150000001,68722.84425,68204.31150000001,Target,2.0,710.64,36242.48
1771310400,1771313100,long,68455.0,68232.36675,68232.36675,68900.2665,SL,-1.0,-362.42,35880.05
1771317000,1771319700,short,68250.0,68099.81700000001,68400.18299999999,67949.63400000002,SL,1.0,358.8,36238.86
1771327500,1771329900,short,67795.0,67916.9415,67916.9415,67551.117,SL,-1.0,-362.39,35876.47
1771350300,1771352400,short,67019.0,67514.24025,67514.24025,66028.5195,SL,-1.0,-358.76,35517.7
1771362900,1771363200,long,67757.0,67605.1805,67605.1805,68060.639,SL,-1.0,-355.18,35162.53
1771375800,1771376400,short,67435.5,67269.216,67601.784,67102.932,SL,1.0,351.63,35514.15
1771382100,1771385700,long,67304.5,67604.688,67154.406,67604.688,Target,2.0,710.28,36224.43
1771388100,1771392000,long,67622.5,67812.733,67432.267,68002.96599999999,SL,1.0,362.24,36586.68
1771395600,1771398300,long,67770.0,67770.0,67644.66075000001,68020.67849999998,SL,0.0,0.0,36586.68
1771410300,1771411200,short,68024.0,67870.92850000001,68177.07149999999,67717.85700000002,SL,1.0,365.87,36952.54
1771416000,1771416300,short,67459.0,67606.7865,67606.7865,67163.427,SL,-1.0,-369.53,36583.02
1771424400,1771425000,short,67195.5,67195.5,67370.6685,66845.163,SL,0.0,0.0,36583.02
1771425300,1771425900,short,67057.0,66887.90375,67226.09625,66718.8075,SL,1.0,365.83,36948.85
1771426200,1771426500,short,66976.0,67258.6125,67258.6125,66410.775,SL,-1.0,-369.49,36579.36
1771429500,1771430400,long,68105.0,67377.79425,67377.79425,69559.41149999999,SL,-1.0,-365.79,36213.57
1771435800,1771438500,long,67174.5,66998.98375,66998.98375,67525.5325,SL,-1.0,-362.14,35851.43
1771440600,1771467600,short,66296.5,66889.428,66889.428,65110.644,SL,-1.0,-358.51,35492.92
1771487700,1771488000,long,67184.0,67079.44350000001,67079.44350000001,67393.11299999998,SL,-1.0,-354.93,35137.99
1771497000,1771500900,short,66838.5,66730.5435,66946.4565,66622.587,SL,1.0,351.38,35489.37
1771501800,1771503600,short,66629.0,66629.0,66862.91475,66161.17050000001,SL,0.0,0.0,35489.37
1771511400,1771511700,short,65845.0,65845.0,66041.50425,65451.991500000004,SL,0.0,0.0,35489.37
1771545600,1771546200,long,66965.5,67078.94275,66852.05725,67192.3855,SL,1.0,354.89,35844.26
1771549800,1771550400,long,67255.5,67154.406,67154.406,67457.688,SL,-1.0,-358.44,35485.82
1771560000,1771560300,long,67349.5,67259.3535,67259.3535,67529.793,SL,-1.0,-354.86,35130.96
1771560900,1771565100,short,67226.5,67400.18325,67400.18325,66879.1335,SL,-1.0,-351.31,34779.65
1771573800,1771574100,long,67906.5,67797.58425,67797.58425,68124.3315,SL,-1.0,-347.8,34431.85
1771583100,1771584300,long,68222.0,68021.47225,68021.47225,68623.05549999999,SL,-1.0,-344.32,34087.54
1771590300,1771591800,short,67294.0,67535.25074999999,67535.25074999999,66811.49850000002,SL,-1.0,-340.88,33746.66
1771597200,1771597500,short,66849.5,67056.5115,67056.5115,66435.47700000001,SL,-1.0,-337.47,33409.19
1771599900,1771600200,long,67136.5,67136.5,66877.04475,67655.4105,SL,0.0,0.0,33409.19
1771602000,1771602900,short,66970.0,67483.72499999999,67483.72499999999,65942.55000000002,SL,-1.0,-334.09,33075.1
1771605900,1771606500,long,67501.5,67688.17425,67314.82575,67874.8485,SL,1.0,330.75,33405.85
1771619100,1771626000,short,67663.0,67839.90299999999,67839.90299999999,67309.19400000002,SL,-1.0,-334.06,33071.79
1771637400,1771637700,short,67832.0,67932.44924999999,67932.44924999999,67631.10150000002,SL,-1.0,-330.72,32741.08
1771640100,1771642800,long,67975.0,67856.05500000001,67856.05500000001,68212.88999999998,SL,-1.0,-327.41,32413.67
1771647600,1771648200,short,67609.0,67712.8395,67712.8395,67401.321,SL,-1.0,-324.14,32089.53
1771649700,1771653600,long,67727.5,67827.33075,67627.66925,67927.16149999999,SL,1.0,320.9,32410.42
1771653900,1771655400,long,67850.0,67763.1015,67763.1015,68023.79699999999,SL,-1.0,-324.1,32086.32
1771661100,1771661700,long,67828.0,67934.80849999998,67774.59575000001,67934.80849999998,Target,2.0,641.73,32728.05
1771664100,1771665300,long,67992.0,67992.0,67879.54325,68216.9135,SL,0.0,0.0,32728.05
1771665600,1771665900,long,68005.5,68194.445,67911.0275,68194.445,Target,2.0,654.56,33382.61
1771682100,1771683600,long,68197.0,68291.56825,68102.43175,68386.1365,SL,1.0,333.83,33716.43
1771693800,1771694700,short,68278.0,68278.0,68359.66275,68114.6745,SL,0.0,0.0,33716.43
1771698900,1771707600,long,68531.5,68358.30375,68358.30375,68877.89249999999,SL,-1.0,-337.16,33379.27
1771719600,1771721700,short,67928.5,67928.5,68045.0055,67695.489,SL,0.0,0.0,33379.27
1771725000,1771727700,long,68107.0,67997.984,67997.984,68325.032,SL,-1.0,-333.79,33045.48
1771737000,1771740300,short,67939.5,68023.995,68023.995,67770.51000000001,SL,-1.0,-330.45,32715.02
1771750500,1771751100,short,67927.0,67993.47975,67993.47975,67794.0405,SL,-1.0,-327.15,32387.87
1771753800,1771755600,long,68029.5,68029.5,67963.0015,68162.497,SL,0.0,0.0,32387.87
1771755900,1771758000,long,68039.5,68117.9975,67961.0025,68196.495,SL,1.0,323.88,32711.75
1771766400,1771767000,short,67913.5,67913.5,68016.49124999999,67707.51750000002,SL,0.0,0.0,32711.75
1771789200,1771791000,long,67447.0,67356.30500000001,67356.30500000001,67628.38999999998,SL,-1.0,-327.12,32384.63
1771793100,1771793400,long,67435.5,67345.3105,67345.3105,67615.87899999999,SL,-1.0,-323.85,32060.79
1771800000,1771801200,long,67590.5,67590.5,67480.74275,67810.01449999999,SL,0.0,0.0,32060.79
1771803600,1771804500,short,67525.0,67627.29675,67627.29675,67320.40650000001,SL,-1.0,-320.61,31740.18
1771815000,1771816200,long,64806.5,64806.5,64612.17775,65195.144499999995,SL,0.0,0.0,31740.18
1771832400,1771832700,long,65738.5,65863.32325,65613.67675,65988.1465,SL,1.0,317.4,32057.58
1771850100,1771850400,long,66165.5,66365.999,65965.001,66566.49799999999,SL,1.0,320.58,32378.16
1771852200,1771852500,long,66322.0,66173.39675,66173.39675,66619.2065,SL,-1.0,-323.78,32054.37
1771857600,1771859700,short,65901.0,66231.099,66231.099,65240.801999999996,SL,-1.0,-320.54,31733.83
1771865400,1771866600,short,65431.5,65188.179000000004,65674.821,64944.85800000001,SL,1.0,317.34,32051.17
1771870800,1771871100,short,64609.5,64872.42,64872.42,64083.66,SL,-1.0,-320.51,31730.66
1771884600,1771895400,long,64758.5,64500.23375000001,64500.23375000001,65275.03249999999,SL,-1.0,-317.31,31413.35
1771897500,1771905300,short,64109.5,63649.231250000004,64569.768749999996,63188.96250000001,SL,1.0,314.13,31727.48
1771917300,1771939200,long,63289.0,62862.053250000004,62862.053250000004,64142.89349999999,SL,-1.0,-317.27,31410.21
1771941000,1771943700,short,62897.5,63106.5375,63106.5375,62479.425,SL,-1.0,-314.1,31096.11
1771948500,1771948800,long,63851.5,64046.344249999995,63656.655750000005,64241.18849999999,SL,1.0,310.96,31407.07
1771951500,1771952100,long,63946.5,63946.5,63681.143500000006,64477.21299999999,SL,0.0,0.0,31407.07
1771963500,1771965000,short,64356.0,64491.72975,64491.72975,64084.5405,SL,-1.0,-314.07,31093.0
1771979400,1771981500,long,64040.0,64415.88399999999,63852.058000000005,64415.88399999999,Target,2.0,621.86,31714.86
1772017200,1772018400,short,65364.5,65364.5,65519.24325,65055.0135,SL,0.0,0.0,31714.86
1772033400,1772033700,long,66849.5,67242.18649999998,66653.15675000001,67242.18649999998,Target,2.0,634.3,32349.16
1772039700,1772040000,long,68270.5,68270.5,67953.50625,68904.48749999999,SL,0.0,0.0,32349.16
1772043300,1772043900,long,68722.0,69077.70025,68366.29975,69433.40049999999,SL,1.0,323.49,32672.65
1772061600,1772062800,short,68319.5,67934.16475000001,68704.83524999999,67548.82950000002,SL,1.0,326.73,32999.37
1772079000,1772079300,long,68254.0,68517.15649999998,68122.42175000001,68517.15649999998,Target,2.0,659.99,33659.36
1772085600,1772091300,short,68312.5,68116.26275000001,68508.73724999999,67920.02550000002,SL,1.0,336.59,33995.95
1772104800,1772106300,short,68239.5,68066.31075,68412.68925,67893.12150000001,SL,1.0,339.96,34335.91
1772113800,1772114700,short,67951.5,67768.95,68134.05,67586.4,SL,1.0,343.36,34679.27
1772116500,1772117100,short,67849.5,67537.93650000001,68161.06349999999,67226.37300000002,SL,1.0,346.79,35026.07
1772121600,1772124600,short,67234.5,66828.1965,67640.8035,66421.89300000001,SL,1.0,350.26,35376.33
1772126400,1772127300,short,66865.0,66865.0,67019.493,66556.014,SL,0.0,0.0,35376.33
1772129100,1772129700,short,66586.5,66865.91625,66865.91625,66027.66750000001,SL,-1.0,-353.76,35022.56
1772143800,1772144400,long,67491.0,67349.80825,67349.80825,67773.3835,SL,-1.0,-350.23,34672.34
1772149200,1772149500,long,67552.5,67465.75025,67465.75025,67725.9995,SL,-1.0,-346.72,34325.61
1772154000,1772154300,short,67124.5,66962.3735,67286.6265,66800.247,SL,1.0,343.26,34668.87
1772154600,1772156400,short,67033.0,67251.609,67251.609,66595.782,SL,-1.0,-346.69,34322.18
1772159700,1772160900,long,67495.0,67276.345,67276.345,67932.31,SL,-1.0,-343.22,33978.96
1772169900,1772174400,short,67740.5,67740.5,67924.9455,67371.609,SL,0.0,0.0,33978.96
1772178000,1772178300,short,67443.0,67645.806,67645.806,67037.388,SL,-1.0,-339.79,33639.17
1772183100,1772184000,long,67976.5,67976.5,67828.069,68273.362,SL,0.0,0.0,33639.17
1772196600,1772197200,short,65836.0,66035.00099999999,66035.00099999999,65437.99800000002,SL,-1.0,-336.39,33302.78
1772221200,1772222100,short,65243.0,65440.20374999999,65440.20374999999,64848.59250000001,SL,-1.0,-333.03,32969.75
1772225100,1772229300,long,65573.5,65395.78575,65395.78575,65928.9285,SL,-1.0,-329.7,32640.05
1772249100,1772249400,long,65901.5,65808.57925000001,65808.57925000001,66087.34149999998,SL,-1.0,-326.4,32313.65
1772260200,1772286300,short,64460.5,64460.5,65509.7385,62362.023,SL,0.0,0.0,32313.65
1772299800,1772300700,long,64971.5,64971.5,64825.571,65263.35799999999,SL,0.0,0.0,32313.65
1772304000,1772304600,long,65427.0,65740.573,65113.427,66054.146,SL,1.0,323.14,32636.79
1772327400,1772327700,short,66571.0,66108.231,66802.3845,66108.231,Target,2.0,652.74,33289.52
1772341800,1772342400,short,67300.5,67463.21475,67463.21475,66975.0705,SL,-1.0,-332.9,32956.63
1772346900,1772347200,short,67019.5,66867.431,67171.569,66715.362,SL,1.0,329.57,33286.2
1772348700,1772349000,short,66896.5,66978.97275,66978.97275,66731.5545,SL,-1.0,-332.86,32953.33
1772352900,1772355000,long,67117.5,66851.05775,66851.05775,67650.38449999999,SL,-1.0,-329.53,32623.8
1772357400,1772359500,short,66551.5,66317.12375,66785.87625,66082.7475,SL,1.0,326.24,32950.04
1772361900,1772373000,short,66450.5,66450.5,66758.3625,65834.775,SL,0.0,0.0,32950.04
1772387100,1772388000,short,66003.5,66146.05649999999,66146.05649999999,65718.38700000002,SL,-1.0,-329.5,32620.54
1772396100,1772399700,short,65546.5,65546.5,65971.96949999999,64695.561000000016,SL,0.0,0.0,32620.54
1772412600,1772417400,long,66577.0,66023.47175,66023.47175,67684.0565,SL,-1.0,-326.21,32294.33
1772428200,1772430000,short,66650.5,66910.43849999999,66910.43849999999,66130.62300000002,SL,-1.0,-322.94,31971.39
1772438400,1772439000,short,65866.5,65734.51725,65998.48275,65602.53450000001,SL,1.0,319.71,32291.1
1772449800,1772451600,short,66136.5,66330.64875,66330.64875,65748.20250000001,SL,-1.0,-322.91,31968.19
1772467800,1772468700,long,69252.5,69252.5,68852.5565,70052.38699999999,SL,0.0,0.0,31968.19
1772486700,1772493600,long,69266.5,69011.97675,69011.97675,69775.5465,SL,-1.0,-319.68,31648.51
1772500200,1772500500,long,69090.0,68846.05975,68846.05975,69577.8805,SL,-1.0,-316.49,31332.03
1772503200,1772504100,short,68833.0,68600.98475,69065.01525,68368.9695,SL,1.0,313.32,31645.35
1772519400,1772520900,short,67858.5,68009.988,68009.988,67555.524,SL,-1.0,-316.45,31328.89
1772535000,1772538600,long,66687.0,66973.21699999999,66400.78300000001,67259.43399999998,SL,1.0,313.29,31642.18
1772542500,1772542800,long,67411.5,67228.369,67228.369,67777.76199999999,SL,-1.0,-316.42,31325.76
1772565900,1772568600,long,68662.0,68249.35825,68249.35825,69487.28349999999,SL,-1.0,-313.26,31012.5
1772570700,1772571900,short,68310.5,68022.21775000001,68598.78224999999,67733.93550000002,SL,1.0,310.13,31322.63
1772577300,1772579400,long,68353.5,68609.56575,68097.43425,68865.63149999999,SL,1.0,313.23,31635.85
1772584500,1772585400,short,68228.5,68228.5,68424.69524999999,67836.10950000002,SL,0.0,0.0,31635.85
1772586000,1772587500,short,68082.5,68266.116,68266.116,67715.26800000001,SL,-1.0,-316.36,31319.49
1772609700,1772610300,long,68748.0,69067.2315,68428.7685,69386.46299999999,SL,1.0,313.19,31632.69
1772613300,1772613600,long,69322.0,69565.55649999999,69078.44350000001,69809.11299999998,SL,1.0,316.33,31949.02
1772613900,1772614200,long,69530.0,70118.27049999998,69235.86475000001,70118.27049999998,Target,2.0,638.98,32588.0
1772618700,1772619300,long,71506.0,71506.0,71278.34300000001,71961.31399999998,SL,0.0,0.0,32588.0
1772631600,1772633100,long,71407.5,71407.5,71197.38350000001,71827.73299999998,SL,0.0,0.0,32588.0
1772655600,1772660100,short,73271.0,73271.0,73636.8,72539.4,SL,0.0,0.0,32588.0
1772673300,1772674800,long,73057.5,72665.14925,72665.14925,73842.2015,SL,-1.0,-325.88,32262.12
1772678400,1772684400,short,72415.0,72729.3465,72729.3465,71786.307,SL,-1.0,-322.62,31939.5
1772723400,1772725200,short,72200.0,71619.12775,72780.87225,71038.2555,SL,1.0,319.39,32258.89
1772726700,1772728500,short,71328.5,71328.5,71763.864,70457.772,SL,0.0,0.0,32258.89
1772746200,1772746500,long,71500.0,71232.36600000001,71232.36600000001,72035.26799999998,SL,-1.0,-322.59,31936.3
1772748600,1772749200,short,71080.0,71264.11425,71264.11425,70711.7715,SL,-1.0,-319.36,31616.94
1772752500,1772753400,short,71156.5,71021.87225,71291.12775,70887.2445,SL,1.0,316.17,31933.11
1772768700,1772771400,short,71057.0,70883.90275000001,71230.09724999999,70710.80550000002,SL,1.0,319.33,32252.44
1772775600,1772778900,short,70262.0,70507.23599999999,70507.23599999999,69771.52800000002,SL,-1.0,-322.52,31929.91
1772790600,1772797800,long,70528.0,70229.36775,70229.36775,71125.26449999999,SL,-1.0,-319.3,31610.62
1772800500,1772800800,short,69985.0,69820.44275,70149.55725,69655.8855,SL,1.0,316.11,31926.72
1772813700,1772820600,short,68356.0,68356.0,68782.374,67503.25200000001,SL,0.0,0.0,31926.72
1772828100,1772828700,short,68099.0,67897.867,68300.133,67696.734,SL,1.0,319.27,32245.99
1772838900,1772840400,long,68320.0,68183.39125,68183.39125,68593.2175,SL,-1.0,-322.46,31923.53
1772858100,1772858400,short,67955.5,68076.021,68076.021,67714.45800000001,SL,-1.0,-319.24,31604.29
1772859900,1772860200,long,68106.5,67997.984,67997.984,68323.532,SL,-1.0,-316.04,31288.25
1772864700,1772865300,short,67905.5,67804.0135,68006.9865,67702.527,SL,1.0,312.88,31601.13
1772866500,1772866800,short,67866.0,67662.06600000002,67967.96699999999,67662.06600000002,Target,2.0,632.02,32233.16
1772867100,1772871300,short,67574.0,67915.94099999999,67915.94099999999,66890.11800000002,SL,-1.0,-322.33,31910.82
1772871600,1772873700,long,67852.0,67852.0,67731.11750000001,68093.76499999998,SL,0.0,0.0,31910.82
1772880600,1772881800,short,67897.0,68016.49124999999,68016.49124999999,67658.01750000002,SL,-1.0,-319.11,31591.72
1772888700,1772889300,short,67913.5,68034.0,68034.0,67672.5,SL,-1.0,-315.92,31275.8
1772897700,1772898000,long,67936.5,67792.58675,67792.58675,68224.3265,SL,-1.0,-312.76,30963.04
1772899500,1772900100,short,67849.5,67849.5,67926.94649999999,67694.60700000002,SL,0.0,0.0,30963.04
1772901900,1772904000,short,67742.0,67840.9035,67840.9035,67544.193,SL,-1.0,-309.63,30653.41
1772922000,1772922900,short,67293.0,67171.3095,67414.6905,67049.619,SL,1.0,306.53,30959.94
1772924400,1772925900,short,67206.5,67374.17025,67374.17025,66871.15950000001,SL,-1.0,-309.6,30650.35
1772926200,1772927100,long,67362.5,67258.85375000001,67258.85375000001,67569.79249999998,SL,-1.0,-306.5,30343.84
1772928600,1772930700,long,67363.0,67200.383,67200.383,67688.234,SL,-1.0,-303.44,30040.4
1772933400,1772933700,short,67220.0,67128.86125,67311.13875,67037.7225,SL,1.0,300.4,30340.81
1772940600,1772945400,short,66949.0,66796.96625,67101.03375,66644.9325,SL,1.0,303.41,30644.22
1772953800,1772955900,long,67246.5,67246.5,67096.435,67546.63,SL,0.0,0.0,30644.22
1772974800,1772975400,short,67261.5,67100.3055,67422.6945,66939.111,SL,1.0,306.44,30950.66
1772981700,1772987400,long,67278.5,66990.98775,66990.98775,67853.5245,SL,-1.0,-309.51,30641.15
1772994900,1772995500,short,66898.5,66795.516,67001.484,66692.532,SL,1.0,306.41,30947.56
1773007800,1773025500,short,65680.0,66953.96024999999,66953.96024999999,63132.07950000002,SL,-1.0,-309.48,30638.09
1773030300,1773030600,long,67231.0,67482.139,67105.4305,67482.139,Target,2.0,612.76,31250.85
1773055200,1773056100,short,67628.0,67628.0,67784.37525,67315.2495,SL,0.0,0.0,31250.85
1773057000,1773057300,short,67560.0,67680.32325,67680.32325,67319.3535,SL,-1.0,-312.51,30938.34
1773063300,1773070500,long,68766.5,68766.5,68140.9125,70017.67499999999,SL,0.0,0.0,30938.34
1773072300,1773073800,short,68838.5,68838.5,69069.01724999999,68377.46550000002,SL,0.0,0.0,30938.34
1773079800,1773081000,short,68372.0,68636.30099999999,68636.30099999999,67843.39800000002,SL,-1.0,-309.38,30628.96
1773084300,1773085200,long,68825.5,68825.5,68301.83200000001,69872.83599999998,SL,0.0,0.0,30628.96
1773086100,1773092400,long,69031.5,68722.62150000001,68722.62150000001,69649.25699999998,SL,-1.0,-306.29,30322.67
1773093600,1773093900,short,68894.0,68796.5215,68991.4785,68699.043,SL,1.0,303.23,30625.89
1773096600,1773102300,short,68572.5,68848.40699999999,68848.40699999999,68020.68600000002,SL,-1.0,-306.26,30319.63
1773125400,1773126300,short,69920.0,70098.53175,70098.53175,69562.93650000001,SL,-1.0,-303.2,30016.44
1773130500,1773145800,long,70909.0,70303.83050000001,70303.83050000001,72119.33899999998,SL,-1.0,-300.16,29716.27
1773150000,1773153600,short,70193.0,70193.0,70930.94774999999,68717.10450000002,SL,0.0,0.0,29716.27
1773162600,1773163500,long,71299.5,71099.93225,71099.93225,71698.6355,SL,-1.0,-297.16,29419.11
1773166200,1773166500,short,70744.5,70522.03425,70966.96575,70299.5685,SL,1.0,294.19,29713.3
1773166800,1773176700,short,70326.0,70326.0,70822.89375,69332.2125,SL,0.0,0.0,29713.3
1773185400,1773187200,long,69780.0,69780.0,69621.67175000001,70096.65649999998,SL,0.0,0.0,29713.3
1773198900,1773203100,short,69639.5,69904.935,69904.935,69108.63,SL,-1.0,-297.13,29416.17
1773234000,1773234600,long,69328.5,69483.60399999999,69173.39600000001,69638.70799999998,SL,1.0,294.16,29710.33
1773244200,1773244500,short,70020.0,70264.61475,70264.61475,69530.77050000001,SL,-1.0,-297.1,29413.23
1773260100,1773262500,short,70434.5,70649.307,70649.307,70004.886,SL,-1.0,-294.13,29119.1
1773264600,1773265800,long,70562.5,70679.74025,70445.25975,70796.9805,SL,1.0,291.19,29410.29
1773296400,1773300600,long,69453.0,69584.678,69321.322,69716.356,SL,1.0,294.1,29704.39
1773305400,1773306900,long,69795.5,69638.66325,69638.66325,70109.1735,SL,-1.0,-297.04,29407.35
1773313500,1773315900,long,70415.5,70645.1105,70185.8895,70874.72099999999,SL,1.0,294.07,29701.42
1773318900,1773319500,short,70338.5,70487.226,70487.226,70041.04800000001,SL,-1.0,-297.01,29404.4
1773329400,1773329700,long,69970.0,70256.35925,69683.64075,70542.71849999999,SL,1.0,294.04,29698.45
1773337500,1773339600,short,70236.5,70027.795,70445.205,69819.09,SL,1.0,296.98,29995.43
1773339900,1773341100,short,70073.0,69873.38125,70272.61875,69673.76250000001,SL,1.0,299.95,30295.39
1773349500,1773351000,long,70216.5,70216.5,70057.45375,70534.5925,SL,0.0,0.0,30295.39
1773355200,1773356400,short,70069.5,70237.101,70237.101,69734.29800000001,SL,-1.0,-302.95,29992.43
1773363900,1773364800,long,71457.5,71457.5,71180.392,72011.71599999999,SL,0.0,0.0,29992.43
1773393300,1773395400,short,71759.5,71978.47125,71978.47125,71321.5575,SL,-1.0,-299.92,29692.51
1773405900,1773406200,long,72389.0,72658.2905,72254.35475,72658.2905,Target,2.0,593.85,30286.36
1773409800,1773411900,long,73251.0,73653.44249999999,72848.55750000001,74055.88499999998,SL,1.0,302.86,30589.22
1773435000,1773435600,long,71287.0,71368.12075,71205.87925,71449.2415,SL,1.0,305.89,30895.12
1773444000,1773446400,long,70803.5,70803.5,70661.6515,71087.19699999999,SL,0.0,0.0,30895.12
1773448200,1773448800,short,70849.0,70735.03625,70962.96375,70621.07250000001,SL,1.0,308.95,31204.07
1773462600,1773464100,long,71175.5,71021.97125,71021.97125,71482.5575,SL,-1.0,-312.04,30892.03
1773466500,1773466800,short,71063.5,70968.93875,71158.06125,70874.3775,SL,1.0,308.92,31200.95
1773468300,1773468900,short,70959.0,70868.99325,71049.00675,70778.9865,SL,1.0,312.01,31512.96
1773489900,1773491700,long,70713.5,70630.667,70630.667,70879.166,SL,-1.0,-315.13,31197.83
1773496800,1773497400,long,70833.5,70721.12175,70721.12175,71058.25649999999,SL,-1.0,-311.98,30885.85
1773504300,1773504600,short,70503.5,70621.79325,70621.79325,70266.9135,SL,-1.0,-308.86,30576.99
1773505800,1773520800,long,70607.5,70821.036,70500.732,70821.036,Target,2.0,611.54,31188.53
1773535200,1773537000,short,71023.5,70921.455,71125.545,70819.41,SL,1.0,311.89,31500.41
1773538500,1773539400,short,70874.5,70993.97924999999,70993.97924999999,70635.54150000002,SL,-1.0,-315.0,31185.41
1773546000,1773551700,long,71360.0,71559.598,71160.402,71759.196,SL,1.0,311.85,31497.26
1773562500,1773563700,long,71496.5,71496.5,71393.78525,71701.9295,SL,0.0,0.0,31497.26
1773564300,1773565200,long,71536.0,71750.4645,71428.76775,71750.4645,Target,2.0,629.95,32127.21
1773565500,1773567900,long,71687.0,71687.0,71526.219,72008.562,SL,0.0,0.0,32127.21
1773574200,1773575400,short,71680.0,71820.39224999999,71820.39224999999,71399.21550000002,SL,-1.0,-321.27,31805.94
1773580500,1773597000,short,71376.5,71667.81599999999,71667.81599999999,70793.86800000002,SL,-1.0,-318.06,31487.88
1773599400,1773600300,long,71757.5,71627.66825,71627.66825,72017.1635,SL,-1.0,-314.88,31173.0
1773604500,1773606600,long,71490.5,71598.709,71382.291,71706.918,SL,1.0,311.73,31484.73
1773609900,1773610200,long,71699.5,71821.30674999999,71577.69325000001,71943.11349999998,SL,1.0,314.85,31799.58
1773623100,1773623400,short,72490.0,72351.20375,72628.79625,72212.4075,SL,1.0,318.0,32117.57
1773623700,1773624300,short,72333.5,72635.79974999999,72635.79974999999,71728.90050000002,SL,-1.0,-321.18,31796.4
1773644400,1773644700,short,73711.0,73844.904,73844.904,73443.19200000001,SL,-1.0,-317.96,31478.43
1773649200,1773650400,short,73479.0,73170.1245,73787.8755,72861.24900000001,SL,1.0,314.78,31793.22
1773656400,1773657300,long,73377.5,73213.87475,73213.87475,73704.7505,SL,-1.0,-317.93,31475.28
1773658500,1773663900,long,73423.0,73689.09675,73156.90325,73955.1935,SL,1.0,314.75,31790.04
1773666000,1773667800,long,73847.5,74044.34375,73650.65625,74241.1875,SL,1.0,317.9,32107.94
1773669900,1773670800,long,74082.5,74082.5,73795.084,74657.332,SL,0.0,0.0,32107.94
1773678600,1773678900,short,73306.5,73496.73,73496.73,72926.04000000001,SL,-1.0,-321.08,31786.86
1773696000,1773702000,long,74440.0,74440.0,74091.43575,75137.12849999999,SL,0.0,0.0,31786.86
1773707700,1773709500,long,75057.0,75057.0,74774.594,75621.812,SL,0.0,0.0,31786.86
1773729300,1773729600,long,74239.0,74025.46875,74025.46875,74666.0625,SL,-1.0,-317.87,31468.99
1773731400,1773732000,long,74162.5,74329.0165,73995.9835,74495.533,SL,1.0,314.69,31783.68
1773739500,1773741300,long,74166.0,73915.024,73915.024,74667.95199999999,SL,-1.0,-317.84,31465.84
1773741600,1773745800,short,73921.0,73921.0,74172.56775,73417.8645,SL,0.0,0.0,31465.84
1773754200,1773754500,short,73708.0,73892.42775,73892.42775,73339.1445,SL,-1.0,-314.66,31151.18
1773755100,1773758100,short,73657.0,74121.042,74121.042,72728.916,SL,-1.0,-311.51,30839.67
1773769500,1773771900,long,74367.5,74367.5,74166.39825,74769.7035,SL,0.0,0.0,30839.67
1773774600,1773775500,long,74731.5,74497.7325,74497.7325,75199.035,SL,-1.0,-308.4,30531.28
1773777000,1773783600,short,74497.0,74773.86825,74773.86825,73943.2635,SL,-1.0,-305.31,30225.96
1773793200,1773794100,short,73887.5,73517.4645,74072.51775,73517.4645,Target,2.0,604.52,30830.48
1773799500,1773801900,long,74133.0,74331.9855,73934.0145,74530.97099999999,SL,1.0,308.3,31138.79
1773804000,1773804900,long,74350.0,74525.106,74174.894,74700.212,SL,1.0,311.39,31450.18
1773818700,1773819300,short,73865.5,73735.52075000001,73995.47924999999,73605.54150000002,SL,1.0,314.5,31764.68
1773823800,1773830400,long,74077.5,73896.0335,73896.0335,74440.43299999999,SL,-1.0,-317.65,31447.03
1773833100,1773833400,short,73890.5,73516.4595,74077.52025,73516.4595,Target,2.0,628.94,32075.97
1773837900,1773845700,short,72273.0,71171.2125,72823.89375,71171.2125,Target,2.0,641.52,32717.49
1773849600,1773849900,long,71420.0,71268.84775,71268.84775,71722.3045,SL,-1.0,-327.17,32390.32
1773858900,1773859500,long,71685.5,71489.2375,71489.2375,72078.025,SL,-1.0,-323.9,32066.41
1773862200,1773862800,short,71258.5,71067.79325,71449.20675,70877.0865,SL,1.0,320.66,32387.08
1773871200,1773871500,short,71257.5,71074.18650000001,71349.15675,71074.18650000001,Target,2.0,647.74,33034.82
1773871800,1773876600,short,71073.5,71275.62,71275.62,70669.26000000001,SL,-1.0,-330.35,32704.47
1773876900,1773877500,long,71185.0,71185.0,71059.4525,71436.095,SL,0.0,0.0,32704.47
1773883200,1773884100,short,70938.0,71093.02875,71093.02875,70627.9425,SL,-1.0,-327.04,32377.43
1773906600,1773906900,short,70054.0,70242.60375,70242.60375,69676.79250000001,SL,-1.0,-323.77,32053.65
1773908700,1773909600,short,70084.0,70084.0,70256.1105,69739.77900000001,SL,0.0,0.0,32053.65
1773933900,1773935400,short,69335.5,69335.5,69819.39224999999,68367.71550000002,SL,0.0,0.0,32053.65
1773938700,1773939900,long,69449.0,69196.88425,69196.88425,69953.2315,SL,-1.0,-320.54,31733.11
1773942600,1773945000,long,69598.5,69598.5,69435.265,69924.97,SL,0.0,0.0,31733.11
1773959400,1773959700,short,70331.5,70204.78850000001,70458.21149999999,70078.07700000002,SL,1.0,317.33,32050.45
1773962100,1773963000,short,70157.0,70157.0,70301.63325,69867.7335,SL,0.0,0.0,32050.45
1773984600,1773987900,short,70693.0,70397.19450000001,70840.90275,70397.19450000001,Target,2.0,641.01,32691.45
1773994500,1773998100,long,71136.5,70746.10925000001,70746.10925000001,71917.28149999998,SL,-1.0,-326.91,32364.54
1774034400,1774037700,long,69864.0,70092.33524999999,69635.66475000001,70320.67049999998,SL,1.0,323.65,32688.19
1774047000,1774047900,long,70742.0,70584.19025,70584.19025,71057.6195,SL,-1.0,-326.88,32361.3
1774054800,1774056600,long,70647.5,70531.71650000001,70531.71650000001,70879.06699999998,SL,-1.0,-323.61,32037.69
1774073100,1774077900,long,70709.0,70803.325,70614.675,70897.65,SL,1.0,320.38,32358.07
1774081200,1774081500,short,70667.5,70499.78400000001,70751.358,70499.78400000001,Target,2.0,647.16,33005.23
1774089900,1774094400,short,70548.5,70642.3035,70642.3035,70360.89300000001,SL,-1.0,-330.05,32675.18
1774094700,1774095600,long,70626.0,70700.79325,70551.20675,70775.5865,SL,1.0,326.75,33001.93
1774098300,1774099200,long,70708.0,70708.0,70648.15825000001,70827.68349999998,SL,0.0,0.0,33001.93
1774117500,1774118100,long,70370.5,70450.163,70290.837,70529.826,SL,1.0,330.02,33331.95
1774127100,1774127400,long,70441.0,70377.29375,70377.29375,70568.4125,SL,-1.0,-333.32,32998.63
1774131600,1774132500,short,70257.0,70349.65724999999,70349.65724999999,70071.68550000002,SL,-1.0,-329.99,32668.64
1774133400,1774134600,short,70280.5,70186.83050000001,70374.16949999999,70093.16100000002,SL,1.0,326.69,32995.33
1774137300,1774137600,short,69544.0,68313.87600000002,70159.06199999999,68313.87600000002,Target,2.0,659.91,33655.23
1774141500,1774149900,long,69006.0,69303.3715,68708.6285,69600.74299999999,SL,1.0,336.55,33991.79
1774159200,1774164900,short,69130.5,69031.40250000001,69229.59749999999,68932.30500000002,SL,1.0,339.92,34331.7
1774165500,1774166400,short,68969.5,68785.4405,69153.5595,68601.381,SL,1.0,343.32,34675.02
1774167900,1774169700,short,68785.5,68785.5,68991.4785,68373.543,SL,0.0,0.0,34675.02
1774174500,1774178700,short,68666.0,68480.59150000001,68851.40849999999,68295.18300000002,SL,1.0,346.75,35021.77
1774179600,1774181700,short,68346.5,68346.5,68628.29699999999,67782.90600000002,SL,0.0,0.0,35021.77
1774196100,1774202400,short,68741.5,68628.59000000001,68854.40999999999,68515.68000000002,SL,1.0,350.22,35371.99
1774202700,1774204200,short,68641.0,68538.6455,68743.3545,68436.291,SL,1.0,353.72,35725.71
1774204800,1774210800,short,68469.0,68469.0,68753.35949999999,67900.28100000002,SL,0.0,0.0,35725.71
1774213500,1774214100,short,68050.5,67768.85100000001,68332.14899999999,67487.20200000002,SL,1.0,357.26,36082.97
1774216800,1774217100,short,67723.5,67906.9365,67906.9365,67356.62700000001,SL,-1.0,-360.83,35722.14
1774220100,1774221000,long,68252.0,68252.0,68068.9485,68618.103,SL,0.0,0.0,35722.14
1774231500,1774231800,long,68014.5,67838.064,67838.064,68367.372,SL,-1.0,-357.22,35364.92
1774233600,1774243800,long,68292.0,68631.993,67952.007,68971.986,SL,1.0,353.65,35718.57
1774251300,1774256100,long,67972.0,68362.30774999999,67581.69225000001,68752.61549999999,SL,1.0,357.19,36075.75
1774258200,1774258800,short,68169.0,68169.0,68374.17,67758.66,SL,0.0,0.0,36075.75
1774264500,1774547700,long,71210.5,68507.729,68507.729,76616.04199999999,SL,-1.0,-360.76,35714.99
1774556100,1774556400,long,68542.5,68879.908,68373.796,68879.908,Target,2.0,714.3,36429.29
1774560300,1774563600,long,68989.0,68821.572,68821.572,69323.856,SL,-1.0,-364.29,36065.0
1774563900,1774565700,short,68868.0,68868.0,69033.49949999999,68537.00100000002,SL,0.0,0.0,36065.0
1774566900,1774569000,short,68820.5,68820.5,68981.97374999999,68497.55250000002,SL,0.0,0.0,36065.0
1774576800,1774577700,long,68957.0,68957.0,68813.07625,69244.8475,SL,0.0,0.0,36065.0
1774587600,1774587900,short,68550.0,68640.303,68640.303,68369.394,SL,-1.0,-360.65,35704.35
1774595400,1774595700,long,68684.5,68795.30399999999,68573.69600000001,68906.10799999998,SL,1.0,357.04,36061.39
1774613100,1774615500,short,66634.5,66634.5,66801.38399999999,66300.73200000002,SL,0.0,0.0,36061.39
1774619700,1774620000,short,66379.5,66184.22925,66574.77075,65988.95850000001,SL,1.0,360.61,36422.01
1774631100,1774632600,long,66025.5,65782.0925,65782.0925,66512.315,SL,-1.0,-364.22,36057.79
1774641300,1774642200,long,65971.0,65971.0,65811.07800000001,66290.84399999998,SL,0.0,0.0,36057.79
1774653600,1774655100,long,66072.0,66349.96599999999,65933.017,66349.96599999999,Target,2.0,721.16,36778.94
1774657800,1774660200,long,66362.0,66237.86450000001,66237.86450000001,66610.27099999998,SL,-1.0,-367.79,36411.15
1774674900,1774675200,short,66199.0,66299.133,66299.133,65998.734,SL,-1.0,-364.11,36047.04
1774678500,1774687800,long,66382.0,66382.0,66243.36175,66659.2765,SL,0.0,0.0,36047.04
1774702200,1774704600,long,66368.0,66510.1295,66225.8705,66652.25899999999,SL,1.0,360.47,36407.51
1774723200,1774725000,long,66917.5,66804.08125,66804.08125,67144.3375,SL,-1.0,-364.08,36043.44
1774731900,1774734300,short,66892.0,66744.0675,66965.96625,66744.0675,Target,2.0,720.87,36764.31
1774734900,1774736400,short,66740.0,66740.0,66865.91625,66488.16750000001,SL,0.0,0.0,36764.31
1774749300,1774751400,long,66469.0,66583.69374999999,66354.30625000001,66698.38749999998,SL,1.0,367.64,37131.95
1774752300,1774754100,long,66657.0,66804.77124999999,66509.22875000001,66952.54249999998,SL,1.0,371.32,37503.27
1774756800,1774758000,long,66909.5,66813.07675000001,66813.07675000001,67102.34649999999,SL,-1.0,-375.03,37128.24
1774758300,1774759500,short,66844.5,66769.05675,66919.94325,66693.6135,SL,1.0,371.28,37499.52
1774759800,1774761300,short,66761.0,66659.5855,66862.4145,66558.171,SL,1.0,375.0,37874.51
1774770000,1774770600,short,66619.0,66725.34599999999,66725.34599999999,66406.30800000002,SL,-1.0,-378.75,37495.77
1774776300,1774778700,short,66627.0,66522.15075,66731.84925,66417.3015,SL,1.0,374.96,37870.73
1774779000,1774780500,short,66519.5,66519.5,66639.303,66279.894,SL,0.0,0.0,37870.73
1774782600,1774784700,long,66653.0,66859.73975,66446.26025,67066.47949999999,SL,1.0,378.71,38249.43
1774791300,1774793400,short,66590.0,66590.0,66713.34,66343.32,SL,0.0,0.0,38249.43
1774809300,1774814100,long,66431.5,66302.83200000001,66302.83200000001,66688.83599999998,SL,-1.0,-382.49,37866.94
1774818000,1774818600,long,66606.0,66509.22875000001,66509.22875000001,66799.54249999998,SL,-1.0,-378.67,37488.27
1774823700,1774824000,short,66281.0,66061.7665,66500.2335,65842.533,SL,1.0,374.88,37863.15
1774824600,1774825200,short,65608.5,66281.124,66281.124,64263.25200000001,SL,-1.0,-378.63,37484.52
1774839000,1774849200,long,67027.0,67476.3055,66577.6945,67925.611,SL,1.0,374.85,37859.37
1774851300,1774854300,short,67448.5,67306.2215,67590.7785,67163.943,SL,1.0,378.59,38237.96
1774863000,1774869900,short,67483.5,67669.818,67669.818,67110.864,SL,-1.0,-382.38,37855.58
1774871400,1774876800,long,67651.5,68058.9815,67447.75925,68058.9815,Target,2.0,757.11,38612.69
1774881000,1774882500,short,67336.5,67706.83649999999,67706.83649999999,66595.82700000002,SL,-1.0,-386.13,38226.56
1774885200,1774886400,long,67765.0,67403.2815,67403.2815,68488.437,SL,-1.0,-382.27,37844.3
1774896300,1774897500,short,66673.0,66512.6,66833.4,66352.20000000001,SL,1.0,378.44,38222.74
1774903500,1774905300,long,66634.5,66778.76174999999,66490.23825000001,66923.02349999998,SL,1.0,382.23,38604.97
1774911600,1774913100,short,66657.0,66657.0,66854.4105,66262.179,SL,0.0,0.0,38604.97
1774934100,1774934700,short,67468.5,67628.7975,67628.7975,67147.905,SL,-1.0,-386.05,38218.92
1774941300,1774941600,short,67359.0,67201.25850000001,67516.74149999999,67043.51700000002,SL,1.0,382.19,38601.11
1774953300,1774955400,short,66319.5,66456.71175,66456.71175,66045.0765,SL,-1.0,-386.01,38215.1
1774956000,1774964400,long,66552.0,66923.107,66180.893,67294.214,SL,1.0,382.15,38597.25
1774970700,1774974900,short,66905.5,67302.6345,67302.6345,66111.231,SL,-1.0,-385.97,38211.28
1774981200,1774987800,long,67772.0,68022.27775,67521.72225,68272.55549999999,SL,1.0,382.11,38593.39
1774989300,1774989900,long,68011.5,68011.5,67873.0465,68288.407,SL,0.0,0.0,38593.39
1774990200,1774991700,long,68106.5,67901.53225,67901.53225,68516.43549999999,SL,-1.0,-385.93,38207.46
1774995600,1774996200,long,68236.0,67985.49025,67985.49025,68737.0195,SL,-1.0,-382.07,37825.38
1775010600,1775012700,short,67726.0,67918.94249999999,67918.94249999999,67340.11500000002,SL,-1.0,-378.25,37447.13
1775015100,1775016000,long,67953.0,68159.8835,67849.55825,68159.8835,Target,2.0,748.94,38196.07
1775020500,1775021100,long,68286.0,68685.12049999999,68086.43975,68685.12049999999,Target,2.0,763.92,38959.99
1775033400,1775034300,short,68695.0,68695.0,68862.91425,68359.1715,SL,0.0,0.0,38959.99
1775034600,1775047200,short,68531.5,68531.5,68747.85674999999,68098.78650000002,SL,0.0,0.0,38959.99
1775048100,1775050800,short,68361.0,68361.0,68787.3765,67508.247,SL,0.0,0.0,38959.99
1775060700,1775061300,long,68733.5,68733.5,68541.21225,69118.0755,SL,0.0,0.0,38959.99
1775062800,1775063400,long,68920.5,68762.6015,68762.6015,69236.29699999999,SL,-1.0,-389.6,38570.39
1775068800,1775069700,long,68160.5,67984.49075,67984.49075,68512.5185,SL,-1.0,-385.7,38184.69
1775074800,1775075700,short,68054.5,68054.5,68172.069,67819.362,SL,0.0,0.0,38184.69
1775087400,1775088600,short,68071.0,68176.071,68176.071,67860.85800000001,SL,-1.0,-381.85,37802.84
1775100000,1775101200,short,66711.0,66711.0,66949.95825,66233.08350000001,SL,0.0,0.0,37802.84
1775109300,1775110500,long,66593.0,66593.0,66402.28225,66974.43549999999,SL,0.0,0.0,37802.84
1775123100,1775124600,short,66392.5,66291.77,66493.23,66191.04000000001,SL,1.0,378.03,38180.87
1775129700,1775130600,short,66359.5,66258.7865,66460.2135,66158.073,SL,1.0,381.81,38562.68
1775142900,1775143200,long,66800.0,66633.16675,66633.16675,67133.66649999999,SL,-1.0,-385.63,38177.05
1775145900,1775147400,long,66837.0,66837.0,66672.14725000001,67166.70549999998,SL,0.0,0.0,38177.05
1775150100,1775151900,long,67072.5,66787.5895,66787.5895,67642.321,SL,-1.0,-381.77,37795.28
1775164500,1775166600,short,66853.0,66853.0,66955.461,66648.07800000001,SL,0.0,0.0,37795.28
1775193300,1775194200,short,66572.0,66572.0,66681.324,66353.35200000001,SL,0.0,0.0,37795.28
1775197200,1775199600,long,66644.5,66756.283,66532.717,66868.06599999999,SL,1.0,377.95,38173.23
1775212500,1775213100,short,66734.0,66831.39899999999,66831.39899999999,66539.20200000002,SL,-1.0,-381.73,37791.5
1775227800,1775236500,long,66912.0,66745.11075,66745.11075,67245.77849999999,SL,-1.0,-377.92,37413.59
1775238000,1775285100,short,66851.0,66963.96525,66963.96525,66625.06950000001,SL,-1.0,-374.14,37039.45
1775285400,1775287200,long,66933.5,66933.5,66859.55350000001,67081.39299999998,SL,0.0,0.0,37039.45
1775288400,1775289900,long,66950.5,67000.46699999999,66900.53300000001,67050.43399999998,SL,1.0,370.39,37409.84
1775290800,1775292600,long,67027.0,66930.01825000001,66930.01825000001,67220.96349999998,SL,-1.0,-374.1,37035.75
1775306400,1775309700,short,67080.0,67150.5585,67150.5585,66938.883,SL,-1.0,-370.36,36665.39
1775319900,1775320500,long,67338.0,67411.14925,67264.85075,67484.2985,SL,1.0,366.65,37032.04
1775324700,1775329500,short,67311.5,67397.18175,67397.18175,67140.1365,SL,-1.0,-370.32,36661.72
1775350200,1775350500,short,67225.0,67168.87625,67281.12375,67112.7525,SL,1.0,366.62,37028.34
1775380800,1775388900,long,66962.0,66962.0,66835.06575000001,67215.86849999998,SL,0.0,0.0,37028.34
1775391300,1775392200,short,66893.5,66773.51000000001,67013.48999999999,66653.52000000002,SL,1.0,370.28,37398.62
1775394900,1775397000,short,66737.5,66869.41799999999,66869.41799999999,66473.66400000002,SL,-1.0,-373.99,37024.64
1775406900,1775407500,short,67293.5,67293.5,67398.6825,67083.13500000001,SL,0.0,0.0,37024.64
1775412900,1775413800,short,67258.5,67386.6765,67386.6765,67002.147,SL,-1.0,-370.25,36654.39
1775426100,1775426400,long,67545.0,67670.72649999999,67419.27350000001,67796.45299999998,SL,1.0,366.54,37020.93
1775439900,1775441400,short,68809.5,68992.47899999999,68992.47899999999,68443.54200000002,SL,-1.0,-370.21,36650.72
1775446200,1775448300,long,69147.0,69001.98175,69001.98175,69437.03649999999,SL,-1.0,-366.51,36284.22
1775448900,1775453400,short,69000.0,69206.586,69206.586,68586.82800000001,SL,-1.0,-362.84,35921.38
1775453700,1775455800,long,69146.5,69269.02924999999,69023.97075000001,69391.55849999998,SL,1.0,359.21,36280.59
1775459400,1775460000,short,68835.0,69004.485,69004.485,68496.03,SL,-1.0,-362.81,35917.78
1775462100,1775462400,long,68987.0,69169.93,68895.535,69169.93,Target,2.0,718.36,36636.14
1775466900,1775467200,long,69303.5,69566.7065,69171.89675,69566.7065,Target,2.0,732.72,37368.86
1775469900,1775474400,long,69804.5,69630.16750000001,69630.16750000001,70153.16499999998,SL,-1.0,-373.69,36995.17
1775476800,1775478300,short,69612.5,69420.8265,69708.33675,69420.8265,Target,2.0,739.9,37735.08
1775487600,1775491800,long,69593.0,69901.15974999999,69284.84025000001,70209.31949999998,SL,1.0,377.35,38112.43
1775493600,1775493900,long,69973.0,70166.90699999999,69779.09300000001,70360.81399999998,SL,1.0,381.12,38493.55
1775497500,1775499000,short,69476.0,69642.80399999999,69642.80399999999,69142.39200000002,SL,-1.0,-384.94,38108.62
1775519100,1775520300,long,68728.0,68894.79775,68561.20225,69061.5955,SL,1.0,381.09,38489.7
1775532000,1775534700,long,68671.0,68671.0,68558.7035,68895.593,SL,0.0,0.0,38489.7
1775546100,1775547000,long,68553.5,68553.5,68442.26175,68775.97649999999,SL,0.0,0.0,38489.7
1775550300,1775552700,long,68750.0,69050.63399999999,68599.683,69050.63399999999,Target,2.0,769.79,39259.5
1775558400,1775559900,short,68633.5,68294.03075,68972.96925,67954.56150000001,SL,1.0,392.59,39652.09
1775567400,1775569500,long,68559.0,68264.35075,68264.35075,69148.2985,SL,-1.0,-396.52,39255.57
1775570700,1775571300,short,68206.5,67936.77900000001,68476.22099999999,67667.05800000002,SL,1.0,392.56,39648.13
1775579400,1775583300,long,68291.0,68559.52825,68022.47175,68828.0565,SL,1.0,396.48,40044.61
1775595000,1775595900,short,69180.0,69389.67749999999,69389.67749999999,68760.64500000002,SL,-1.0,-400.45,39644.16
1775598000,1775599500,long,69725.0,70308.468,69433.266,70308.468,Target,2.0,792.88,40437.04
1775609700,1775613900,short,71607.0,71607.0,71857.911,71105.17800000001,SL,0.0,0.0,40437.04
1775618400,1775618700,short,71260.5,71393.17874999999,71393.17874999999,70995.14250000002,SL,-1.0,-404.37,40032.67
1775633700,1775635500,short,71748.5,71748.5,71917.44075,71410.61850000001,SL,0.0,0.0,40032.67
1775638800,1775639100,long,71751.0,71861.83799999999,71640.16200000001,71972.67599999998,SL,1.0,400.33,40433.0
1775651700,1775652900,long,71776.0,72037.775,71514.225,72299.54999999999,SL,1.0,404.33,40837.33
1775678700,1775680500,long,71300.5,71300.5,71184.39,71532.72,SL,0.0,0.0,40837.33
1775697600,1775699400,short,70450.5,70885.425,70885.425,69580.65,SL,-1.0,-408.37,40428.96
1775701500,1775704200,long,70927.5,70927.5,70748.60800000001,71285.28399999999,SL,0.0,0.0,40428.96
1775710200,1775710800,short,70849.5,70756.04625,70942.95375,70662.5925,SL,1.0,404.29,40833.25
1775714700,1775715600,long,70967.5,70889.03775,70889.03775,71124.4245,SL,-1.0,-408.33,40424.91
1775720100,1775721600,long,70999.5,70907.5285,70907.5285,71183.443,SL,-1.0,-404.25,40020.66
1775728200,1775728500,long,71245.0,71407.19949999999,71163.90025,71407.19949999999,Target,2.0,800.41,40821.08
1775736000,1775737200,short,71157.0,71082.90225,71231.09775,71008.8045,SL,1.0,408.21,41229.29
1775739600,1775741400,long,71207.0,71031.46650000001,71031.46650000001,71558.06699999998,SL,-1.0,-412.29,40817.0
1775749500,1775939400,long,72224.0,73223.62999999999,71224.37000000001,74223.25999999998,SL,1.0,408.17,41225.17
1775945400,1775946600,long,73443.5,73294.83425,73294.83425,73740.8315,SL,-1.0,-412.25,40812.91
1775949000,1775957400,short,73052.5,72728.33,73376.67,72404.16,SL,1.0,408.13,41221.04
1775968200,1775971500,short,71457.5,71649.30674999999,71649.30674999999,71073.88650000002,SL,-1.0,-412.21,40808.83
1775973300,1775977200,long,71717.5,71572.19600000001,71572.19600000001,72008.10799999998,SL,-1.0,-408.09,40400.74
1775997300,1775997600,short,71371.0,71461.71299999999,71461.71299999999,71189.57400000002,SL,-1.0,-404.01,39996.74
1776001500,1776004800,short,70935.0,70935.0,71103.03375,70598.9325,SL,0.0,0.0,39996.74
1776011100,1776026400,long,70910.5,71166.318,70782.591,71166.318,Target,2.0,799.93,40796.67
1776030300,1776031200,long,71302.0,71163.90025,71163.90025,71578.19949999999,SL,-1.0,-407.97,40388.71
1776034800,1776035400,short,70756.5,70756.5,70911.438,70446.62400000001,SL,0.0,0.0,40388.71
1776055800,1776057900,short,70993.5,70831.44,71155.56,70669.38,SL,1.0,403.89,40792.59
1776067200,1776068700,short,70747.0,70747.0,70837.90125,70565.19750000001,SL,0.0,0.0,40792.59
1776072600,1776078000,long,70721.5,70721.5,70619.6725,70925.155,SL,0.0,0.0,40792.59
1776100200,1776101400,long,72221.0,72558.08849999998,72052.45575000001,72558.08849999998,Target,2.0,815.85,41608.44
1776112800,1776117900,long,73181.5,73378.51049999999,72984.48950000001,73575.52099999998,SL,1.0,416.08,42024.53
1776127800,1776132600,short,74200.0,74468.21549999999,74468.21549999999,73663.56900000002,SL,-1.0,-420.25,41604.28
1776134700,1776137100,long,74389.0,74219.87150000001,74219.87150000001,74727.25699999998,SL,-1.0,-416.04,41188.24
1776140400,1776141600,long,74441.0,74341.31075,74341.31075,74640.37849999999,SL,-1.0,-411.88,40776.36
1776145200,1776146400,short,74270.0,74270.0,74370.66674999999,74068.66650000002,SL,0.0,0.0,40776.36
1776149700,1776150000,long,74412.0,74519.171,74304.829,74626.342,SL,1.0,407.76,41184.12
1776156900,1776159600,long,74708.0,74537.71250000001,74537.71250000001,75048.57499999998,SL,-1.0,-411.84,40772.28
1776162900,1776163200,short,74492.0,74381.21725,74602.78275,74270.4345,SL,1.0,407.72,41180.0
1776165900,1776167100,short,74362.5,74362.5,74450.2065,74187.087,SL,0.0,0.0,41180.0
1776181200,1776182700,long,75058.0,75395.87874999999,74720.12125000001,75733.75749999998,SL,1.0,411.8,41591.8
1776187800,1776188100,short,74802.5,74511.5895,74947.95525,74511.5895,Target,2.0,831.84,42423.64
1776191100,1776191700,short,74568.5,74332.11625,74804.88375,74095.73250000001,SL,1.0,424.24,42847.88
1776194400,1776194700,short,74211.0,74022.819,74399.181,73834.638,SL,1.0,428.48,43276.35
1776222600,1776223500,short,74210.0,74331.147,74331.147,73967.706,SL,-1.0,-432.76,42843.59
1776238200,1776241200,short,73559.0,73916.94,73916.94,72843.12,SL,-1.0,-428.44,42415.16
1776248400,1776249900,short,73967.0,74187.57525,74187.57525,73525.84950000001,SL,-1.0,-424.15,41991.0
1776251400,1776256500,long,73967.0,74175.89749999999,73758.10250000001,74384.79499999998,SL,1.0,419.91,42410.91
1776279000,1776279600,long,74285.0,74412.59724999999,74157.40275000001,74540.19449999998,SL,1.0,424.11,42835.02
1776304800,1776305100,short,74602.5,74717.34,74717.34,74372.82,SL,-1.0,-428.35,42406.67
1776306300,1776306600,long,74706.5,74886.78175,74526.21825,75067.06349999999,SL,1.0,424.07,42830.74
1776308700,1776314700,long,74950.5,74732.615,74732.615,75386.26999999999,SL,-1.0,-428.31,42402.43
1776320700,1776322200,short,74980.0,74980.0,75098.03025,74743.93950000001,SL,0.0,0.0,42402.43
1776330000,1776332400,long,74713.5,74713.5,74592.685,74955.13,SL,0.0,0.0,42402.43
1776363600,1776365400,long,74407.5,74643.1045,74171.8955,74878.709,SL,1.0,424.02,42826.46
1776367500,1776368400,long,74907.5,75273.26199999999,74724.619,75273.26199999999,Target,2.0,856.53,43682.99
1776374400,1776382500,short,75108.0,75108.0,75290.6265,74742.747,SL,0.0,0.0,43682.99
1776385200,1776385800,short,74907.0,75081.02175,75081.02175,74558.9565,SL,-1.0,-436.83,43246.16
1776387000,1776388800,short,74929.5,74817.99825,75041.00175,74706.49650000001,SL,1.0,432.46,43678.62
1776395400,1776396300,short,74589.5,74721.34199999999,74721.34199999999,74325.81600000002,SL,-1.0,-436.79,43241.83
1776404700,1776405000,short,74605.5,74695.329,74695.329,74425.842,SL,-1.0,-432.42,42809.41
1776411300,1776412500,long,74945.0,74945.0,74864.549,75105.902,SL,0.0,0.0,42809.41
1776413100,1776414600,long,75048.5,75208.96274999999,74888.03725000001,75369.42549999998,SL,1.0,428.09,43237.51
1776420300,1776421500,short,75710.0,75511.56475,75908.43525,75313.12950000001,SL,1.0,432.38,43669.88
1776422100,1776428400,short,75179.5,75739.35075,75739.35075,74059.7985,SL,-1.0,-436.7,43233.18
1776430500,1776431100,long,76122.0,76122.0,75642.65975,77080.68049999999,SL,0.0,0.0,43233.18
1776433500,1776434400,long,76602.0,77189.02649999999,76014.97350000001,77776.05299999999,SL,1.0,432.33,43665.51
1776435900,1776436200,long,77251.5,77501.51999999999,77001.48000000001,77751.53999999998,SL,1.0,436.66,44102.17
1776438900,1776440400,long,77884.0,77482.73925,77482.73925,78686.5215,SL,-1.0,-441.02,43661.15
1776455700,1776456000,long,77316.0,77316.0,77143.409,77661.182,SL,0.0,0.0,43661.15
1776460500,1776460800,short,77262.5,77412.18675,77412.18675,76963.12650000001,SL,-1.0,-436.61,43224.54
1776462900,1776466800,long,77406.0,77222.3695,77222.3695,77773.261,SL,-1.0,-432.25,42792.29
1776469200,1776470400,short,76988.5,77129.5455,77129.5455,76706.40900000001,SL,-1.0,-427.92,42364.37
1776471600,1776472200,long,77160.0,76999.481,76999.481,77481.038,SL,-1.0,-423.64,41940.72
1776473700,1776482700,long,77120.0,77120.0,76892.53450000001,77574.93099999998,SL,0.0,0.0,41940.72
1776484800,1776489000,short,76960.0,77204.583,77204.583,76470.834,SL,-1.0,-419.41,41521.32
1776493800,1776498600,short,77049.5,76869.399,77139.5505,76869.399,Target,2.0,830.43,42351.74
1776500400,1776502500,short,76752.5,76752.5,76985.4735,76286.55300000001,SL,0.0,0.0,42351.74
1776505800,1776506400,short,76550.0,76431.18475,76668.81525,76312.3695,SL,1.0,423.52,42775.26
1776512700,1776513600,short,75779.0,76118.54024999999,76118.54024999999,75099.91950000002,SL,-1.0,-427.75,42347.51
1776518400,1776518700,long,76160.0,76066.94750000001,76066.94750000001,76346.10499999998,SL,-1.0,-423.48,41924.03
1776525600,1776527400,long,76185.0,76046.9575,76046.9575,76461.08499999999,SL,-1.0,-419.24,41504.79
1776528900,1776535500,short,75983.0,75802.9375,76163.0625,75622.875,SL,1.0,415.05,41919.84
1776550200,1776552300,short,75612.0,75792.8775,75792.8775,75250.245,SL,-1.0,-419.2,41500.64
1776557400,1776558000,long,75725.0,75602.18000000001,75602.18000000001,75970.63999999998,SL,-1.0,-415.01,41085.64
1776558900,1776560400,short,75523.0,75732.34724999999,75732.34724999999,75104.30550000002,SL,-1.0,-410.86,40674.78
1776571800,1776573000,long,75576.0,75576.0,75427.76725,75872.46549999999,SL,0.0,0.0,40674.78
1776575100,1776578700,short,75586.5,75461.163,75711.837,75335.826,SL,1.0,406.75,41081.53
1776592200,1776595800,short,75002.0,75138.05025,75138.05025,74729.8995,SL,-1.0,-410.82,40670.71
1776596100,1776596700,long,75092.0,75214.00374999999,74969.99625000001,75336.00749999998,SL,1.0,406.71,41077.42
1776609900,1776612600,long,75946.0,75703.12950000001,75703.12950000001,76431.74099999998,SL,-1.0,-410.77,40666.65
1776615900,1776617400,short,75551.0,75551.0,75758.36025,75136.2795,SL,0.0,0.0,40666.65
1776619800,1776621000,short,75142.0,74908.83125,75375.16875,74675.6625,SL,1.0,406.67,41073.31
1776621300,1776621600,short,75000.0,74785.4115,75214.5885,74570.823,SL,1.0,410.73,41484.05
1776631500,1776632700,short,74693.0,74693.0,74869.416,74340.168,SL,0.0,0.0,41484.05
1776667200,1776668700,long,74487.5,74702.65475,74272.34525,74917.8095,SL,1.0,414.84,41898.89
1776679500,1776680100,long,75074.5,75338.47999999998,74942.51000000001,75338.47999999998,Target,2.0,837.98,42736.86
1776691200,1776692100,short,75076.0,75355.659,75355.659,74516.682,SL,-1.0,-427.37,42309.49
1776693900,1776696000,long,75252.5,75252.5,74934.51400000001,75888.47199999998,SL,0.0,0.0,42309.49
1776707700,1776708000,long,75891.0,75891.0,75605.67825,76461.6435,SL,0.0,0.0,42309.49
1776710400,1776711000,long,76100.0,76270.48375,75929.51625,76440.9675,SL,1.0,423.09,42732.59
1776711300,1776717000,long,76231.5,76231.5,75980.49075,76733.5185,SL,0.0,0.0,42732.59
1776717900,1776719100,long,76274.0,76123.41925,76123.41925,76575.16149999999,SL,-1.0,-427.33,42305.26
1776723900,1776731400,short,75889.0,75889.0,76112.037,75442.926,SL,0.0,0.0,42305.26
1776731700,1776732300,long,75858.5,75858.5,75722.61975,76130.2605,SL,0.0,0.0,42305.26
1776733200,1776736800,long,76025.5,75792.58475000001,75792.58475000001,76491.33049999998,SL,-1.0,-423.05,41882.21
1776745800,1776747900,long,75630.0,75848.55849999998,75520.72075000001,75848.55849999998,Target,2.0,837.64,42719.86
1776755700,1776756300,long,75940.5,76148.38524999999,75732.61475000001,76356.27049999998,SL,1.0,427.2,43147.05
1776761100,1776761400,long,76304.5,76585.70199999999,76163.899,76585.70199999999,Target,2.0,862.94,44009.99
1776771600,1776772800,short,76533.0,76377.675,76688.325,76222.35,SL,1.0,440.1,44450.09
1776773700,1776774900,short,76299.5,76299.5,76492.72725,75913.04550000001,SL,0.0,0.0,44450.09
1776775500,1776782400,short,76057.5,76529.74575,76529.74575,75113.0085,SL,-1.0,-444.5,44005.59
1776788100,1776789600,long,75928.0,75928.0,75741.61025,76300.7795,SL,0.0,0.0,44005.59
1776810000,1776811200,short,75440.0,75440.0,75574.26825,75171.46350000001,SL,0.0,0.0,44005.59
1776823500,1776823800,short,76200.0,76356.159,76356.159,75887.682,SL,-1.0,-440.06,43565.54
1776846600,1776855600,short,77992.0,78223.09199999999,78223.09199999999,77529.81600000002,SL,-1.0,-435.66,43129.88
1776859200,1776860100,long,78285.0,78285.0,78139.41075000001,78576.17849999998,SL,0.0,0.0,43129.88
1776862800,1776863100,short,78137.0,78338.1495,78338.1495,77734.701,SL,-1.0,-431.3,42698.58
1776888900,1776889200,short,78733.0,78574.57400000001,78891.42599999999,78416.14800000002,SL,1.0,426.99,43125.57
1776900300,1776900600,short,78487.5,78306.9615,78577.76925,78306.9615,Target,2.0,862.51,43988.08
1776906300,1776906600,long,78411.0,78224.868,78224.868,78783.264,SL,-1.0,-439.88,43548.2
1776913500,1776915600,short,77789.5,77553.50675,78025.49325,77317.5135,SL,1.0,435.48,43983.68
1776931500,1776934800,short,77937.0,77718.94200000001,78155.05799999999,77500.88400000002,SL,1.0,439.84,44423.52
1776935400,1776938700,short,77587.0,77305.58525,77868.41475,77024.17050000001,SL,1.0,444.24,44867.75
1776941400,1776942000,short,77313.0,77445.70349999999,77445.70349999999,77047.59300000002,SL,-1.0,-448.68,44419.08
1776947400,1776948300,long,77700.0,77537.71175,77537.71175,78024.5765,SL,-1.0,-444.19,43974.89
1776960600,1776963000,short,78277.0,78277.0,78445.70324999999,77939.59350000002,SL,0.0,0.0,43974.89
1776963600,1776964500,short,78045.0,77736.84300000001,78353.15699999999,77428.68600000002,SL,1.0,439.75,44414.63
1776965700,1776966000,short,77531.0,76923.204,77834.898,76923.204,Target,2.0,888.29,45302.93
1776976200,1776978000,long,77786.0,77786.0,77592.68425,78172.63149999999,SL,0.0,0.0,45302.93
1776978900,1776979200,long,77847.5,77744.60825,77744.60825,78053.28349999999,SL,-1.0,-453.03,44849.9
1777007100,1777007400,short,77620.0,77543.67125,77696.32875,77467.3425,SL,1.0,448.5,45298.4
1777017600,1777018500,short,77621.0,77742.852,77742.852,77377.296,SL,-1.0,-452.98,44845.41
1777028400,1777028700,long,77705.5,78050.07199999999,77533.214,78050.07199999999,Target,2.0,896.91,45742.32
1777032000,1777034700,long,78257.0,78112.924,78112.924,78545.152,SL,-1.0,-457.42,45284.9
1777043400,1777045500,short,77795.0,78032.99699999999,78032.99699999999,77319.00600000002,SL,-1.0,-452.85,44832.05
1777059000,1777064100,short,77520.5,77658.81,77658.81,77243.88,SL,-1.0,-448.32,44383.73
1777069500,1777070100,short,77500.5,77399.2185,77601.7815,77297.937,SL,1.0,443.84,44827.57
1777084200,1777086600,long,77546.0,77546.0,77468.74625000001,77700.50749999998,SL,0.0,0.0,44827.57
1777103400,1777105800,short,77486.0,77555.25825,77555.25825,77347.4835,SL,-1.0,-448.28,44379.29
1777106100,1777109700,long,77539.0,77627.24475,77450.75525,77715.4895,SL,1.0,443.79,44823.08
1777118700,1777122600,short,77599.5,77599.5,77690.826,77416.848,SL,0.0,0.0,44823.08
1777131000,1777131900,long,77667.5,77597.182,77597.182,77808.136,SL,-1.0,-448.23,44374.85
1777139400,1777140000,short,77267.5,77267.5,77340.651,77121.198,SL,0.0,0.0,44374.85
1777145100,1777145400,long,77304.5,77237.86175000001,77237.86175000001,77437.77649999998,SL,-1.0,-443.75,43931.1
1777156200,1777157400,long,77494.5,77494.5,77431.265,77620.97,SL,0.0,0.0,43931.1
1777158000,1777161900,long,77520.5,77520.5,77449.25600000001,77662.98799999998,SL,0.0,0.0,43931.1
1777192800,1777194000,long,78091.5,77980.49025,77980.49025,78313.5195,SL,-1.0,-439.31,43491.79
1777204200,1777205400,long,78057.0,77984.988,77984.988,78201.024,SL,-1.0,-434.92,43056.87
1777212000,1777213200,long,77915.0,77997.93549999999,77832.06450000001,78080.87099999998,SL,1.0,430.57,43487.44
1777218300,1777223400,short,77981.5,77981.5,78113.53725,77717.42550000001,SL,0.0,0.0,43487.44
1777234800,1777235400,short,78140.0,78251.60625,78251.60625,77916.7875,SL,-1.0,-434.87,43052.57
1777237800,1777239000,long,78230.0,78103.92850000001,78103.92850000001,78482.14299999998,SL,-1.0,-430.53,42622.04
1777249800,1777250400,short,78498.5,78644.30249999999,78644.30249999999,78206.89500000002,SL,-1.0,-426.22,42195.82
1777254000,1777256700,long,78991.5,78991.5,78644.15825000001,79686.18349999998,SL,0.0,0.0,42195.82
1777265400,1777266000,short,78978.5,78827.455,79129.545,78676.41,SL,1.0,421.96,42617.78
1777273500,1777273800,short,77656.5,77574.65025,77738.34975,77492.80050000001,SL,1.0,426.18,43043.96
1777283100,1777292700,long,77920.5,77680.14050000001,77680.14050000001,78401.21899999998,SL,-1.0,-430.44,42613.52
1777345800,1777349100,short,76755.5,76909.93574999999,76909.93574999999,76446.62850000002,SL,-1.0,-426.14,42187.38
1777367700,1777369500,short,76750.0,76525.176,76862.412,76525.176,Target,2.0,843.75,43031.13
1777374600,1777374900,short,76500.0,76353.69600000001,76646.30399999999,76207.39200000002,SL,1.0,430.31,43461.44
1777392000,1777394100,long,76056.0,75866.54775,75866.54775,76434.9045,SL,-1.0,-434.61,43026.83
1777397400,1777403400,long,76062.0,76062.0,75879.0415,76427.91699999999,SL,0.0,0.0,43026.83
1777408200,1777411500,long,76369.5,76256.35275,76256.35275,76595.79449999999,SL,-1.0,-430.27,42596.56
1777415700,1777416300,long,76320.0,76234.8635,76234.8635,76490.27299999999,SL,-1.0,-425.97,42170.6
1777419000,1777423200,short,76247.5,76361.66175,76361.66175,76019.1765,SL,-1.0,-421.71,41748.89
1777432500,1777432800,long,76528.5,76727.967,76428.7665,76727.967,Target,2.0,834.98,42583.87
1777453500,1777454100,short,76974.0,77057.00925,77057.00925,76807.9815,SL,-1.0,-425.84,42158.03
1777461600,1777465200,short,77472.5,77271.18250000001,77673.81749999999,77069.86500000002,SL,1.0,421.58,42579.61
1777468200,1777468500,short,77096.0,77217.5895,77217.5895,76852.821,SL,-1.0,-425.8,42153.81
1777477800,1777485900,short,75935.0,75546.8575,76323.1425,75158.715,SL,1.0,421.54,42575.35
1777498800,1777500000,long,75874.0,75874.0,75714.62375,76192.7525,SL,0.0,0.0,42575.35
1777500600,1777504800,long,75913.0,75763.09950000001,75763.09950000001,76212.80099999998,SL,-1.0,-425.75,42149.6
1777512600,1777514100,long,76239.0,76239.0,76110.42575000001,76496.14849999998,SL,0.0,0.0,42149.6
1777516500,1777516800,short,76075.0,75714.783,76255.1085,75714.783,Target,2.0,842.99,42992.59
1777522200,1777523400,short,75790.0,75612.035,75967.965,75434.07,SL,1.0,429.93,43422.51
1777572900,1777573800,long,76341.0,76167.897,76167.897,76687.206,SL,-1.0,-434.23,42988.29
1777574700,1777580100,long,76291.0,76291.0,76127.917,76617.166,SL,0.0,0.0,42988.29
1777594200,1777605300,long,76444.0,76656.135,76231.865,76868.26999999999,SL,1.0,429.88,43418.17
1777612200,1777617600,long,77084.0,76953.00425,76953.00425,77345.9915,SL,-1.0,-434.18,42983.99
1777619100,1777622700,short,76953.5,77114.538,77114.538,76631.424,SL,-1.0,-429.84,42554.15
1777630200,1777630800,short,77182.0,77277.6195,77277.6195,76990.761,SL,-1.0,-425.54,42128.61
1777636800,1777637400,long,77398.5,77536.6495,77260.3505,77674.799,SL,1.0,421.29,42549.9
1777641000,1777643400,long,78177.0,78545.92349999999,77808.07650000001,78914.84699999998,SL,1.0,425.5,42975.39
1777647600,1777648500,short,78264.5,78448.20449999999,78448.20449999999,77897.09100000001,SL,-1.0,-429.75,42545.64
1777652400,1777652700,short,78342.0,78342.0,78535.24799999999,77955.50400000002,SL,0.0,0.0,42545.64
1777653000,1777656900,short,78205.0,78478.71974999999,78478.71974999999,77657.56050000002,SL,-1.0,-425.46,42120.18
1777663800,1777668000,short,78306.5,77920.03950000001,78499.73025,77920.03950000001,Target,2.0,842.4,42962.59
1777677600,1777679700,short,78074.0,78194.0775,78194.0775,77833.845,SL,-1.0,-429.63,42532.96
1777681800,1777691100,long,78282.0,78282.0,78114.42325,78617.15349999999,SL,0.0,0.0,42532.96
1777719600,1777722300,short,78190.0,78106.38275,78273.61725,78022.76550000001,SL,1.0,425.33,42958.29
1777727100,1777727400,long,78181.0,78334.1435,78104.42825,78334.1435,Target,2.0,859.17,43817.46
1777733400,1777734900,long,78366.0,78366.0,78298.831,78500.33799999999,SL,0.0,0.0,43817.46
1777761900,1777762200,short,78620.0,78756.3585,78756.3585,78347.283,SL,-1.0,-438.17,43379.28
1777773600,1777774200,short,78209.5,78131.37575,78287.62425,78053.25150000001,SL,1.0,433.79,43813.08
1777782000,1777789500,long,78137.0,78036.46225000001,78036.46225000001,78338.07549999998,SL,-1.0,-438.13,43374.94
1777795200,1777797000,long,78357.0,78357.0,78268.34625,78534.3075,SL,0.0,0.0,43374.94
1777797900,1777798800,long,78385.0,78301.32975,78301.32975,78552.34049999999,SL,-1.0,-433.75,42941.2
1777812300,1777814700,long,78748.0,78618.17125,78618.17125,79007.6575,SL,-1.0,-429.41,42511.78
1777818900,1777822500,long,78662.0,78662.0,78537.21175,78911.5765,SL,0.0,0.0,42511.78
1777842300,1777843500,long,78889.0,78889.0,78796.58200000001,79073.83599999998,SL,0.0,0.0,42511.78
1777857900,1777858200,short,78407.5,78525.74325,78525.74325,78171.0135,SL,-1.0,-425.12,42086.67
1777875000,1777875300,short,79937.0,79827.997,80046.003,79718.994,SL,1.0,420.87,42507.53
1777887900,1777888800,long,79779.0,79658.151,79658.151,80020.698,SL,-1.0,-425.08,42082.46
1777896300,1777896900,short,78728.0,78866.91374999999,78866.91374999999,78450.17250000002,SL,-1.0,-420.82,41661.63
1777898700,1777899600,long,78930.0,78764.09825000001,78764.09825000001,79261.80349999998,SL,-1.0,-416.62,41245.02
1777909500,1777911300,long,79740.0,79740.0,79385.78725000001,80448.42549999998,SL,0.0,0.0,41245.02
1777918200,1777918800,long,80389.0,80168.39575000001,80168.39575000001,80830.20849999998,SL,-1.0,-412.45,40832.57
1777932900,1777933800,long,80348.0,80159.90000000001,80159.90000000001,80724.19999999998,SL,-1.0,-408.33,40424.24
1777945800,1777946400,long,80288.5,80288.5,80113.42325,80638.65349999999,SL,0.0,0.0,40424.24
1777950900,1777952100,long,80536.0,80862.413,80372.7935,80862.413,Target,2.0,808.48,41232.73
1777955400,1777956300,short,80765.0,80884.42199999999,80884.42199999999,80526.15600000002,SL,-1.0,-412.33,40820.4
1777959300,1777962000,long,81154.5,80809.57500000001,80809.57500000001,81844.34999999998,SL,-1.0,-408.2,40412.19
1777971600,1777972800,short,80750.0,80569.20000000001,80840.4,80569.20000000001,Target,2.0,808.24,41220.44
1777974000,1777976700,short,80580.0,80713.83675,80713.83675,80312.3265,SL,-1.0,-412.2,40808.23
1777982700,1777983900,long,80976.0,81117.4375,80834.5625,81258.875,SL,1.0,408.08,41216.32
1778006400,1778009400,long,81441.5,81553.18525,81329.81475,81664.87049999999,SL,1.0,412.16,41628.48
1778011500,1778016300,long,81599.0,81430.2645,81430.2645,81936.47099999999,SL,-1.0,-416.28,41212.19
1778025600,1778025900,short,80862.0,80980.47,80980.47,80625.06,SL,-1.0,-412.12,40800.07
1778056500,1778057400,long,81545.0,81676.727,81413.273,81808.454,SL,1.0,408.0,41208.07
1778060100,1778060700,long,81783.5,81783.5,81584.1875,82182.125,SL,0.0,0.0,41208.07
1778061600,1778066400,long,81984.5,82598.21849999999,81677.64075,82598.21849999999,Target,2.0,824.16,42032.23
1778094600,1778095200,short,81294.0,81294.0,81421.6905,81038.619,SL,0.0,0.0,42032.23
1778112000,1778113200,long,81395.0,81245.357,81245.357,81694.286,SL,-1.0,-420.32,41611.91
1778128800,1778130000,short,80862.5,80994.477,80994.477,80598.546,SL,-1.0,-416.12,41195.79
1778147100,1778149500,short,80879.0,80647.46500000001,81110.53499999999,80415.93000000002,SL,1.0,411.96,41607.75
1778169300,1778170800,short,79879.0,79879.0,80062.51125,79511.97750000001,SL,0.0,0.0,41607.75
1778175000,1778175900,short,79673.5,79891.42575,79891.42575,79237.64850000001,SL,-1.0,-416.08,41191.67
1778183400,1778184000,short,80008.0,80180.06999999999,80180.06999999999,79663.86000000002,SL,-1.0,-411.92,40779.76
1778190300,1778190900,short,79831.5,79734.0555,79928.9445,79636.611,SL,1.0,407.8,41187.55
1778195400,1778200500,long,79922.0,79922.0,79800.08,80165.84,SL,0.0,0.0,41187.55
1778209200,1778209500,short,79479.5,79329.70525,79629.29475,79179.9105,SL,1.0,411.88,41599.43
1778221800,1778222100,short,79538.5,79440.20150000001,79636.79849999999,79341.90300000002,SL,1.0,415.99,42015.42
1778223000,1778223900,short,79509.5,79321.93650000001,79603.28175,79321.93650000001,Target,2.0,840.31,42855.73
1778224200,1778225400,short,79391.0,79391.0,79524.24225,79124.51550000001,SL,0.0,0.0,42855.73
1778277600,1778278500,long,80207.0,80317.0685,80096.9315,80427.13699999999,SL,1.0,428.56,43284.29
1778279400,1778281500,long,80324.0,80206.8765,80206.8765,80558.247,SL,-1.0,-432.84,42851.45
1778283000,1778289000,short,80142.5,80253.1065,80253.1065,79921.28700000001,SL,-1.0,-428.51,42422.93
1778290500,1778292300,long,80261.5,80364.59925,80158.40075,80467.6985,SL,1.0,424.23,42847.16
1778292600,1778299500,long,80385.5,80530.64025,80240.35975,80675.7805,SL,1.0,428.47,43275.63
1778303100,1778308500,short,80326.0,80326.0,80469.2145,80039.571,SL,0.0,0.0,43275.63
1778309400,1778314500,short,80158.5,80367.1635,80367.1635,79741.17300000001,SL,-1.0,-432.76,42842.88
1778325300,1778335800,long,80266.0,80351.61025,80180.38975,80437.2205,SL,1.0,428.43,43271.31
1778347800,1778349300,long,80740.0,80740.0,80601.679,81016.64199999999,SL,0.0,0.0,43271.31
1778364300,1778372400,short,80721.5,80721.5,80820.89025,80522.7195,SL,0.0,0.0,43271.31
1778377200,1778377800,short,80566.5,80655.80774999999,80655.80774999999,80387.88450000001,SL,-1.0,-432.71,42838.59
1778391300,1778396400,short,80726.5,80726.5,80819.88975,80539.7205,SL,0.0,0.0,42838.59
1778403600,1778405700,long,80818.5,80739.61,80739.61,80976.28,SL,-1.0,-428.39,42410.21
1778407800,1778410200,short,80693.5,80842.401,80842.401,80395.698,SL,-1.0,-424.1,41986.1
1778414700,1778415600,short,80782.5,80856.90825,80856.90825,80633.68350000001,SL,-1.0,-419.86,41566.24
1778416200,1778424300,long,80893.5,80776.09175,80776.09175,81128.31649999999,SL,-1.0,-415.66,41150.58
1778427300,1778427600,long,80970.5,81059.461,80881.539,81148.42199999999,SL,1.0,411.51,41562.09
1778432100,1778435400,long,81293.0,81443.09174999999,81142.90825000001,81593.18349999998,SL,1.0,415.62,41977.71
1778447700,1778450400,short,80661.5,80952.45599999999,80952.45599999999,80079.58800000002,SL,-1.0,-419.78,41557.93
1778468100,1778468700,short,81147.5,81027.38650000001,81267.61349999999,80907.27300000002,SL,1.0,415.58,41973.51
1778472300,1778473800,short,80642.0,80767.86374999999,80767.86374999999,80390.27250000002,SL,-1.0,-419.74,41553.78
1778474700,1778478000,long,80786.0,80786.0,80632.66350000001,81092.67299999998,SL,0.0,0.0,41553.78
1778479800,1778480400,long,80829.0,80829.0,80710.12475,81066.7505,SL,0.0,0.0,41553.78
1778481000,1778481600,long,80950.0,80784.58750000001,80784.58750000001,81280.82499999998,SL,-1.0,-415.54,41138.24
1778490600,1778493900,long,80803.5,80930.3585,80676.6415,81057.217,SL,1.0,411.38,41549.62
1778506800,1778508000,short,80864.5,81175.56749999999,81175.56749999999,80242.36500000002,SL,-1.0,-415.5,41134.12
1778524200,1778526000,long,81945.0,81765.09700000001,81765.09700000001,82304.80599999998,SL,-1.0,-411.34,40722.78
1778530200,1778530800,long,82005.0,81829.56475,81829.56475,82355.87049999999,SL,-1.0,-407.23,40315.55
1778544300,1778544900,short,81695.5,81614.132,81776.868,81532.764,SL,1.0,403.16,40718.71
1778547600,1778547900,short,81514.5,81430.221,81598.779,81345.94200000001,SL,1.0,407.19,41125.9
1778571300,1778571900,short,80982.5,80834.95525,81130.04475,80687.4105,SL,1.0,411.26,41537.16
1778577600,1778578200,short,80711.5,80894.427,80894.427,80345.64600000001,SL,-1.0,-415.37,41121.78
1778601900,1778604300,short,80301.0,80139.789,80462.211,79978.57800000001,SL,1.0,411.22,41533.0
1778609700,1778613600,long,80521.0,80692.69475,80349.30525,80864.38949999999,SL,1.0,415.33,41948.33
1778620800,1778621400,short,80663.5,80585.6495,80741.3505,80507.799,SL,1.0,419.48,42367.82
1778629200,1778631600,short,80510.5,80667.81375,80667.81375,80195.8725,SL,-1.0,-423.68,41944.14
1778634600,1778634900,long,80702.0,80915.6355,80595.18225,80915.6355,Target,2.0,838.88,42783.02
1778638500,1778638800,long,81027.0,81154.96974999999,80899.03025000001,81282.93949999998,SL,1.0,427.83,43210.85
1778646900,1778649300,long,81175.5,81092.4335,81092.4335,81341.633,SL,-1.0,-432.11,42778.74
1778650800,1778657700,short,81031.0,80909.94425,81152.05575,80788.8885,SL,1.0,427.79,43206.53
1778658900,1778659200,short,80920.5,80983.97175,80983.97175,80793.5565,SL,-1.0,-432.07,42774.46
1778664900,1778667900,long,81173.0,81055.95175000001,81055.95175000001,81407.09649999999,SL,-1.0,-427.74,42346.72
1778683800,1778684400,short,79666.5,79803.38175,79803.38175,79392.7365,SL,-1.0,-423.47,41923.25
1778719200,1778722500,long,79573.5,79387.2865,79387.2865,79945.927,SL,-1.0,-419.23,41504.02
1778728800,1778733900,short,79108.5,79440.70049999999,79440.70049999999,78444.09900000002,SL,-1.0,-415.04,41088.98
1778742900,1778743800,short,79675.5,79875.41775,79875.41775,79275.66450000001,SL,-1.0,-410.89,40678.09
1778747100,1778747700,short,79720.5,79890.42525,79890.42525,79380.6495,SL,-1.0,-406.78,40271.31
1778749500,1778750700,long,79799.0,79706.12700000001,79706.12700000001,79984.74599999998,SL,-1.0,-402.71,39868.6
1778754600,1778756100,short,79587.5,79587.5,79770.36525,79221.7695,SL,0.0,0.0,39868.6
1778756700,1778757900,short,79526.5,79313.907,79632.7965,79313.907,Target,2.0,797.37,40665.97
1778758200,1778762100,short,79367.5,79551.756,79551.756,78998.98800000001,SL,-1.0,-406.66,40259.31
1778780400,1778781600,long,81531.5,81531.5,81340.80925,81912.88149999999,SL,0.0,0.0,40259.31
1778786100,1778788800,short,81515.5,81515.5,81709.33425,81127.8315,SL,0.0,0.0,40259.31
1778798700,1778799600,long,81501.0,81355.30200000001,81355.30200000001,81792.39599999998,SL,-1.0,-402.59,39856.71
1778806800,1778808600,long,81541.5,81254.85225000001,81254.85225000001,82114.79549999998,SL,-1.0,-398.57,39458.15
1778809800,1778812800,short,81220.0,80955.278,81484.722,80690.55600000001,SL,1.0,394.58,39852.73
1778820600,1778820900,short,80888.0,80731.498,81044.502,80574.99600000001,SL,1.0,398.53,40251.26
1778829000,1778829600,long,80598.0,80726.75475,80469.24525,80855.50949999999,SL,1.0,402.51,40653.77
1778831700,1778832000,long,80813.0,80656.6515,80656.6515,81125.69699999999,SL,-1.0,-406.54,40247.23
1778841600,1778841900,short,80460.0,80576.268,80576.268,80227.464,SL,-1.0,-402.47,39844.76
1778844000,1778846400,long,80633.5,80507.22625,80507.22625,80886.04749999999,SL,-1.0,-398.45,39446.31
1778849100,1778850000,short,80383.0,80193.23375,80572.76625,80003.4675,SL,1.0,394.46,39840.77
1778850900,1778852100,short,80039.0,79334.649,80391.1755,79334.649,Target,2.0,796.82,40637.59
1778855100,1778865900,short,79016.5,79359.15974999999,79359.15974999999,78331.18050000002,SL,-1.0,-406.38,40231.21
1778883900,1778884200,short,79006.5,79077.01875,79077.01875,78865.4625,SL,-1.0,-402.31,39828.9
1778895000,1778896200,short,79074.0,79074.0,79167.06375,78887.8725,SL,0.0,0.0,39828.9
1778905500,1778905800,short,79015.5,78902.95575000001,79128.04424999999,78790.41150000002,SL,1.0,398.29,40227.19
1778906100,1778911200,short,79003.5,79003.5,79093.527,78823.446,SL,0.0,0.0,40227.19
1778962500,1778963400,long,78266.0,78179.89050000001,78179.89050000001,78438.21899999998,SL,-1.0,-402.27,39824.92
1778966700,1778973300,short,78214.0,78214.0,78311.63625,78018.72750000001,SL,0.0,0.0,39824.92
1778977500,1778979300,short,78161.0,77974.785,78254.1075,77974.785,Target,2.0,796.5,40621.42
1778989200,1778994000,long,78007.0,78111.47075,77902.52925,78215.94149999999,SL,1.0,406.21,41027.63
1778999100,1779003000,short,78121.0,78121.0,78208.58475,77945.83050000001,SL,0.0,0.0,41027.63
1779011100,1779011700,long,78094.5,78174.027,78014.973,78253.554,SL,1.0,410.28,41437.91
1779019500,1779021000,short,78341.5,78424.69275,78424.69275,78175.1145,SL,-1.0,-414.38,41023.53
1779026100,1779026700,short,78202.5,78099.36675,78305.63325,77996.2335,SL,1.0,410.24,41433.76
1779035400,1779037200,long,78062.5,77961.9995,77961.9995,78263.50099999999,SL,-1.0,-414.34,41019.43
1779039900,1779040800,long,77975.0,78118.43525,77831.56475,78261.87049999999,SL,1.0,410.19,41429.62
1779046800,1779047100,long,78211.5,78352.68,78140.91,78352.68,Target,2.0,828.59,42258.21
1779067200,1779069300,short,77035.0,77035.0,77295.62849999999,76513.74300000002,SL,0.0,0.0,42258.21
1779077100,1779078000,long,76960.5,76820.07075,76820.07075,77241.3585,SL,-1.0,-422.58,41835.63
1779082200,1779082800,long,77001.0,76914.02375000001,76914.02375000001,77174.95249999998,SL,-1.0,-418.36,41417.27
1779084000,1779084600,short,76852.5,76716.02475000001,76988.97524999999,76579.54950000002,SL,1.0,414.17,41831.45
1779100800,1779101100,short,76776.0,76863.91274999999,76863.91274999999,76600.17450000002,SL,-1.0,-418.31,41413.13
1779104700,1779108300,long,77134.0,77754.862,76823.569,77754.862,Target,2.0,828.26,42241.4
1779113100,1779113700,short,76858.5,76562.44200000001,77154.55799999999,76266.38400000002,SL,1.0,422.41,42663.81
1779114900,1779116400,short,76600.0,76363.60100000001,76836.39899999999,76127.20200000002,SL,1.0,426.64,43090.45
1779129900,1779130800,short,76258.5,76431.69675,76431.69675,75912.1065,SL,-1.0,-430.9,42659.54
1779141600,1779144600,long,77046.5,76902.02975,76902.02975,77335.4405,SL,-1.0,-426.6,42232.95
1779146100,1779149700,short,77024.5,77173.06725,77173.06725,76727.36550000001,SL,-1.0,-422.33,41810.62
1779155100,1779156000,short,76760.5,76574.546,76946.454,76388.592,SL,1.0,418.11,42228.72
1779160500,1779163800,long,76676.0,76913.5955,76557.20225,76913.5955,Target,2.0,844.57,43073.3
1779167700,1779168000,short,76829.0,76706.5435,76951.4565,76584.087,SL,1.0,430.73,43504.03
1779168300,1779168900,short,76720.5,76866.41399999999,76866.41399999999,76428.67200000002,SL,-1.0,-435.04,43068.99
1779171300,1779174300,long,76965.0,76965.0,76847.557,77199.886,SL,0.0,0.0,43068.99
1779175200,1779179100,long,77110.0,76956.5025,76956.5025,77416.995,SL,-1.0,-430.69,42638.3
1779192900,1779195900,long,76747.0,76747.0,76571.695,77097.60999999999,SL,0.0,0.0,42638.3
1779200100,1779201900,short,76670.5,76320.00875000001,77020.99124999999,75969.51750000002,SL,1.0,426.38,43064.68
1779217200,1779217500,short,76794.0,76895.4285,76895.4285,76591.14300000001,SL,-1.0,-430.65,42634.04
1779220200,1779221400,short,76815.5,76910.436,76910.436,76625.628,SL,-1.0,-426.34,42207.7
1779259800,1779261600,long,77281.5,77376.11275,77186.88725,77470.7255,SL,1.0,422.08,42629.77
1779276300,1779278400,short,77424.5,77424.5,77536.749,77200.00200000001,SL,0.0,0.0,42629.77
1779288600,1779289200,long,77372.0,77372.0,77222.3695,77671.261,SL,0.0,0.0,42629.77
1779300900,1779301500,long,77572.5,77411.77475000001,77411.77475000001,77893.95049999998,SL,-1.0,-426.3,42203.48
1779308100,1779308400,long,77672.5,77501.23000000001,77501.23000000001,78015.03999999998,SL,-1.0,-422.03,41781.44
1779311700,1779312000,long,77707.0,77561.2,77561.2,77998.6,SL,-1.0,-417.81,41363.63
1779314400,1779314700,short,77541.5,77333.8935,77645.30325,77333.8935,Target,2.0,827.27,42190.9
1779335400,1779336000,long,77981.0,78050.47524999999,77911.52475000001,78119.95049999998,SL,1.0,421.91,42612.81
1779363300,1779366600,short,77242.5,77242.5,77379.6705,76968.15900000001,SL,0.0,0.0,42612.81
1779373200,1779376800,short,77008.5,77233.09724999999,77233.09724999999,76559.30550000002,SL,-1.0,-426.13,42186.68
1779378300,1779378600,long,77139.0,77139.0,76987.48700000001,77442.02599999998,SL,0.0,0.0,42186.68
1779388500,1779389100,short,77698.5,77698.5,77892.42675,77310.6465,SL,0.0,0.0,42186.68
1779397500,1779401700,long,77757.5,77575.193,77575.193,78122.114,SL,-1.0,-421.87,41764.81
1779403200,1779410400,short,77582.0,77440.65775,77723.34225,77299.3155,SL,1.0,417.65,42182.46
1779410700,1779414300,short,77420.5,77556.25875,77556.25875,77148.98250000001,SL,-1.0,-421.82,41760.64
1779417900,1779423300,long,77667.0,77793.28975,77540.71025,77919.57949999999,SL,1.0,417.61,42178.24
1779427500,1779428400,short,77637.5,77543.1535,77731.8465,77448.807,SL,1.0,421.78,42600.03
1779429600,1779429900,short,77578.5,77482.182,77674.818,77385.864,SL,1.0,426.0,43026.03
1779433200,1779434100,short,77396.0,77396.0,77514.738,77158.524,SL,0.0,0.0,43026.03
1779442500,1779443400,short,77235.5,77323.6425,77323.6425,77059.215,SL,-1.0,-430.26,42595.77
1779448800,1779450300,short,77255.0,77342.15174999999,77342.15174999999,77080.69650000002,SL,-1.0,-425.96,42169.81
1779453900,1779456300,long,77433.0,77333.81375,77333.81375,77631.3725,SL,-1.0,-421.7,41748.11
1779468600,1779470400,long,76914.5,76791.08525,76791.08525,77161.32949999999,SL,-1.0,-417.48,41330.63
1779474900,1779475200,short,76768.5,76636.06875,76900.93125,76503.63750000001,SL,1.0,413.31,41743.94
1779481200,1779483000,short,75880.5,76022.9925,76022.9925,75595.51500000001,SL,-1.0,-417.44,41326.5
1779484500,1779487200,long,75994.5,75869.54625,75869.54625,76244.4075,SL,-1.0,-413.26,40913.23
1779503700,1779507000,long,75489.5,75571.72249999999,75407.27750000001,75653.94499999998,SL,1.0,409.13,41322.36
1779515700,1779519600,short,75450.0,75371.75475000001,75528.24524999999,75293.50950000001,SL,1.0,413.22,41735.59
1779525300,1779525900,short,74570.5,74570.5,74757.36,74196.78,SL,0.0,0.0,41735.59
1779540000,1779541200,short,74710.5,74767.36499999999,74767.36499999999,74596.77000000002,SL,-1.0,-417.36,41318.23
1779544200,1779544500,long,74934.0,75188.84399999998,74806.57800000001,75188.84399999998,Target,2.0,826.36,42144.6
1779546000,1779548100,long,75218.5,75408.533,75028.467,75598.56599999999,SL,1.0,421.45,42566.04
1779558000,1779558600,short,75427.0,75427.0,75517.23975,75246.52050000001,SL,0.0,0.0,42566.04
1779587700,1779589200,long,76850.0,76725.618,76725.618,77098.764,SL,-1.0,-425.66,42140.38
1779597000,1779601500,short,76750.5,76669.10325,76831.89675,76587.7065,SL,1.0,421.4,42561.79
1779605400,1779608700,long,76782.5,76782.5,76668.6465,77010.207,SL,0.0,0.0,42561.79
1779615600,1779618300,long,76948.0,77075.92925,76820.07075,77203.8585,SL,1.0,425.62,42987.4
1779627300,1779628200,short,77065.0,76994.95175000001,77135.04824999999,76924.90350000001,SL,1.0,429.87,43417.28
1779628500,1779629100,short,77046.5,76963.4545,77129.5455,76880.40900000001,SL,1.0,434.17,43851.45
1779629400,1779629700,short,77020.5,76906.95225,77134.04775,76793.4045,SL,1.0,438.51,44289.97
1779641400,1779645000,long,76521.5,76681.2,76361.8,76840.9,SL,1.0,442.9,44732.86
1779651600,1779657900,long,76671.5,76568.6965,76568.6965,76877.10699999999,SL,-1.0,-447.33,44285.54
1779664500,1779665700,long,76921.0,76921.0,76739.11125,77284.7775,SL,0.0,0.0,44285.54
1779669900,1779670800,long,77237.0,77063.44900000001,77063.44900000001,77584.10199999998,SL,-1.0,-442.86,43842.68
1779674400,1779674700,short,77016.0,77148.555,77148.555,76750.89000000001,SL,-1.0,-438.43,43404.25
1779701400,1779706200,long,77473.0,77473.0,77344.80825,77729.3835,SL,0.0,0.0,43404.25
1779707700,1779718500,short,77376.0,77540.25074999999,77540.25074999999,77047.49850000002,SL,-1.0,-434.04,42970.21
1779725700,1779727200,short,77533.5,77648.30475,77648.30475,77303.89050000001,SL,-1.0,-429.7,42540.51
1779738000,1779747000,short,77390.5,77390.5,77531.7465,77108.00700000001,SL,0.0,0.0,42540.51
1779753600,1779753900,long,77306.5,77208.3765,77208.3765,77502.747,SL,-1.0,-425.41,42115.1
1779759000,1779759900,short,76769.5,76650.575,76888.425,76531.65,SL,1.0,421.15,42536.26
1779765000,1779766200,short,76570.5,76570.5,76670.31599999999,76370.86800000002,SL,0.0,0.0,42536.26
1779783000,1779789600,long,76730.0,76604.17875,76604.17875,76981.64249999999,SL,-1.0,-425.36,42110.89
1779796800,1779797100,short,77206.5,77119.87275000001,77293.12724999999,77033.24550000002,SL,1.0,421.11,42532.0
1779797400,1779798000,short,77150.5,77025.3815,77275.6185,76900.263,SL,1.0,425.32,42957.32
1779815100,1779815700,long,76536.0,76418.27175,76418.27175,76771.4565,SL,-1.0,-429.57,42527.75
1779832500,1779833100,short,75950.5,75837.9875,76063.0125,75725.475,SL,1.0,425.28,42953.03
1779866700,1779869100,long,75795.0,75906.36074999999,75683.63925000001,76017.72149999999,SL,1.0,429.53,43382.56
1779879900,1779881400,long,75913.5,75826.068,75826.068,76088.364,SL,-1.0,-433.83,42948.73
1779892200,1779894900,short,74859.0,75198.08025,75198.08025,74180.8395,SL,-1.0,-429.49,42519.24
1779910200,1779912900,long,75067.5,75373.45199999999,74914.524,75373.45199999999,Target,2.0,850.38,43369.63
1779915000,1779915900,long,75228.0,75161.90025,75161.90025,75360.19949999999,SL,-1.0,-433.7,42935.93
1779917100,1779917400,short,75125.5,75009.89825,75241.10175,74894.2965,SL,1.0,429.36,43365.29
1779917700,1779918000,short,75073.0,74830.84350000002,75194.07824999999,74830.84350000002,Target,2.0,867.31,44232.6
1779930000,1779930900,long,74524.5,74389.7865,74389.7865,74793.927,SL,-1.0,-442.33,43790.27
1779932400,1779938100,short,74171.5,73855.27475,74487.72525,73539.0495,SL,1.0,437.9,44228.17
1779947100,1779950700,short,72894.5,73089.52649999999,73089.52649999999,72504.44700000001,SL,-1.0,-442.28,43785.89
1779959700,1779960900,short,73303.5,73410.68699999999,73410.68699999999,73089.12600000002,SL,-1.0,-437.86,43348.03
1779961200,1779961500,long,73389.5,73478.6685,73300.3315,73567.837,SL,1.0,433.48,43781.51
1779967800,1779969000,short,73377.0,73481.72249999999,73481.72249999999,73167.55500000002,SL,-1.0,-437.82,43343.7
1779974100,1779974700,short,73331.0,73149.76225,73512.23775,72968.5245,SL,1.0,433.44,43777.14
1779977100,1779977400,short,72850.5,72850.5,73107.03525,72337.4295,SL,0.0,0.0,43777.14
1779984000,1779984600,short,72869.5,73083.02325,73083.02325,72442.4535,SL,-1.0,-437.77,43339.36
1780012800,1780013400,long,73581.0,73691.75349999999,73470.24650000001,73802.50699999998,SL,1.0,433.39,43772.76
1780025400,1780027500,short,73362.0,73257.285,73466.715,73152.57,SL,1.0,437.73,44210.49
1780034400,1780036500,long,73671.0,73671.0,73443.26000000001,74126.47999999998,SL,0.0,0.0,44210.49
1780037400,1780039800,long,73688.5,73688.5,73600.68125000001,73864.13749999998,SL,0.0,0.0,44210.49
1780046100,1780047900,long,73732.5,73732.5,73601.68075,73994.1385,SL,0.0,0.0,44210.49
1780059900,1780061100,short,73223.0,73055.82325,73390.17675,72888.6465,SL,1.0,442.1,44652.59
1780065900,1780066200,short,72673.0,72903.93375,72903.93375,72211.1325,SL,-1.0,-446.53,44206.06
1780070700,1780071600,long,73863.0,73642.1605,73642.1605,74304.679,SL,-1.0,-442.06,43764.0
1780106400,1780110000,long,73611.0,73704.777,73517.223,73798.554,SL,1.0,437.64,44201.64
1780117200,1780117500,short,73322.0,73403.6835,73403.6835,73158.633,SL,-1.0,-442.02,43759.63
1780122300,1780122600,long,73537.5,73597.757,73477.243,73658.014,SL,1.0,437.6,44197.22
1780122900,1780126500,long,73603.5,73499.73175,73499.73175,73811.03649999999,SL,-1.0,-441.97,43755.25
1780126800,1780128300,short,73524.5,73524.5,73591.7775,73389.945,SL,0.0,0.0,43755.25
1780137900,1780139700,long,73625.0,73556.2035,73556.2035,73762.593,SL,-1.0,-437.55,43317.7
1780140000,1780143900,short,73585.0,73650.807,73650.807,73453.386,SL,-1.0,-433.18,42884.52
1780146000,1780147200,long,73665.5,73741.31324999999,73589.68675000001,73817.12649999998,SL,1.0,428.85,43313.37
1780147500,1780148100,long,73745.5,73647.15800000001,73647.15800000001,73942.18399999998,SL,-1.0,-433.13,42880.23
1780160700,1780161000,long,73907.5,73863.05,73863.05,73996.4,SL,-1.0,-428.8,42451.43
1780168800,1780171200,long,74020.5,73936.51325,73936.51325,74188.4735,SL,-1.0,-424.51,42026.92
1780179900,1780181700,short,73863.0,73863.0,73942.953,73703.09400000001,SL,0.0,0.0,42026.92
1780189200,1780190700,long,74004.5,74139.45324999999,73869.54675000001,74274.40649999998,SL,1.0,420.27,42447.19
1780194900,1780197600,short,73932.5,74159.061,74159.061,73479.378,SL,-1.0,-424.47,42022.71
1780199400,1780206000,long,74145.5,74067.94750000001,74067.94750000001,74300.60499999998,SL,-1.0,-420.23,41602.49
1780211100,1780212000,short,74025.5,73892.445,74092.0275,73892.445,Target,2.0,832.05,42434.54
1780218000,1780221000,long,73881.5,73881.5,73786.0885,74072.323,SL,0.0,0.0,42434.54
1780247400,1780248600,short,73468.5,73577.7705,73577.7705,73249.959,SL,-1.0,-424.35,42010.19
1780253100,1780257600,short,73602.0,73602.0,73724.34375,73357.3125,SL,0.0,0.0,42010.19
1780265700,1780270200,long,73953.5,73615.67375,73615.67375,74629.1525,SL,-1.0,-420.1,41590.09
1780276200,1780278600,short,73704.5,73474.55125,73934.44875,73244.60250000001,SL,1.0,415.9,42005.99
1780291500,1780292700,short,73432.5,73432.5,73540.752,73215.99600000001,SL,0.0,0.0,42005.99
1780297200,1780298400,short,73096.0,73096.0,73228.59599999999,72830.80800000002,SL,0.0,0.0,42005.99
1780312200,1780314900,short,72682.5,72579.12525,72785.87475,72475.7505,SL,1.0,420.06,42426.05
1780326300,1780326900,long,71604.5,71361.3015,71361.3015,72090.897,SL,-1.0,-424.26,42001.79
1780329000,1780330200,short,71247.5,70705.01700000002,71518.74149999999,70705.01700000002,Target,2.0,840.04,42841.83
1780336500,1780337400,long,71735.5,71502.73075,71502.73075,72201.0385,SL,-1.0,-428.42,42413.41
1780339500,1780347900,short,71498.0,71295.16750000001,71700.83249999999,71092.33500000002,SL,1.0,424.13,42837.54
1780354200,1780356600,long,71207.5,71207.5,71020.97175,71580.5565,SL,0.0,0.0,42837.54
1780357200,1780357500,long,71312.5,71455.10274999999,71169.89725000001,71597.70549999998,SL,1.0,428.38,43265.92
1780385400,1780385700,short,70007.0,70200.58275,70200.58275,69619.8345,SL,-1.0,-432.66,42833.26
1780399800,1780401000,short,69397.0,69584.27475,69584.27475,69022.4505,SL,-1.0,-428.33,42404.92
1780401900,1780403700,short,69436.5,69116.93850000002,69596.28074999999,69116.93850000002,Target,2.0,848.1,43253.02
1780404900,1780405200,short,69095.0,69095.0,69271.6185,68741.763,SL,0.0,0.0,43253.02
1780406100,1780409100,short,68908.0,68615.417,69200.583,68322.834,SL,1.0,432.53,43685.55
1780415700,1780416300,short,67130.5,67513.73999999999,67513.73999999999,66364.02000000002,SL,-1.0,-436.86,43248.7
1780428300,1780428600,short,67150.0,66915.82475,67384.17525,66681.6495,SL,1.0,432.49,43681.18
1780435500,1780437600,long,67674.0,67408.77875,67408.77875,68204.4425,SL,-1.0,-436.81,43244.37
1780440000,1780440600,short,67028.5,66726.85175,67330.14825,66425.2035,SL,1.0,432.44,43676.82
1780442700,1780443900,short,66492.0,66786.87675,66786.87675,65902.24650000001,SL,-1.0,-436.77,43240.05
1780447200,1780450500,long,67036.5,66653.15675000001,66653.15675000001,67803.18649999998,SL,-1.0,-432.4,42807.65
1780451100,1780451400,short,66608.0,66933.45,66933.45,65957.1,SL,-1.0,-428.08,42379.57
1780453200,1780454100,short,66768.5,66768.5,66939.95324999999,66425.59350000002,SL,0.0,0.0,42379.57
1780465500,1780469400,long,67080.0,67080.0,66710.628,67818.744,SL,0.0,0.0,42379.57
1780478100,1780479900,short,66938.0,66771.4645,67104.5355,66604.929,SL,1.0,423.8,42803.37
1780491000,1780494000,long,67117.5,66776.595,66776.595,67799.31,SL,-1.0,-428.03,42375.33
1780495500,1780500300,short,66741.5,66417.484,67065.516,66093.468,SL,1.0,423.75,42799.09
1780516500,1780516800,short,65723.0,65440.1685,65864.41575,65440.1685,Target,2.0,855.98,43655.07
1780537800,1780538400,short,62726.5,61809.346500000014,63185.07674999999,61809.346500000014,Target,2.0,873.1,44528.17
1780560900,1780565400,short,63422.5,62930.558750000004,63914.441249999996,62438.61750000001,SL,1.0,445.28,44973.45
1780571700,1780572600,short,62277.5,62687.82825,62687.82825,61456.8435,SL,-1.0,-449.73,44523.72
1780581600,1780582200,long,63944.5,64281.319749999995,63607.680250000005,64618.13949999999,SL,1.0,445.24,44968.95
1780589400,1780593600,short,63666.0,63317.50875,64014.49125,62969.0175,SL,1.0,449.69,45418.64
1780593900,1780595400,short,63215.5,63604.786499999995,63604.786499999995,62436.92700000001,SL,-1.0,-454.19,44964.46
1780596600,1780597200,short,63313.5,63591.279749999994,63591.279749999994,62757.94050000001,SL,-1.0,-449.64,44514.81
1780600800,1780602900,long,63874.5,63568.200000000004,63568.200000000004,64487.09999999999,SL,-1.0,-445.15,44069.66
1780615800,1780618500,long,63597.5,63597.5,63326.820750000006,64138.85849999999,SL,0.0,0.0,44069.66
1780635600,1780638000,long,63306.0,62921.5235,62921.5235,64074.952999999994,SL,-1.0,-440.7,43628.97
1780648200,1780648500,long,62789.5,62519.22475,62519.22475,63330.0505,SL,-1.0,-436.29,43192.68
1780657500,1780658100,short,62426.0,62426.0,62624.2965,62029.40700000001,SL,0.0,0.0,43192.68
1780659000,1780660800,short,62306.0,61951.18525,62660.81475,61596.370500000005,SL,1.0,431.93,43624.61
1780671300,1780673700,short,60767.5,60393.94475,61141.05525,60020.389500000005,SL,1.0,436.25,44060.85
1780675200,1780675800,short,60183.0,60648.80925,60648.80925,59251.3815,SL,-1.0,-440.61,43620.24
1780677900,1780679400,long,61045.0,61045.0,60645.16225,61844.6755,SL,0.0,0.0,43620.24
1780681800,1780684500,short,60721.0,60276.93275,61165.06725,59832.8655,SL,1.0,436.2,44056.45
1780690800,1780719900,long,60957.0,59879.0455,59879.0455,63112.909,SL,-1.0,-440.56,43615.88
1780722300,1780723200,short,59734.0,60315.142499999994,60315.142499999994,58571.71500000001,SL,-1.0,-436.16,43179.72
1780731600,1780734300,long,60999.0,61178.92475,60819.07525,61358.8495,SL,1.0,431.8,43611.52
1780738800,1780740000,short,61125.5,60915.3475,61335.6525,60705.19500000001,SL,1.0,436.12,44047.63
1780771500,1780772700,short,60508.5,60710.34,60710.34,60104.82000000001,SL,-1.0,-440.48,43607.16
1780775400,1780780200,long,60606.5,60735.25399999999,60477.74600000001,60864.00799999999,SL,1.0,436.07,44043.23
1780792200,1780793100,long,60869.0,60750.609500000006,60750.609500000006,61105.78099999999,SL,-1.0,-440.43,43602.8
1780804500,1780805400,long,61646.5,61494.737250000006,61494.737250000006,61950.02549999999,SL,-1.0,-436.03,43166.77
1780819200,1780820700,long,62292.0,62432.59125,62151.40875,62573.182499999995,SL,1.0,431.67,43598.44
1780866900,1780869000,long,61905.5,61644.66225,61644.66225,62427.1755,SL,-1.0,-435.98,43162.45
1780887900,1780888200,short,63032.0,63153.560999999994,63153.560999999994,62788.87800000001,SL,-1.0,-431.62,42730.83
1780892700,1780893600,short,62887.5,62718.98775,63056.01225,62550.4755,SL,1.0,427.31,43158.14
1780895100,1780897800,short,62651.5,62651.5,62837.903249999996,62278.69350000001,SL,0.0,0.0,43158.14
1780902000,1780902300,long,62994.5,62874.547000000006,62874.547000000006,63234.40599999999,SL,-1.0,-431.58,42726.56
1780912200,1780914300,long,63391.0,63105.431500000006,63105.431500000006,63962.13699999999,SL,-1.0,-427.27,42299.29
1780915500,1780917000,short,63105.0,63434.20125,63434.20125,62446.5975,SL,-1.0,-422.99,41876.3
1780928100,1780932600,long,63844.5,63844.5,63506.73075,64520.038499999995,SL,0.0,0.0,41876.3
1780946100,1780947000,short,63395.5,63556.26225,63556.26225,63073.9755,SL,-1.0,-418.76,41457.53
1780964100,1780964700,short,62994.0,62824.434,63163.566,62654.868,SL,1.0,414.58,41872.11
1780977300,1780978800,long,62822.0,62822.0,62710.129250000005,63045.74149999999,SL,0.0,0.0,41872.11
1780980000,1780995900,long,63172.5,62705.6315,62705.6315,64106.236999999994,SL,-1.0,-418.72,41453.39
1780997400,1780997700,short,62826.5,62703.541000000005,62949.458999999995,62580.58200000001,SL,1.0,414.53,41867.92
1781010900,1781011800,short,62556.0,62355.13725000001,62756.86274999999,62154.274500000014,SL,1.0,418.68,42286.6
1781013600,1781014500,short,62259.0,61967.7405,62550.2595,61676.481,SL,1.0,422.87,42709.47
1781018700,1781020200,short,61503.0,61286.1555,61719.8445,61069.311,SL,1.0,427.09,43136.56
1781036100,1781040000,long,62106.5,61894.037500000006,61894.037500000006,62531.42499999999,SL,-1.0,-431.37,42705.2
1781048100,1781049600,short,61653.0,61821.8955,61821.8955,61315.209,SL,-1.0,-427.05,42278.14
1781057400,1781057700,short,61674.0,61504.0935,61843.9065,61334.187000000005,SL,1.0,422.78,42700.93
1781059500,1781061900,short,61268.0,61559.7645,61559.7645,60684.471000000005,SL,-1.0,-427.01,42273.92
1781063100,1781065800,long,61546.5,61380.794250000006,61380.794250000006,61877.91149999999,SL,-1.0,-422.74,41851.18
1781075700,1781076600,long,61553.5,61553.5,61375.79675,61908.9065,SL,0.0,0.0,41851.18
1781080200,1781081400,short,61486.5,61299.67875000001,61673.32124999999,61112.85750000001,SL,1.0,418.51,42269.69
1781083200,1781083800,short,61027.0,61255.11225,61255.11225,60570.7755,SL,-1.0,-422.7,41846.99
1781090700,1781094600,short,61012.5,61254.11175,61254.11175,60529.27650000001,SL,-1.0,-418.47,41428.52
1781101200,1781103600,short,61971.0,62243.106,62243.106,61426.788,SL,-1.0,-414.29,41014.24
1781105100,1781106600,long,62098.0,62406.41024999999,61789.58975000001,62714.82049999999,SL,1.0,410.14,41424.38
1781110200,1781112300,short,62195.0,62021.8315,62368.1685,61848.663,SL,1.0,414.24,41838.62
1781119200,1781119800,short,61710.0,61933.45125,61933.45125,61263.0975,SL,-1.0,-418.39,41420.24
1781127900,1781128200,short,61548.0,61360.647750000004,61735.352249999996,61173.29550000001,SL,1.0,414.2,41834.44
1781128500,1781131200,short,61432.0,61432.0,61698.833999999995,60898.33200000001,SL,0.0,0.0,41834.44
1781136300,1781136900,long,61566.0,61709.7265,61422.2735,61853.452999999994,SL,1.0,418.34,42252.78
1781147400,1781148600,short,62073.0,62238.603749999995,62238.603749999995,61741.79250000001,SL,-1.0,-422.53,41830.26
1781178600,1781179200,long,63182.5,63031.968250000005,63031.968250000005,63483.56349999999,SL,-1.0,-418.3,41411.95
1781180700,1781181000,short,62990.5,62768.909750000006,63212.090249999994,62547.31950000001,SL,1.0,414.12,41826.07
1781185800,1781190000,long,62947.0,62660.654,62660.654,63519.691999999995,SL,-1.0,-418.26,41407.81
1781191200,1781197200,short,62669.5,62471.582,62867.418,62273.664000000004,SL,1.0,414.08,41821.89
1781226900,1781230200,short,63450.0,63652.8105,63652.8105,63044.379,SL,-1.0,-418.22,41403.67
1781244900,1781245200,short,63288.0,63150.803250000004,63425.196749999996,63013.60650000001,SL,1.0,414.04,41817.71
1781263500,1781264100,long,63826.5,63685.64125,63685.64125,64108.2175,SL,-1.0,-418.18,41399.53
1781269200,1781271000,short,63400.0,63400.0,63551.759999999995,63096.48000000001,SL,0.0,0.0,41399.53
1781271900,1781272800,short,63195.0,63458.21324999999,63458.21324999999,62668.57350000001,SL,-1.0,-414.0,40985.54
1781276400,1781297100,long,63931.0,63462.75275000001,63462.75275000001,64867.494499999986,SL,-1.0,-409.86,40575.68
1781314500,1781314800,long,63635.0,63709.29625,63560.70375,63783.5925,SL,1.0,405.76,40981.44
1781320800,1781321100,short,63632.0,63543.1555,63720.8445,63454.311,SL,1.0,409.81,41391.25
1781323500,1781324400,short,63498.0,63563.765999999996,63563.765999999996,63366.46800000001,SL,-1.0,-413.91,40977.34
1781328900,1781331600,short,63514.0,63602.7855,63602.7855,63336.429000000004,SL,-1.0,-409.77,40567.57
1781331900,1781334000,long,63582.5,63674.761,63490.239,63767.022,SL,1.0,405.68,40973.24
1781334900,1781336700,long,63693.5,63858.143,63611.1785,63858.143,Target,2.0,819.46,41792.71
1781338500,1781339700,long,63806.0,63806.0,63717.1255,63983.748999999996,SL,0.0,0.0,41792.71
1781342700,1781344200,long,63814.5,63754.107,63754.107,63935.28599999999,SL,-1.0,-417.93,41374.78
1781349300,1781354700,long,63899.0,64002.913499999995,63795.086500000005,64106.82699999999,SL,1.0,413.75,41788.53
1781357400,1781358300,long,64180.5,64052.957500000004,64052.957500000004,64435.58499999999,SL,-1.0,-417.89,41370.64
1781364900,1781365500,long,64305.0,64165.40125,64165.40125,64584.197499999995,SL,-1.0,-413.71,40956.93
1781370600,1781371800,short,63929.0,64068.018,64068.018,63650.96400000001,SL,-1.0,-409.57,40547.37
1781389200,1781391300,long,64419.5,64419.5,64322.8225,64612.854999999996,SL,0.0,0.0,40547.37
1781399700,1781405100,long,64596.5,64463.252250000005,64463.252250000005,64862.99549999999,SL,-1.0,-405.47,40141.89
1781423400,1781424300,long,64311.0,64386.63374999999,64235.36625000001,64462.26749999999,SL,1.0,401.42,40543.31
1781432700,1781435100,long,64542.5,64432.267750000006,64432.267750000006,64762.96449999999,SL,-1.0,-405.43,40137.88
1781446500,1781447100,short,64269.0,64185.33975000001,64352.66024999999,64101.67950000001,SL,1.0,401.38,40539.26
1781447700,1781448000,short,64121.5,63960.875,64282.125,63800.25,SL,1.0,405.39,40944.65
1781451000,1781454000,short,63980.0,64132.049999999996,64132.049999999996,63675.90000000001,SL,-1.0,-409.45,40535.2
1781459400,1781469300,short,63736.5,63983.47575,63983.47575,63242.548500000004,SL,-1.0,-405.35,40129.85
1781472600,1781529300,long,64946.5,66740.58149999999,64049.45925000001,66740.58149999999,Target,2.0,802.6,40932.45
1781537400,1781538300,long,66697.5,67052.05349999998,66520.22325000001,67052.05349999998,Target,2.0,818.65,41751.1
1781542800,1781543100,short,67059.0,66897.90675000001,67220.09324999999,66736.81350000002,SL,1.0,417.51,42168.61
1781543400,1781550900,short,66809.0,66809.0,67162.5645,66101.87100000001,SL,0.0,0.0,42168.61
1781564400,1781568300,short,66173.0,66341.65424999999,66341.65424999999,65835.69150000002,SL,-1.0,-421.69,41746.92
1781587500,1781591700,long,66052.0,66347.937,65904.0315,66347.937,Target,2.0,834.94,42581.86
1781622000,1781622300,short,65606.5,65791.8795,65791.8795,65235.74100000001,SL,-1.0,-425.82,42156.04
1781626800,1781631900,short,65745.0,65893.9305,65893.9305,65447.138999999996,SL,-1.0,-421.56,41734.48
1781639700,1781640900,short,65618.0,65746.857,65746.857,65360.28599999999,SL,-1.0,-417.34,41317.14
1781652300,1781655000,short,65653.0,65770.36875,65770.36875,65418.26250000001,SL,-1.0,-413.17,40903.96
1781658300,1781658900,long,65804.5,65641.66275,65641.66275,66130.1745,SL,-1.0,-409.04,40494.93
1781659200,1781659500,short,65730.0,65510.193,65839.9035,65510.193,Target,2.0,809.9,41304.82
1781667900,1781670600,short,65749.0,65889.9285,65889.9285,65467.14300000001,SL,-1.0,-413.05,40891.78
1781675700,1781677500,short,65827.5,65716.047,65938.953,65604.59400000001,SL,1.0,408.92,41300.69
1781681100,1781682600,short,65587.5,65321.8125,65720.34375,65321.8125,Target,2.0,826.01,42126.71
1781685300,1781685600,short,65297.0,65082.628500000006,65404.18575,65082.628500000006,Target,2.0,842.53,42969.24
1781693100,1781694000,short,64878.0,64806.54150000001,64949.45849999999,64735.08300000001,SL,1.0,429.69,43398.93
1781694600,1781700000,short,64678.5,64864.916249999995,64864.916249999995,64305.66750000001,SL,-1.0,-433.99,42964.94
1781703000,1781703300,short,64861.0,65053.01025,65053.01025,64476.9795,SL,-1.0,-429.65,42535.29
1781708700,1781709300,short,65036.0,65300.13374999999,65300.13374999999,64507.73250000001,SL,-1.0,-425.35,42109.94
1781715900,1781718600,long,65932.0,65932.0,65776.59525,66242.8095,SL,0.0,0.0,42109.94
1781739900,1781740800,long,64441.5,64529.692749999995,64353.307250000005,64617.88549999999,SL,1.0,421.1,42531.04
1781759100,1781760900,short,63856.0,63984.9765,63984.9765,63598.047000000006,SL,-1.0,-425.31,42105.73
1781762400,1781762700,long,63906.5,63989.427749999995,63823.572250000005,64072.35549999999,SL,1.0,421.06,42526.79
1781763600,1781766900,long,63938.0,64163.85699999999,63825.071500000005,64163.85699999999,Target,2.0,850.54,43377.32
1781775000,1781776800,short,64366.5,64122.043500000014,64488.72824999999,64122.043500000014,Target,2.0,867.55,44244.87
1781781900,1781785200,short,63951.0,64066.51725,64066.51725,63719.965500000006,SL,-1.0,-442.45,43802.42
1781791800,1781792400,short,63842.0,64170.068999999996,64170.068999999996,63185.86200000001,SL,-1.0,-438.02,43364.4
1781794500,1781795700,short,63833.0,63574.470250000006,64091.529749999994,63315.94050000001,SL,1.0,433.64,43798.04
1781817000,1781817300,short,63060.0,62992.95225,63127.04775,62925.904500000004,SL,1.0,437.98,44236.02
1781821800,1781826600,short,62748.0,62937.95325,62937.95325,62368.0935,SL,-1.0,-442.36,43793.66
1781826900,1781830200,long,62894.0,62988.415499999996,62799.584500000004,63082.83099999999,SL,1.0,437.94,44231.6
1781840400,1781842200,short,62714.0,62847.90824999999,62847.90824999999,62446.183500000014,SL,-1.0,-442.32,43789.28
1781846400,1781847900,short,62566.5,62676.322499999995,62676.322499999995,62346.85500000001,SL,-1.0,-437.89,43351.39
1781848200,1781848800,long,62629.5,62719.78524999999,62539.21475000001,62810.07049999999,SL,1.0,433.51,43784.9
1781850600,1781852700,long,62802.0,62802.0,62702.133250000006,63001.73349999999,SL,0.0,0.0,43784.9
1781854800,1781860200,short,62639.5,62441.096750000004,62837.903249999996,62242.69350000001,SL,1.0,437.85,44222.75
1781868000,1781872500,long,62550.5,62394.28725,62394.28725,62862.9255,SL,-1.0,-442.23,43780.52
1781875800,1781876400,long,62786.0,62967.318,62604.682,63148.636,SL,1.0,437.81,44218.33
1781876700,1781879700,long,62940.0,63340.77099999999,62739.6145,63340.77099999999,Target,2.0,884.37,45102.7
1781890200,1781891100,short,62937.5,63110.5395,63110.5395,62591.421,SL,-1.0,-451.03,44651.67
1781897100,1781898600,short,62980.0,63074.02125,63074.02125,62791.957500000004,SL,-1.0,-446.52,44205.15
1781901300,1781901900,long,63063.0,63147.505,62978.495,63232.009999999995,SL,1.0,442.05,44647.2
1781911200,1781911800,long,63269.5,63314.628,63224.372,63359.755999999994,SL,1.0,446.47,45093.68
1781921400,1781921700,short,63495.5,63409.225000000006,63581.774999999994,63322.95000000001,SL,1.0,450.94,45544.61
1781936100,1781936400,short,63624.0,63720.8445,63720.8445,63430.311,SL,-1.0,-455.45,45089.17
1781937600,1781938800,long,63690.5,63614.177,63614.177,63843.14599999999,SL,-1.0,-450.89,44638.28
1781958900,1781959800,short,63676.0,63579.62975,63772.37025,63483.2595,SL,1.0,446.38,45084.66
1781961300,1781961600,short,63591.0,63516.68325,63665.31675,63442.366500000004,SL,1.0,450.85,45535.5
1781961900,1781964300,short,63519.0,63295.40100000001,63630.799499999994,63295.40100000001,Target,2.0,910.71,46446.21
1781973300,1781976900,short,63959.5,63803.45825,64115.54175,63647.41650000001,SL,1.0,464.46,46910.68
1781984700,1781989800,long,63879.0,63975.907,63782.093,64072.814,SL,1.0,469.11,47379.78
1781993700,1781994000,long,64016.5,64112.975999999995,63920.024000000005,64209.45199999999,SL,1.0,473.8,47853.58
1781994300,1782012000,long,64146.0,64343.490249999995,63948.509750000005,64540.98049999999,SL,1.0,478.54,48332.12
1782028800,1782030600,short,64173.5,64015.279500000004,64252.61025,64015.279500000004,Target,2.0,966.64,49298.76
1782033300,1782033900,short,63939.0,64036.50225,64036.50225,63743.995500000005,SL,-1.0,-492.99,48805.77
1782059700,1782060600,short,64155.5,64155.5,64270.619249999996,63925.26150000001,SL,0.0,0.0,48805.77
1782064800,1782065100,short,64107.5,64012.41475,64202.58525,63917.32950000001,SL,1.0,488.06,49293.83
1782069900,1782072600,long,64213.5,64118.9245,64118.9245,64402.651,SL,-1.0,-492.94,48800.89
1782099600,1782104700,short,64208.5,64208.5,64473.72074999999,63678.058500000014,SL,0.0,0.0,48800.89
1782108300,1782108900,long,64226.0,64125.42125000001,64125.42125000001,64427.15749999999,SL,-1.0,-488.01,48312.88
1782116400,1782117000,long,64304.0,64165.901000000005,64165.901000000005,64580.19799999999,SL,-1.0,-483.13,47829.75
1782120000,1782126300,short,64120.0,64270.619249999996,64270.619249999996,63818.76150000001,SL,-1.0,-478.3,47351.46
1782127800,1782128100,long,64326.0,64633.20449999999,64172.397750000004,64633.20449999999,Target,2.0,947.03,48298.49
1782131700,1782135600,long,64964.5,65269.346,64659.654,65574.192,SL,1.0,482.98,48781.47
1782153600,1782153900,short,64551.5,64464.19675,64638.80325,64376.893500000006,SL,1.0,487.81,49269.29
1782178800,1782179100,short,64109.0,63969.89200000001,64248.10799999999,63830.784000000014,SL,1.0,492.69,49761.98
1782179400,1782179700,short,63974.0,64142.55525,64142.55525,63636.889500000005,SL,-1.0,-497.62,49264.36
1782186000,1782189600,short,63998.5,63788.42850000001,64103.535749999995,63788.42850000001,Target,2.0,985.29,50249.65
1782239700,1782240000,short,62315.5,62208.30425,62422.69575,62101.1085,SL,1.0,502.5,50752.14
1782244800,1782251700,long,62406.0,62559.142,62252.858,62712.284,SL,1.0,507.52,51259.66
1782258600,1782259500,long,62647.5,62758.284,62536.716,62869.068,SL,1.0,512.6,51772.26
1782269700,1782271500,short,62629.0,62629.0,62817.393,62252.21400000001,SL,0.0,0.0,51772.26
1782279000,1782279300,long,62849.0,62985.87175,62712.12825,63122.7435,SL,1.0,517.72,52289.98
1782283800,1782287400,short,62762.5,62651.579000000005,62873.420999999995,62540.65800000001,SL,1.0,522.9,52812.88
1782291000,1782293400,long,62778.0,62654.65700000001,62654.65700000001,63024.68599999999,SL,-1.0,-528.13,52284.75
1782296100,1782297000,short,62580.0,62580.0,62695.83225,62348.3355,SL,0.0,0.0,52284.75
1782315000,1782315900,short,60918.5,60440.37300000001,61157.5635,60440.37300000001,Target,2.0,1045.7,53330.45
1782319200,1782319500,short,60399.0,60167.19975,60630.80025,59935.3995,SL,1.0,533.3,53863.75
1782336900,1782338400,long,60886.5,61042.3805,60730.6195,61198.261,SL,1.0,538.64,54402.39
1782342600,1782345300,long,60901.5,61027.902749999994,60775.097250000006,61154.30549999999,SL,1.0,544.02,54946.41
1782351900,1782352200,short,60786.0,60916.94325,60916.94325,60524.11350000001,SL,-1.0,-549.46,54396.95
1782355200,1782356400,short,60813.0,60813.0,60955.462499999994,60528.07500000001,SL,0.0,0.0,54396.95
1782358500,1782359700,short,60748.0,60846.407999999996,60846.407999999996,60551.18400000001,SL,-1.0,-543.97,53852.98
1782360000,1782362700,long,60834.5,60950.3745,60718.6255,61066.248999999996,SL,1.0,538.53,54391.51
1782369300,1782370500,long,61702.5,61702.5,61581.194,61945.111999999994,SL,0.0,0.0,54391.51
1782371700,1782373500,long,61734.5,61861.31924999999,61607.68075000001,61988.13849999999,SL,1.0,543.92,54935.43
1782378000,1782379800,short,61718.0,61718.0,61811.890499999994,61530.21900000001,SL,0.0,0.0,54935.43
1782381300,1782382800,short,61702.5,61618.62225,61786.37775,61534.7445,SL,1.0,549.35,55484.78
1782383100,1782384000,short,61639.5,61392.76800000001,61762.865999999995,61392.76800000001,Target,2.0,1109.7,56594.48
1782397200,1782397800,short,59221.5,59748.8595,59748.8595,58166.781,SL,-1.0,-565.94,56028.53
1782402300,1782402900,short,59223.5,59546.758499999996,59546.758499999996,58576.98300000001,SL,-1.0,-560.29,55468.25
1782410700,1782411000,long,59672.5,59446.761750000005,59446.761750000005,60123.97649999999,SL,-1.0,-554.68,54913.56
1782412500,1782414600,short,59527.0,59312.644250000005,59741.355749999995,59098.28850000001,SL,1.0,549.14,55462.7
1782416700,1782417600,short,59273.5,59413.19175,59413.19175,58994.116500000004,SL,-1.0,-554.63,54908.07
1782435000,1782435600,short,59765.5,59645.072,59885.928,59524.644,SL,1.0,549.08,55457.15
1782437100,1782439800,short,59532.5,59186.8245,59705.33775,59186.8245,Target,2.0,1109.14,56566.3
1782440400,1782444900,short,58626.5,59350.6605,59350.6605,57178.179000000004,SL,-1.0,-565.66,56000.63
1782453600,1782453900,long,59912.5,59781.09450000001,59781.09450000001,60175.31099999999,SL,-1.0,-560.01,55440.63
1782463500,1782467400,short,60123.0,59661.6765,60353.66175,59661.6765,Target,2.0,1108.81,56549.44
1782469500,1782470100,short,59721.5,59572.579750000004,59870.420249999996,59423.65950000001,SL,1.0,565.49,57114.93
1782471000,1782477000,short,59437.0,59823.897,59823.897,58663.206000000006,SL,-1.0,-571.15,56543.78
1782489900,1782490500,long,60402.5,60090.9395,60090.9395,61025.621,SL,-1.0,-565.44,55978.35
1782492900,1782500700,short,60020.5,59751.37025,60289.62975,59482.2405,SL,1.0,559.78,56538.13
1782506100,1782508800,short,59678.5,59811.890999999996,59811.890999999996,59411.71800000001,SL,-1.0,-565.38,55972.75
1782517500,1782519000,long,60020.5,60108.48125,59932.51875,60196.462499999994,SL,1.0,559.73,56532.48
1782525000,1782525900,short,59929.5,60014.9925,60014.9925,59758.515,SL,-1.0,-565.32,55967.15
1782530700,1782534300,long,60252.0,60393.57025,60110.42975,60535.140499999994,SL,1.0,559.67,56526.82
1782538200,1782541500,short,60207.0,60207.0,60312.64124999999,59995.71750000001,SL,0.0,0.0,56526.82
1782553800,1782555000,short,60378.5,60434.702249999995,60434.702249999995,60266.09550000001,SL,-1.0,-565.27,55961.55
1782559200,1782560100,short,60340.0,60233.291750000004,60446.708249999996,60126.58350000001,SL,1.0,559.62,56521.17
1782562500,1782564600,short,60277.0,60368.66925,60368.66925,60093.6615,SL,-1.0,-565.21,55955.96
1782571200,1782573000,long,60626.5,60715.783749999995,60537.216250000005,60805.06749999999,SL,1.0,559.56,56515.52
1782574800,1782576900,long,60813.0,60670.64950000001,60670.64950000001,61097.70099999999,SL,-1.0,-565.16,55950.36
1782579600,1782579900,short,60746.5,60564.693000000014,60837.40349999999,60564.693000000014,Target,2.0,1119.01,57069.37
1782584400,1782587100,short,60500.5,60576.77325,60576.77325,60347.9535,SL,-1.0,-570.69,56498.68
1782587400,1782587700,long,60574.5,60505.732,60505.732,60712.03599999999,SL,-1.0,-564.99,55933.69
1782593100,1782594000,long,60253.5,60308.114499999996,60198.885500000004,60362.72899999999,SL,1.0,559.34,56493.03
1782607500,1782608400,long,60140.5,60031.969000000005,60031.969000000005,60357.56199999999,SL,-1.0,-564.93,55928.1
1782622800,1782623100,short,60132.0,60004.83450000001,60195.582749999994,60004.83450000001,Target,2.0,1118.56,57046.66
1782623700,1782626100,short,59940.0,59940.0,60149.059499999996,59521.88100000001,SL,0.0,0.0,57046.66
1782628200,1782632100,long,59936.5,60123.389749999995,59749.610250000005,60310.27949999999,SL,1.0,570.47,57617.12
1782634800,1782635700,long,60188.0,60290.55775,60085.44225,60393.1155,SL,1.0,576.17,58193.3
1782642300,1782645600,short,60177.0,60303.63675,60303.63675,59923.726500000004,SL,-1.0,-581.93,57611.36
1782661800,1782668100,short,59871.0,59407.927500000005,60102.53625,59407.927500000005,Target,2.0,1152.23,58763.59
1782691500,1782691800,short,59550.0,59550.0,59678.32425,59293.351500000004,SL,0.0,0.0,58763.59
1782698700,1782699000,short,59409.0,59236.224,59581.776,59063.448000000004,SL,1.0,587.64,59351.23
1782699300,1782699900,short,59217.0,59456.21324999999,59456.21324999999,58738.57350000001,SL,-1.0,-593.51,58757.71
1782705000,1782706800,long,60045.0,59822.074,59822.074,60490.852,SL,-1.0,-587.58,58170.14
1782709800,1782711600,short,59665.0,59874.92249999999,59874.92249999999,59245.15500000001,SL,-1.0,-581.7,57588.43
1782721200,1782724500,short,59874.0,60085.527749999994,60085.527749999994,59450.94450000001,SL,-1.0,-575.88,57012.55
1782733800,1782734400,short,59789.0,59789.0,59981.47575,59404.048500000004,SL,0.0,0.0,57012.55
1782744300,1782747300,short,59328.5,59717.844,59717.844,58549.812000000005,SL,-1.0,-570.13,56442.42
1782750300,1782751200,short,59690.0,59854.412249999994,59854.412249999994,59361.17550000001,SL,-1.0,-564.42,55878.0
1782757800,1782760800,short,60364.5,60364.5,60536.753249999994,60019.99350000001,SL,0.0,0.0,55878.0
1782762600,1782766200,long,60450.0,60296.33675,60296.33675,60757.326499999996,SL,-1.0,-558.78,55319.22
1782768300,1782768900,short,60296.0,60419.694749999995,60419.694749999995,60048.61050000001,SL,-1.0,-553.19,54766.03
1782774600,1782778200,short,60325.0,60211.295750000005,60438.704249999995,60097.59150000001,SL,1.0,547.66,55313.69
1782778500,1782779100,short,60168.0,60049.371750000006,60286.628249999994,59930.74350000001,SL,1.0,553.14,55866.83
1782784500,1782785400,long,59896.0,59776.596750000004,59776.596750000004,60134.80649999999,SL,-1.0,-558.67,55308.16
1782789600,1782789900,long,59956.0,59807.58125,59807.58125,60252.837499999994,SL,-1.0,-553.08,54755.08
1782802800,1782803100,long,59591.5,59500.73475,59500.73475,59773.03049999999,SL,-1.0,-547.55,54207.53
1782810900,1782819900,short,59281.5,59281.5,59414.6925,59015.115000000005,SL,0.0,0.0,54207.53
1782826200,1782826800,short,58419.5,58419.5,58604.2875,58049.925,SL,0.0,0.0,54207.53
1782834000,1782834300,short,58342.5,58486.728749999995,58486.728749999995,58054.04250000001,SL,-1.0,-542.08,53665.45
1782835800,1782836700,long,58573.5,58294.33825,58294.33825,59131.8235,SL,-1.0,-536.65,53128.8
1782845700,1782853800,long,58604.5,58604.5,58412.27925,58988.9415,SL,0.0,0.0,53128.8
1782863700,1782864900,long,58631.5,58535.717500000006,58535.717500000006,58823.06499999999,SL,-1.0,-531.29,52597.51
1782879300,1782881100,long,59176.0,59345.518,59006.482,59515.03599999999,SL,1.0,525.98,53123.48
1782889500,1782890400,short,58664.0,58785.378,58785.378,58421.244000000006,SL,-1.0,-531.23,52592.25
1782892200,1782894000,long,58735.0,58623.17375,58623.17375,58958.6525,SL,-1.0,-525.92,52066.33
1782905400,1782907200,short,58655.5,58655.5,58768.86975,58428.760500000004,SL,0.0,0.0,52066.33
1782907800,1782910500,short,58511.5,58511.5,58691.331,58151.838,SL,0.0,0.0,52066.33
1782922800,1782923100,short,60090.0,60237.603749999995,60237.603749999995,59794.79250000001,SL,-1.0,-520.66,51545.66
1782954000,1782954600,short,59713.5,59853.41175,59853.41175,59433.6765,SL,-1.0,-515.46,51030.21
1782958800,1782959700,long,60131.5,60297.9975,59965.0025,60464.494999999995,SL,1.0,510.3,51540.51
1782968700,1782971100,short,60740.0,60581.06575,60898.93425,60422.1315,SL,1.0,515.41,52055.91
1782974700,1782979500,short,60451.0,60241.685000000005,60660.314999999995,60032.37000000001,SL,1.0,520.56,52576.47
1782984300,1782984600,long,60496.5,60647.68775,60345.31225,60798.875499999995,SL,1.0,525.76,53102.24
1782995400,1782998700,long,61399.0,61713.05775,61084.94225,62027.1155,SL,1.0,531.02,53633.26
1783001700,1783002000,long,62085.5,61797.086,61797.086,62662.327999999994,SL,-1.0,-536.33,53096.93
1783005000,1783005900,short,61570.0,61749.8595,61749.8595,61210.281,SL,-1.0,-530.97,52565.96
1783009500,1783010700,short,61459.5,61459.5,61706.837999999996,60964.82400000001,SL,0.0,0.0,52565.96
1783015800,1783018500,long,61726.5,61726.5,61612.1785,61955.143,SL,0.0,0.0,52565.96
1783036500,1783036800,long,61549.5,61426.771250000005,61426.771250000005,61794.95749999999,SL,-1.0,-525.66,52040.3
1783040400,1783040700,short,61297.5,61432.200749999996,61432.200749999996,61028.09850000001,SL,-1.0,-520.4,51519.89
1783042800,1783045500,long,61624.5,61475.247,61475.247,61923.005999999994,SL,-1.0,-515.2,51004.7
1783055400,1783057200,long,61526.0,61672.704999999994,61379.295000000006,61819.40999999999,SL,1.0,510.05,51514.74
1783058100,1783058400,long,61706.5,61706.5,61594.68725,61930.125499999995,SL,0.0,0.0,51514.74
1783064100,1783064700,long,61743.0,61811.35275,61674.64725,61879.7055,SL,1.0,515.15,52029.89
1783071000,1783071900,short,61625.5,61753.361249999994,61753.361249999994,61369.77750000001,SL,-1.0,-520.3,51509.59
1783079700,1783087200,long,62022.0,62022.0,61841.56375,62382.8725,SL,0.0,0.0,51509.59
1783100400,1783107300,long,62174.5,62174.5,62059.454750000004,62404.59049999999,SL,0.0,0.0,51509.59
1783110000,1783127400,long,62475.5,62475.5,62144.912000000004,63136.67599999999,SL,0.0,0.0,51509.59
1783162200,1783164000,long,62472.5,62472.5,62410.27925000001,62596.941499999986,SL,0.0,0.0,51509.59
1783166400,1783167900,long,62487.5,62551.727249999996,62423.272750000004,62615.95449999999,SL,1.0,515.1,52024.69
1783170000,1783171200,long,62606.5,62677.78324999999,62535.21675000001,62749.066499999986,SL,1.0,520.25,52544.93
1783171500,1783172100,long,62676.5,62555.7065,62555.7065,62918.087,SL,-1.0,-525.45,52019.48
1783175700,1783177200,short,62611.0,62704.3365,62704.3365,62424.327000000005,SL,-1.0,-520.19,51499.29
1783190100,1783192800,short,63122.0,63278.12325,63278.12325,62809.753500000006,SL,-1.0,-514.99,50984.3
1783198500,1783199400,short,63212.5,63337.653,63337.653,62962.194,SL,-1.0,-509.84,50474.45
1783205100,1783206000,short,63180.0,63180.0,63257.11274999999,63025.774500000014,SL,0.0,0.0,50474.45
1783209900,1783210800,short,63117.0,63021.4095,63212.5905,62925.819,SL,1.0,504.74,50979.2
1783214400,1783218000,short,62901.5,62741.985250000005,63061.014749999995,62582.47050000001,SL,1.0,509.79,51488.99
1783219800,1783224600,short,62621.5,62802.3855,62802.3855,62259.72900000001,SL,-1.0,-514.89,50974.1
1783231500,1783232400,short,62693.5,62781.375,62781.375,62517.75,SL,-1.0,-509.74,50464.36
1783240200,1783243200,short,62926.5,62851.01475,63001.98525,62775.529500000004,SL,1.0,504.64,50969.0
1783257900,1783260000,long,62716.5,62716.5,62648.16025,62853.1795,SL,0.0,0.0,50969.0
1783265700,1783266000,long,62789.5,62678.645000000004,62678.645000000004,63011.20999999999,SL,-1.0,-509.69,50459.31
1783267800,1783268700,short,62695.5,62695.5,62778.87375,62528.7525,SL,0.0,0.0,50459.31
1783279800,1783285800,short,62754.0,62659.5915,62848.4085,62565.183000000005,SL,1.0,504.59,50963.91
1783305300,1783308000,short,63476.5,63278.67875000001,63674.32124999999,63080.85750000001,SL,1.0,509.64,51473.54
1783317900,1783321200,short,63073.5,62965.425,63181.575,62857.350000000006,SL,1.0,514.74,51988.28
1783344000,1783344600,short,61620.0,61620.0,61829.399249999995,61201.20150000001,SL,0.0,0.0,51988.28
1783347300,1783347900,long,61926.5,62153.865,61699.135,62381.229999999996,SL,1.0,519.88,52508.16
1783352400,1783352700,long,62451.0,62845.28499999999,62253.857500000006,62845.28499999999,Target,2.0,1050.16,53558.33
1783353000,1783354800,long,62929.5,63545.17249999999,62313.82750000001,64160.84499999999,SL,1.0,535.58,54093.91
1783361400,1783371900,long,63724.0,63942.7685,63505.2315,64161.537,SL,1.0,540.94,54634.85
1783374900,1783376400,long,64271.5,64271.5,64115.426250000004,64583.64749999999,SL,0.0,0.0,54634.85
1783379700,1783383600,short,64206.0,64206.0,64364.166,63889.668000000005,SL,0.0,0.0,54634.85
1783385400,1783386000,long,64206.5,63968.49975,63968.49975,64682.500499999995,SL,-1.0,-546.35,54088.5
1783387500,1783390800,short,63926.0,63734.957500000004,64117.042499999996,63543.91500000001,SL,1.0,540.89,54629.39
1783392900,1783401000,short,63413.5,62979.90150000001,63630.29925,62979.90150000001,Target,2.0,1092.59,55721.97
1783405800,1783407600,long,63125.5,63385.52699999999,62995.486500000006,63385.52699999999,Target,2.0,1114.44,56836.41
1783412700,1783415400,short,63043.5,63204.08624999999,63204.08624999999,62722.327500000014,SL,-1.0,-568.36,56268.05
1783417500,1783418400,long,63197.0,63287.06924999999,63106.93075000001,63377.13849999999,SL,1.0,562.68,56830.73
1783442700,1783443000,long,64017.0,64148.45875,63885.54125,64279.917499999996,SL,1.0,568.31,57399.04
1783444200,1783444500,long,64040.0,63911.52825,63911.52825,64296.943499999994,SL,-1.0,-573.99,56825.05
1783461600,1783463700,short,63349.0,63534.7515,63534.7515,62977.497,SL,-1.0,-568.25,56256.8
1783465200,1783467600,long,63582.5,63436.765750000006,63436.765750000006,63873.96849999999,SL,-1.0,-562.57,55694.23
1783473900,1783474500,short,63484.0,63305.68475,63662.31525,63127.3695,SL,1.0,556.94,56251.17
1783478100,1783478700,short,62860.0,62996.4825,62996.4825,62587.035,SL,-1.0,-562.51,55688.66
1783484700,1783485300,long,62837.5,62736.11625000001,62736.11625000001,63040.26749999999,SL,-1.0,-556.89,55131.77
1783488000,1783490100,short,62766.5,62643.571,62889.429,62520.64200000001,SL,1.0,551.32,55683.09
1783492500,1783493400,short,62594.0,62718.84375,62718.84375,62344.3125,SL,-1.0,-556.83,55126.26
1783495500,1783498500,long,62731.5,62731.5,62548.210250000004,63098.07949999999,SL,0.0,0.0,55126.26
1783501200,1783510800,short,62009.5,62349.159,62349.159,61330.182,SL,-1.0,-551.26,54575.0
1783523400,1783524300,short,61777.0,61616.046500000004,61937.953499999996,61455.09300000001,SL,1.0,545.75,55120.75
1783527600,1783531500,long,61878.5,62286.2055,61674.64725,62286.2055,Target,2.0,1102.41,56223.16
1783534500,1783535700,long,62271.5,62041.963500000005,62041.963500000005,62730.57299999999,SL,-1.0,-562.23,55660.93
1783538400,1783538700,short,62076.0,62176.57275,62176.57275,61874.8545,SL,-1.0,-556.61,55104.32
1783543800,1783546200,short,62086.0,62086.0,62241.104999999996,61775.79000000001,SL,0.0,0.0,55104.32
1783556700,1783559100,short,62128.0,62267.61825,62267.61825,61848.7635,SL,-1.0,-551.04,54553.28
1783564200,1783565100,short,61979.5,61822.447250000005,62136.552749999995,61665.39450000001,SL,1.0,545.53,55098.81
1783571700,1783572000,long,62070.0,62272.99949999999,61968.500250000005,62272.99949999999,Target,2.0,1101.98,56200.79
1783576200,1783576800,long,62390.0,62547.132,62232.868,62704.263999999996,SL,1.0,562.01,56762.79
1783581600,1783582500,long,62934.0,62782.093250000005,62782.093250000005,63237.81349999999,SL,-1.0,-567.63,56195.17
1783596300,1783598700,short,62676.0,62810.3895,62810.3895,62407.221000000005,SL,-1.0,-561.95,55633.21
1783607700,1783609500,long,62859.5,63030.35999999999,62688.64000000001,63201.21999999999,SL,1.0,556.33,56189.55
1783613700,1783614300,short,62841.5,62675.512,63007.488,62509.524000000005,SL,1.0,561.9,56751.44
1783618200,1783618500,long,62835.5,62835.5,62654.65700000001,63197.18599999999,SL,0.0,0.0,56751.44
1783619100,1783643400,long,63034.0,63034.0,62724.12225,63653.7555,SL,0.0,0.0,56751.44
1783644600,1783646100,short,63026.0,63187.07775,63187.07775,62703.84450000001,SL,-1.0,-567.51,56183.93
1783658400,1783666800,long,64024.0,63801.0835,63801.0835,64469.833,SL,-1.0,-561.84,55622.09
1783671600,1783671900,long,64006.5,64162.46049999999,63928.51975000001,64162.46049999999,Target,2.0,1112.44,56734.53
1783679400,1783685400,long,64388.5,64388.5,64228.8695,64707.761,SL,0.0,0.0,56734.53
1783689600,1783690800,short,64219.5,64353.1605,64353.1605,63952.179000000004,SL,-1.0,-567.35,56167.18
1783707600,1783712100,short,63866.0,64026.49724999999,64026.49724999999,63545.005500000014,SL,-1.0,-561.67,55605.51
1783717200,1783717500,short,63837.5,63900.934499999996,63900.934499999996,63710.63100000001,SL,-1.0,-556.06,55049.46
1783722600,1783724400,long,64041.0,64041.0,63960.004,64202.992,SL,0.0,0.0,55049.46
1783725300,1783733700,long,64096.5,64096.5,63963.0025,64363.494999999995,SL,0.0,0.0,55049.46
1783742700,1783748100,short,64123.0,64198.583249999996,64198.583249999996,63971.83350000001,SL,-1.0,-550.49,54498.96
1783755900,1783758000,short,64161.0,64241.60475,64241.60475,63999.7905,SL,-1.0,-544.99,53953.97
1783760400,1783762800,long,64235.5,64175.896,64175.896,64354.708,SL,-1.0,-539.54,53414.43
1783765800,1783776600,short,64129.5,64219.093499999995,64219.093499999995,63950.31300000001,SL,-1.0,-534.14,52880.29
1783782600,1783784100,long,64366.5,64366.5,64288.8395,64521.820999999996,SL,0.0,0.0,52880.29
1783791300,1783808400,long,64286.0,64286.0,64158.904500000004,64540.19099999999,SL,0.0,0.0,52880.29
1783812600,1783827000,short,63883.5,64158.062999999995,64158.062999999995,63334.37400000001,SL,-1.0,-528.8,52351.49
1783830600,1783836600,short,64063.0,63729.802500000005,64229.59875,63729.802500000005,Target,2.0,1047.03,53398.52
1783842900,1783843500,long,63856.5,63914.91499999999,63798.08500000001,63973.32999999999,SL,1.0,533.99,53932.5
1783870800,1783892700,short,64126.5,63988.884000000005,64264.115999999995,63851.26800000001,SL,1.0,539.33,54471.83
1783896600,1783896900,short,63736.5,63843.905999999995,63843.905999999995,63521.68800000001,SL,-1.0,-544.72,53927.11
1783898700,1783901100,long,63810.5,63941.8555,63679.1445,64073.210999999996,SL,1.0,539.27,54466.38
1783917000,1783917300,short,62799.5,62680.556500000006,62918.443499999994,62561.61300000001,SL,1.0,544.66,55011.04
1783927800,1783933500,long,62921.5,63112.88075,62730.11925,63304.26149999999,SL,1.0,550.11,55561.15
1783942500,1783945500,short,62969.0,62832.463,63105.537,62695.92600000001,SL,1.0,555.61,56116.76
1783948200,1783948800,short,62581.0,62485.677500000005,62676.322499999995,62390.35500000001,SL,1.0,561.17,56677.93
1783950300,1783950600,short,62555.5,62323.121750000006,62787.878249999994,62090.74350000001,SL,1.0,566.78,57244.71
1783962000,1783964100,short,62257.5,62118.817500000005,62396.182499999995,61980.13500000001,SL,1.0,572.45,57817.16
1783965300,1783968300,short,62009.0,62009.0,62204.0865,61618.827000000005,SL,0.0,0.0,57817.16
1783971000,1783972200,long,62038.0,62218.9785,61947.51075,62218.9785,Target,2.0,1156.34,58973.5
1783974600,1783977900,long,62172.5,62025.97150000001,62025.97150000001,62465.556999999986,SL,-1.0,-589.74,58383.77
1783989000,1783990500,long,62404.5,62544.147999999994,62264.852000000006,62683.79599999999,SL,1.0,583.84,58967.6
1784006400,1784008800,long,62846.5,62667.15075,62667.15075,63205.1985,SL,-1.0,-589.68,58377.93
1784012400,1784016900,short,62593.5,62593.5,62691.83025,62396.8395,SL,0.0,0.0,58377.93
1784019900,1784021400,long,62706.5,62624.672000000006,62624.672000000006,62870.15599999999,SL,-1.0,-583.78,57794.15
1784025300,1784025600,short,62639.5,62740.354499999994,62740.354499999994,62437.79100000001,SL,-1.0,-577.94,57216.21
1784028000,1784030700,long,62773.5,62773.5,62665.151750000005,62990.19649999999,SL,0.0,0.0,57216.21
1784046300,1784048700,long,64753.0,64624.671500000004,64624.671500000004,65009.65699999999,SL,-1.0,-572.16,56644.05
1784049900,1784051700,short,64434.5,64678.323,64678.323,63946.85400000001,SL,-1.0,-566.44,56077.6
1784059800,1784063400,short,64479.5,64602.284999999996,64602.284999999996,64233.93000000001,SL,-1.0,-560.78,55516.83
1784067900,1784077200,long,64746.0,64746.0,64491.738000000005,65254.52399999999,SL,0.0,0.0,55516.83
1784082300,1784086200,short,64579.0,64724.346,64724.346,64288.308000000005,SL,-1.0,-555.17,54961.66
1784128800,1784129700,short,65275.0,65506.23675,65506.23675,64812.52650000001,SL,-1.0,-549.62,54412.04
1784135700,1784142000,short,65045.5,64923.4325,65167.5675,64801.365000000005,SL,1.0,544.12,54956.16
1784143500,1784144400,short,64789.5,64941.4545,64941.4545,64485.591,SL,-1.0,-549.56,54406.6
1784146800,1784149800,long,64968.5,64845.561,64845.561,65214.378,SL,-1.0,-544.07,53862.54
1784168700,1784173500,long,64656.5,64547.71000000001,64547.71000000001,64874.07999999999,SL,-1.0,-538.63,53323.91
1784178300,1784178600,long,64623.0,64707.2855,64538.7145,64791.570999999996,SL,1.0,533.24,53857.15
1784179200,1784179800,long,64757.0,64900.323,64613.677,65043.64599999999,SL,1.0,538.57,54395.72
1784185500,1784186100,short,64730.0,64566.22050000001,64811.889749999995,64566.22050000001,Target,2.0,1087.91,55483.64
1784197800,1784200500,long,64207.5,64076.445750000006,64076.445750000006,64469.60849999999,SL,-1.0,-554.84,54928.8
1784205900,1784208000,short,63948.5,64170.068999999996,64170.068999999996,63505.36200000001,SL,-1.0,-549.29,54379.51
1784210700,1784211900,long,64373.0,64599.58925,64146.41075,64826.178499999995,SL,1.0,543.8,54923.31
1784221800,1784222100,short,64341.5,64190.770000000004,64492.229999999996,64040.04000000001,SL,1.0,549.23,55472.54
1784232900,1784236200,short,64177.0,64177.0,64259.1135,64012.773,SL,0.0,0.0,55472.54
1784239200,1784240400,long,64196.5,64123.922000000006,64123.922000000006,64341.65599999999,SL,-1.0,-554.73,54917.81
1784242500,1784244000,short,64006.0,63759.903000000006,64129.0485,63759.903000000006,Target,2.0,1098.36,56016.17
1784246700,1784247300,short,63807.0,63895.431749999996,63895.431749999996,63630.13650000001,SL,-1.0,-560.16,55456.01
1784255700,1784257200,short,63506.0,63506.0,63621.795,63274.41,SL,0.0,0.0,55456.01
1784270700,1784275800,short,62864.5,62864.5,62970.96975,62651.56050000001,SL,0.0,0.0,55456.01
1784277000,1784278500,short,62711.0,62904.93674999999,62904.93674999999,62323.12650000001,SL,-1.0,-554.56,54901.45
1784280600,1784286600,long,62939.0,63070.419499999996,62807.580500000004,63201.83899999999,SL,1.0,549.01,55450.46
1784288100,1784288400,long,63114.0,63259.07299999999,63041.463500000005,63259.07299999999,Target,2.0,1109.01,56559.47
1784289000,1784292000,long,63282.5,63094.437000000005,63094.437000000005,63658.62599999999,SL,-1.0,-565.59,55993.88
1784295000,1784295300,short,62828.0,62684.530000000006,62971.469999999994,62541.06000000001,SL,1.0,559.94,56553.82
1784295600,1784296500,short,62684.0,62951.96025,62951.96025,62148.07950000001,SL,-1.0,-565.54,55988.28
1784317800,1784318400,long,64155.5,64057.455250000006,64057.455250000006,64351.58949999999,SL,-1.0,-559.88,55428.4
1784339400,1784343000,long,63936.5,63936.5,63862.053,64085.394,SL,0.0,0.0,55428.4
1784351100,1784351700,long,63955.5,63900.53375,63900.53375,64065.432499999995,SL,-1.0,-554.28,54874.11
1784372100,1784375700,long,63988.0,64030.48875,63945.51125,64072.97749999999,SL,1.0,548.74,55422.85
1784378100,1784379900,long,64096.0,64096.0,63992.9875,64302.024999999994,SL,0.0,0.0,55422.85
1784386800,1784389500,short,64126.0,64071.42575,64180.57425,64016.851500000004,SL,1.0,554.23,55977.08
1784394000,1784399100,long,64292.5,64527.045,64057.955,64761.59,SL,1.0,559.77,56536.85
1784404200,1784405400,long,64516.5,64580.742249999996,64452.257750000004,64644.98449999999,SL,1.0,565.37,57102.22
1784405700,1784406000,long,64543.0,64643.237499999996,64442.762500000004,64743.47499999999,SL,1.0,571.02,57673.24
1784407800,1784409000,long,64599.0,64670.779749999994,64527.220250000006,64742.55949999999,SL,1.0,576.73,58249.98
1784415300,1784416200,long,64763.5,64688.13975,64688.13975,64914.220499999996,SL,-1.0,-582.5,57667.48
1784428500,1784430300,long,64822.5,64747.61,64747.61,64972.28,SL,-1.0,-576.67,57090.8
1784437500,1784439300,long,64740.5,64655.15625,64655.15625,64911.1875,SL,-1.0,-570.91,56519.89
1784441100,1784446800,short,64695.5,64761.364499999996,64761.364499999996,64563.77100000001,SL,-1.0,-565.2,55954.69
1784469300,1784472900,long,64455.5,64553.694749999995,64357.305250000005,64651.88949999999,SL,1.0,559.55,56514.24
1784478300,1784480400,long,64551.5,64456.75550000001,64456.75550000001,64740.98899999999,SL,-1.0,-565.14,55949.1
1784483100,1784484300,short,64605.5,64337.793000000005,64739.3535,64337.793000000005,Target,2.0,1118.98,57068.08
1784493300,1784496600,long,64509.0,64419.774000000005,64419.774000000005,64687.45199999999,SL,-1.0,-570.68,56497.4
1784514300,1784515200,short,64618.5,64843.90575,64843.90575,64167.688500000004,SL,-1.0,-564.97,55932.43
1784542500,1784542800,long,64213.0,64315.0715,64110.9285,64417.143,SL,1.0,559.32,56491.75
1784544600,1784545500,long,64312.0,64312.0,64208.8795,64518.240999999995,SL,0.0,0.0,56491.75
1784547600,1784555700,long,64794.5,64289.839,64289.839,65803.822,SL,-1.0,-564.92,55926.83
1784560200,1784562000,long,64594.5,65062.89249999999,64360.30375000001,65062.89249999999,Target,2.0,1118.54,57045.37
1784577900,1784578200,short,65061.5,65200.583999999995,65200.583999999995,64783.33200000001,SL,-1.0,-570.45,56474.92
1784587200,1784589300,short,65088.0,65244.606,65244.606,64774.788,SL,-1.0,-564.75,55910.17
1784590500,1784591400,long,65224.0,65149.40900000001,65149.40900000001,65373.181999999986,SL,-1.0,-559.1,55351.06
1784592600,1784592900,long,65214.0,65214.0,65103.93175,65434.13649999999,SL,0.0,0.0,55351.06
1784593500,1784597400,long,65332.0,65332.0,65087.939750000005,65820.12049999999,SL,0.0,0.0,55351.06
1784615100,1784616300,long,65725.0,65871.8055,65578.1945,66018.611,SL,1.0,553.51,55904.58
1784625300,1784628600,long,66220.0,66317.078,66122.922,66414.15599999999,SL,1.0,559.05,56463.62
1784629800,1784631000,long,66350.5,66252.857,66252.857,66545.786,SL,-1.0,-564.64,55898.99
1784639400,1784640300,long,66565.0,66439.26375,66439.26375,66816.4725,SL,-1.0,-558.99,55340.0
1784642100,1784655900,long,66643.0,66283.84150000001,66283.84150000001,67361.31699999998,SL,-1.0,-553.4,54786.6
1784661900,1784672100,long,66347.5,66203.38175,66203.38175,66635.7365,SL,-1.0,-547.87,54238.73
1784674200,1784675700,short,66286.0,66286.0,66353.16,66151.68,SL,0.0,0.0,54238.73
1784710500,1784712600,long,65971.0,65873.54675000001,65873.54675000001,66165.90649999998,SL,-1.0,-542.39,53696.34
1784719200,1784719500,short,65991.5,66051.50925,66051.50925,65871.4815,SL,-1.0,-536.96,53159.38
1784725200,1784727300,short,65605.5,65833.40024999999,65833.40024999999,65149.69950000002,SL,-1.0,-531.59,52627.78
1784728800,1784729100,long,65907.0,66058.894,65755.106,66210.788,SL,1.0,526.28,53154.06
1784737800,1784740500,long,66096.5,66096.5,65909.02900000001,66471.44199999998,SL,0.0,0.0,53154.06
1784743200,1784744400,short,66025.0,66025.0,66174.0705,65726.859,SL,0.0,0.0,53154.06
1784745000,1784756400,short,65843.5,66064.51574999999,66064.51574999999,65401.46850000002,SL,-1.0,-531.54,52622.52
1784760000,1784761500,short,65950.0,66030.49875,66030.49875,65789.0025,SL,-1.0,-526.23,52096.3
1784769600,1784773800,short,65992.5,65764.9065,66220.0935,65537.313,SL,1.0,520.96,52617.26
1784778600,1784780700,short,65624.5,65716.84199999999,65716.84199999999,65439.81600000002,SL,-1.0,-526.17,52091.09
1784795700,1784800800,long,65571.5,65571.5,65450.2585,65813.983,SL,0.0,0.0,52091.09
1784808900,1784809800,short,65466.0,65337.219,65594.781,65208.437999999995,SL,1.0,520.91,52612.0
1784810100,1784810700,short,65367.0,65049.50700000001,65525.746499999994,65049.50700000001,Target,2.0,1052.24,53664.24
1784814600,1784837100,short,64944.0,64944.0,65206.587,64418.826,SL,0.0,0.0,53664.24
1784842800,1784844000,short,65054.0,65154.560999999994,65154.560999999994,64852.87800000001,SL,-1.0,-536.64,53127.6
1784849700,1784850600,long,65156.0,65086.94025000001,65086.94025000001,65294.119499999986,SL,-1.0,-531.28,52596.32
1784857200,1784860200,long,65110.0,64973.996750000006,64973.996750000006,65382.00649999999,SL,-1.0,-525.96,52070.36
1784871300,1784871900,short,65306.5,65306.5,65373.170249999996,65173.15950000001,SL,0.0,0.0,52070.36
1784876400,1784876700,long,65457.0,65546.20025,65367.799750000006,65635.40049999999,SL,1.0,520.7,52591.06
1784880600,1784882100,short,65407.5,65407.5,65517.74249999999,65187.015000000014,SL,0.0,0.0,52591.06
1784883000,1784883600,short,65367.5,65269.78375,65465.21625,65172.067500000005,SL,1.0,525.91,53116.97
1784887500,1784890200,short,65065.0,64978.94075,65151.05925,64892.8815,SL,1.0,531.17,53648.14
1784892600,1784893500,short,64974.5,64889.486500000006,65059.513499999994,64804.47300000001,SL,1.0,536.48,54184.62
1784902800,1784907300,short,63956.0,64205.586749999995,64205.586749999995,63456.82650000001,SL,-1.0,-541.85,53642.78
1784913000,1784913300,short,63907.5,64025.49675,64025.49675,63671.5065,SL,-1.0,-536.43,53106.35
1784921700,1784925300,long,64198.0,64115.92600000001,64115.92600000001,64362.14799999999,SL,-1.0,-531.06,52575.28
1784927100,1784940900,short,64145.5,64028.32800000001,64204.085999999996,64028.32800000001,Target,2.0,1051.51,53626.79
1784942100,1784954400,short,64040.0,64139.053499999995,64139.053499999995,63841.89300000001,SL,-1.0,-536.27,53090.52
1784962200,1784969400,short,63951.0,63783.99750000001,64034.501249999994,63783.99750000001,Target,2.0,1061.81,54152.33
1784976300,1784986800,long,64005.0,64148.965,63933.0175,64148.965,Target,2.0,1083.05,55235.38
1784988900,1784993400,long,64157.0,64157.0,64072.44775000001,64326.10449999999,SL,0.0,0.0,55235.38
1785008100,1785013500,short,64385.0,64284.59700000001,64435.201499999996,64284.59700000001,Target,2.0,1104.71,56340.09
1785033000,1785034200,short,64418.5,64492.229999999996,64492.229999999996,64271.04000000001,SL,-1.0,-563.4,55776.69
1785050700,1785055500,short,64374.0,64448.708249999996,64448.708249999996,64224.58350000001,SL,-1.0,-557.77,55218.92
1785055800,1785062700,long,64425.0,64501.69025,64348.30975,64578.3805,SL,1.0,552.19,55771.11
1785063300,1785067500,short,64500.0,64593.78075,64593.78075,64312.438500000004,SL,-1.0,-557.71,55213.4
1785075000,1785080100,long,64594.5,64723.74875,64465.25125,64852.9975,SL,1.0,552.13,55765.53
1785094500,1785096900,long,64713.0,64641.163250000005,64641.163250000005,64856.67349999999,SL,-1.0,-557.66,55207.88
1785104100,1785138000,long,65208.5,65208.5,64807.58,66010.34,SL,0.0,0.0,55207.88
1785139500,1785147600,short,65197.5,65336.15175,65336.15175,64920.196500000005,SL,-1.0,-552.08,54655.8
1785148500,1785150900,long,65376.5,65224.871250000004,65224.871250000004,65679.75749999999,SL,-1.0,-546.56,54109.24
1785158100,1785159300,short,65012.0,65139.05325,65139.05325,64757.893500000006,SL,-1.0,-541.09,53568.15
1785177000,1785179400,short,64818.0,64972.97025,64972.97025,64508.0595,SL,-1.0,-535.68,53032.47
1785183300,1785189000,short,64930.0,64838.50550000001,65021.49449999999,64747.01100000001,SL,1.0,530.32,53562.79
1785195600,1785197100,short,63800.0,63671.551750000006,63928.448249999994,63543.10350000001,SL,1.0,535.63,54098.42
1785206100,1785208200,short,63206.0,63206.0,63294.13125,63029.7375,SL,0.0,0.0,54098.42
1785211200,1785213000,long,63308.0,63239.864250000006,63239.864250000006,63444.27149999999,SL,-1.0,-540.98,53557.43
1785226500,1785230400,short,63463.0,63463.0,63552.26025,63284.4795,SL,0.0,0.0,53557.43
1785244500,1785245100,short,63480.0,63352.712250000004,63607.287749999996,63225.42450000001,SL,1.0,535.57,54093.01
1785251700,1785252000,long,63390.5,63573.61949999999,63207.38050000001,63756.73899999999,SL,1.0,540.93,54633.94
1785252300,1785252600,long,63476.5,63824.83399999999,63302.333000000006,63824.83399999999,Target,2.0,1092.68,55726.62
1785267300,1785267600,long,63782.0,63678.145000000004,63678.145000000004,63989.70999999999,SL,-1.0,-557.27,55169.35
1785271800,1785276000,long,63925.5,63925.5,63827.0705,64122.359,SL,0.0,0.0,55169.35
1785276600,1785277800,long,63988.5,63860.054000000004,63860.054000000004,64245.39199999999,SL,-1.0,-551.69,54617.66
1785295200,1785297600,short,63868.5,63713.504250000005,64023.495749999995,63558.50850000001,SL,1.0,546.18,55163.83
1785303300,1785306300,long,63978.0,64253.87199999999,63840.064000000006,64253.87199999999,Target,2.0,1103.28,56267.11
1785315900,1785317400,short,64372.5,64469.218499999995,64469.218499999995,64179.06300000001,SL,-1.0,-562.67,55704.44
1785319200,1785322200,long,64645.5,64480.24375,64480.24375,64976.0125,SL,-1.0,-557.04,55147.39
1785322500,1785327300,short,64545.0,64401.17175,64688.82825,64257.3435,SL,1.0,551.47,55698.87
1785339900,1785346800,short,63952.0,63952.0,64201.0845,63453.831000000006,SL,0.0,0.0,55698.87
1785357000,1785358800,short,63576.5,63419.149000000005,63733.850999999995,63261.79800000001,SL,1.0,556.99,56255.86
1785382200,1785389400,short,64175.5,64029.855500000005,64321.144499999995,63884.21100000001,SL,1.0,562.56,56818.42
1785391200,1785394800,short,64009.0,64117.54274999999,64117.54274999999,63791.91450000001,SL,-1.0,-568.18,56250.23
1785408900,1785410100,short,64555.0,64643.305499999995,64643.305499999995,64378.38900000001,SL,-1.0,-562.5,55687.73
1785412200,1785413400,long,64699.0,64891.269499999995,64506.730500000005,65083.53899999999,SL,1.0,556.88,56244.61
1785416100,1785418200,long,64896.0,64784.09175000001,64784.09175000001,65119.816499999986,SL,-1.0,-562.45,55682.16
1785418500,1785418800,short,64813.5,64729.567500000005,64897.432499999995,64645.63500000001,SL,1.0,556.82,56238.98
1785436800,1785438600,short,64739.0,64829.89874999999,64829.89874999999,64557.202500000014,SL,-1.0,-562.39,55676.59
1785441900,1785445800,long,64841.5,64727.12025,64727.12025,65070.2595,SL,-1.0,-556.77,55119.83
1785448500,1785448800,short,64725.5,64813.89075,64813.89075,64548.7185,SL,-1.0,-551.2,54568.63
1785458700,1785459600,short,64717.5,64833.90074999999,64833.90074999999,64484.69850000001,SL,-1.0,-545.69,54022.94
1785492000,1785492600,short,63686.0,63686.0,63761.865,63534.270000000004,SL,0.0,0.0,54022.94
1785516600,1785519000,long,62855.0,62950.895249999994,62759.104750000006,63046.79049999999,SL,1.0,540.23,54563.17
1785536700,1785539100,short,62972.0,62972.0,63035.001749999996,62845.99650000001,SL,0.0,0.0,54563.17
1785541800,1785542400,short,62925.0,62925.0,62990.479499999994,62794.04100000001,SL,0.0,0.0,54563.17
1785562200,1785562500,long,63071.5,63014.97675,63014.97675,63184.5465,SL,-1.0,-545.63,54017.54
1785564600,1785565500,short,62976.5,63053.010749999994,63053.010749999994,62823.47850000001,SL,-1.0,-540.18,53477.36
1785571800,1785577500,long,63059.0,63059.0,62994.986750000004,63187.02649999999,SL,0.0,0.0,53477.36
1785582900,1785591900,long,63036.0,63036.0,62987.99025,63132.019499999995,SL,0.0,0.0,53477.36
1785617400,1785618000,long,62604.5,62705.76725,62503.23275,62807.034499999994,SL,1.0,534.77,54012.14
1785633000,1785633300,long,62849.5,62985.312999999995,62781.5935,62985.312999999995,Target,2.0,1080.24,55092.38
1785637200,1785728700,long,63533.5,62911.5285,62911.5285,64777.443,SL,-1.0,-550.92,54541.46
1785735300,1785739800,short,62772.0,62657.5725,62886.4275,62543.145000000004,SL,1.0,545.41,55086.87
1785741300,1785745200,short,62588.5,62391.84450000001,62686.82775,62391.84450000001,Target,2.0,1101.74,56188.61
1785778800,1785781500,long,63849.5,63849.5,63731.118500000004,64086.26299999999,SL,0.0,0.0,56188.61
1785786600,1785787200,long,63926.5,63805.58125,63805.58125,64168.337499999994,SL,-1.0,-561.89,55626.72
1785796500,1785806100,short,63500.0,63500.0,63645.80699999999,63208.38600000001,SL,0.0,0.0,55626.72
1785811200,1785818700,long,63799.5,64147.15749999999,63625.67125000001,64147.15749999999,Target,2.0,1112.53,56739.26
1785825000,1785827400,short,63773.0,63582.16350000001,63868.418249999995,63582.16350000001,Target,2.0,1134.79,57874.04
1785838200,1785840000,short,63515.0,63628.29825,63628.29825,63288.4035,SL,-1.0,-578.74,57295.3
1785842700,1785843600,long,63723.5,63787.845499999996,63659.154500000004,63852.19099999999,SL,1.0,572.95,57868.26
1785843900,1785846900,long,63763.0,63956.69799999999,63666.151000000005,63956.69799999999,Target,2.0,1157.37,59025.62
1785847200,1785848400,long,63870.0,63870.0,63763.60225,64082.79549999999,SL,0.0,0.0,59025.62
1785853200,1785853800,short,63686.5,63936.9525,63936.9525,63185.595,SL,-1.0,-590.26,58435.36
1785872100,1785872400,short,64235.0,64316.142,64316.142,64072.716,SL,-1.0,-584.35,57851.01
1785884700,1785885300,long,64244.5,64426.68549999999,64153.407250000004,64426.68549999999,Target,2.0,1157.02,59008.03
1785885600,1785885900,long,64461.0,64195.886000000006,64195.886000000006,64991.22799999999,SL,-1.0,-590.08,58417.95
1785897000,1785899700,long,64444.5,64267.850000000006,64267.850000000006,64797.79999999999,SL,-1.0,-584.18,57833.77
1785902700,1785904200,short,64113.0,64195.08149999999,64195.08149999999,63948.837000000014,SL,-1.0,-578.34,57255.43
1785906600,1785910500,long,64272.5,64272.5,64105.43125,64606.6375,SL,0.0,0.0,57255.43
1785912300,1785914100,short,64292.0,64106.64750000001,64384.67625,64106.64750000001,Target,2.0,1145.11,58400.54
1785940200,1785942000,short,64328.0,64562.265,64562.265,63859.47,SL,-1.0,-584.01,57816.54
1785950100,1785951300,short,64587.0,64667.817749999995,64667.817749999995,64425.36450000001,SL,-1.0,-578.17,57238.37
1785952200,1785961200,long,64726.5,64912.78625,64540.21375,65099.072499999995,SL,1.0,572.38,57810.75
1785967500,1785972000,short,64690.0,64690.0,64782.375,64505.25,SL,0.0,0.0,57810.75
1785975000,1785975600,short,64592.0,64685.326499999996,64685.326499999996,64405.34700000001,SL,-1.0,-578.11,57232.65
1785981900,1785982200,short,64565.5,64630.299,64630.299,64435.902,SL,-1.0,-572.33,56660.32
1785992400,1785992700,long,64680.0,64767.3125,64592.6875,64854.625,SL,1.0,566.6,57226.92
1786004100,1786004700,short,64771.0,64853.910749999995,64853.910749999995,64605.17850000001,SL,-1.0,-572.27,56654.65
1786012800,1786014000,short,64637.0,64585.17175,64688.82825,64533.3435,SL,1.0,566.55,57221.2
1786014600,1786020900,short,64526.5,64416.698000000004,64636.301999999996,64306.89600000001,SL,1.0,572.21,57793.41
1786026900,1786027200,long,64563.5,64563.5,64365.80100000001,64958.89799999999,SL,0.0,0.0,57793.41
1786031400,1786040100,short,64682.0,64526.097250000006,64837.902749999994,64370.19450000001,SL,1.0,577.93,58371.35
1786041000,1786042800,short,64508.5,64409.7125,64607.2875,64310.925,SL,1.0,583.71,58955.06
1786044000,1786044600,short,64408.5,64357.286250000005,64459.713749999995,64306.07250000001,SL,1.0,589.55,59544.61
1786055100,1786058100,short,64375.5,64304.793000000005,64446.206999999995,64234.08600000001,SL,1.0,595.45,60140.06
1786058400,1786059300,short,64313.0,64195.66050000001,64371.669749999994,64195.66050000001,Target,2.0,1202.8,61342.86
1786064400,1786066500,long,64319.5,64319.5,64203.882000000005,64550.73599999999,SL,0.0,0.0,61342.86
1786067400,1786068600,long,64362.5,64237.865000000005,64237.865000000005,64611.76999999999,SL,-1.0,-613.43,60729.43
1786071000,1786077900,long,64400.5,64218.37475,64218.37475,64764.750499999995,SL,-1.0,-607.29,60122.14
1786098000,1786101300,long,64842.0,64922.397,64761.603,65002.793999999994,SL,1.0,601.22,60723.36
1786104300,1786104600,long,65025.0,65184.97749999999,64945.01125,65184.97749999999,Target,2.0,1214.47,61937.82
1786104900,1786105800,long,65129.5,65129.5,64977.994750000005,65432.51049999999,SL,0.0,0.0,61937.82
1786110300,1786112700,short,65077.5,65077.5,65332.649999999994,64567.20000000001,SL,0.0,0.0,61937.82
1786119300,1786119600,long,65006.5,64915.02625,64915.02625,65189.447499999995,SL,-1.0,-619.38,61318.45
1786121400,1786121700,short,64906.0,64827.02375,64984.97625,64748.0475,SL,1.0,613.18,61931.63
1786122000,1786122600,short,64850.0,64737.034750000006,64962.965249999994,64624.06950000001,SL,1.0,619.32,62550.95
1786128000,1786129200,short,64776.0,64776.0,64856.912249999994,64614.17550000001,SL,0.0,0.0,62550.95
1786138200,1786138800,long,64965.5,65037.96275,64893.03725,65110.4255,SL,1.0,625.51,63176.46
1786141800,1786150200,short,64884.5,64884.5,64958.96324999999,64735.57350000001,SL,0.0,0.0,63176.46
1786153200,1786156200,long,64893.5,64893.5,64849.059250000006,64982.38149999999,SL,0.0,0.0,63176.46
1786159500,1786199100,long,64972.5,65069.454,64875.546,65166.407999999996,SL,1.0,631.76,63808.22
1786226100,1786238700,short,65007.5,64876.45950000001,65073.020249999994,64876.45950000001,Target,2.0,1276.16,65084.39
1786246500,1786248900,short,64759.0,64806.386999999995,64806.386999999995,64664.22600000001,SL,-1.0,-650.84,64433.54
1786291200,1786291500,short,65203.5,65242.604999999996,65242.604999999996,65125.29000000001,SL,-1.0,-644.34,63789.21
1786295100,1786305600,short,65211.0,65165.388000000006,65256.611999999994,65119.77600000001,SL,1.0,637.89,64427.1
1786306200,1786307400,short,65137.0,65137.0,65201.08425,65008.8315,SL,0.0,0.0,64427.1
1786323900,1786325100,short,64920.5,65054.010749999994,65054.010749999994,64653.47850000001,SL,-1.0,-644.27,63782.83
1786329900,1786330200,long,64994.5,65074.4735,64914.5265,65154.447,SL,1.0,637.83,64420.66
1786336500,1786337100,short,65006.5,65006.5,65090.528999999995,64838.44200000001,SL,0.0,0.0,64420.66
1786338000,1786340100,short,64986.5,65067.01725,65067.01725,64825.465500000006,SL,-1.0,-644.21,63776.45
1786340400,1786341000,long,65034.0,65099.500499999995,64968.499500000005,65165.00099999999,SL,1.0,637.76,64414.21
1786344000,1786347900,long,65187.0,65280.562999999995,65093.437000000005,65374.12599999999,SL,1.0,644.14,65058.36
1786352700,1786354500,short,65190.0,65100.376500000006,65279.623499999994,65010.75300000001,SL,1.0,650.58,65708.94
1786357200,1786362900,short,65011.0,65093.030249999996,65093.030249999996,64846.93950000001,SL,-1.0,-657.09,65051.85
1786369200,1786378500,short,64646.5,64049.58750000001,64944.956249999996,64049.58750000001,Target,2.0,1301.04,66352.89
1786382700,1786383600,short,63913.0,64012.490249999995,64012.490249999995,63714.01950000001,SL,-1.0,-663.53,65689.36
1786388400,1786389600,short,63875.0,63944.95649999999,63944.95649999999,63735.087000000014,SL,-1.0,-656.89,65032.46
1786392300,1786394400,long,64028.5,64128.48024999999,63928.51975000001,64228.46049999999,SL,1.0,650.32,65682.79
1786398000,1786405800,short,64041.0,63953.952000000005,64128.047999999995,63866.90400000001,SL,1.0,656.83,66339.62
1786406400,1786409400,short,63926.0,63997.482749999996,63997.482749999996,63783.03450000001,SL,-1.0,-663.4,65676.22
1786421700,1786423800,short,64096.0,64047.443750000006,64144.556249999994,63998.88750000001,SL,1.0,656.76,66332.98
1786427400,1786430100,short,63987.5,63923.49025,64051.50975,63859.480500000005,SL,1.0,663.33,66996.31
1786433100,1786433700,short,63903.0,63982.97549999999,63982.97549999999,63743.04900000001,SL,-1.0,-669.96,66326.35
1786454400,1786455300,short,64266.5,64030.14750000001,64384.67625,64030.14750000001,Target,2.0,1326.53,67652.88
1786458600,1786462500,short,63927.5,63675.426250000004,64179.573749999996,63423.35250000001,SL,1.0,676.53,68329.41
1786493100,1786494000,short,63577.5,63636.8025,63636.8025,63458.895000000004,SL,-1.0,-683.29,67646.11
1786504500,1786505700,short,63728.5,63811.389749999995,63811.389749999995,63562.72050000001,SL,-1.0,-676.46,66969.65
1786525200,1786525800,short,63757.0,63833.901,63833.901,63603.198000000004,SL,-1.0,-669.7,66299.95
1786535100,1786536900,long,64188.0,64274.56675,64101.43325,64361.133499999996,SL,1.0,663.0,66962.95
1786541100,1786543500,short,63914.5,63696.950000000004,64132.049999999996,63479.40000000001,SL,1.0,669.63,67632.58
1786544700,1786546500,short,63710.5,63479.045000000006,63941.954999999994,63247.59000000001,SL,1.0,676.33,68308.91
1786551600,1786562700,long,63463.0,63313.82725,63313.82725,63761.345499999996,SL,-1.0,-683.09,67625.82
1786563000,1786564800,short,63355.5,63459.714,63459.714,63147.072,SL,-1.0,-676.26,66949.56
1786566300,1786568700,long,63467.5,63560.702999999994,63374.297000000006,63653.90599999999,SL,1.0,669.5,67619.06
1786574100,1786577700,short,63463.0,63463.0,63527.748,63333.504,SL,0.0,0.0,67619.06
1786578900,1786579500,long,63449.0,63449.0,63349.3095,63648.380999999994,SL,0.0,0.0,67619.06
1786580100,1786584300,long,63580.5,63411.2785,63411.2785,63918.943,SL,-1.0,-676.19,66942.87
1786587000,1786588200,short,63421.5,63421.5,63491.729999999996,63281.04000000001,SL,0.0,0.0,66942.87
1786592400,1786594800,long,63594.0,63594.0,63514.227000000006,63753.54599999999,SL,0.0,0.0,66942.87
1786608900,1786611900,short,63838.5,63674.61150000001,63920.44424999999,63674.61150000001,Target,2.0,1338.86,68281.72
1786619700,1786620000,short,63597.5,63531.184,63663.816,63464.868,SL,1.0,682.82,68964.54
1786625400,1786626000,long,63566.5,63751.005999999994,63474.247,63751.005999999994,Target,2.0,1379.29,70343.83
1786628400,1786634700,long,63725.0,63725.0,63508.23,64158.53999999999,SL,0.0,0.0,70343.83
1786639200,1786647000,short,63293.5,63293.5,63568.268249999994,62743.96350000001,SL,0.0,0.0,70343.83
1786658700,1786659000,long,63451.5,63578.91949999999,63387.790250000005,63578.91949999999,Target,2.0,1406.88,71750.71
1786692900,1786693200,short,63058.0,62998.95725000001,63117.04274999999,62939.91450000001,SL,1.0,717.51,72468.22
1786695900,1786697100,short,62866.5,62866.5,63008.4885,62582.523,SL,0.0,0.0,72468.22
1786703700,1786704900,long,62863.0,62791.588500000005,62791.588500000005,63005.82299999999,SL,-1.0,-724.68,71743.53
1786706700,1786709100,long,62887.5,62782.093250000005,62782.093250000005,63098.31349999999,SL,-1.0,-717.44,71026.1
1786716900,1786717800,short,62558.5,62748.358499999995,62748.358499999995,62178.78300000001,SL,-1.0,-710.26,70315.84
1786728000,1786729200,long,63157.0,63063.95225,63063.95225,63343.095499999996,SL,-1.0,-703.16,69612.68
1786732500,1786733100,short,63008.5,62926.97075,63090.02925,62845.4415,SL,1.0,696.13,70308.81
1786742100,1786747500,short,62874.0,62874.0,62950.4595,62721.081000000006,SL,0.0,0.0,70308.81
1786753200,1786763400,long,63012.5,63136.48199999999,62950.509000000005,63136.48199999999,Target,2.0,1406.18,71714.98
1786775100,1786776600,short,63016.0,63104.536499999995,63104.536499999995,62838.92700000001,SL,-1.0,-717.15,70997.83
1786780200,1786783800,short,63053.5,62994.95975,63112.04025,62936.4195,SL,1.0,709.98,71707.81
1786803300,1786807800,short,63017.0,63069.51899999999,63069.51899999999,62911.962000000014,SL,-1.0,-717.08,70990.73
1786811400,1786817700,long,63083.5,63027.4705,63027.4705,63195.558999999994,SL,-1.0,-709.91,70280.82
1786844100,1786846800,short,63026.5,63083.02574999999,63083.02574999999,62913.44850000001,SL,-1.0,-702.81,69578.02
1786847400,1786873200,long,63088.5,62987.99025,62987.99025,63289.519499999995,SL,-1.0,-695.78,68882.24
1786925700,1786926300,short,62859.5,62787.55,62931.45,62715.600000000006,SL,1.0,688.82,69571.06
1786926600,1786927200,short,62770.5,62887.92825,62887.92825,62535.643500000006,SL,-1.0,-695.71,68875.35
1786947300,1786950000,long,63568.0,63568.0,63464.75175,63774.496499999994,SL,0.0,0.0,68875.35
1786953900,1786956000,short,63499.0,63356.461500000005,63570.26925,63356.461500000005,Target,2.0,1377.51,70252.85
1786958700,1786962300,short,63356.0,63356.0,63443.205749999994,63181.58850000001,SL,0.0,0.0,70252.85
1786969500,1786973100,short,63582.0,63486.67725,63677.32275,63391.3545,SL,1.0,702.53,70955.38
1786976100,1786977900,long,63628.5,63628.5,63534.71675000001,63816.066499999986,SL,0.0,0.0,70955.38
1786980600,1786981800,long,63894.5,64177.28499999999,63753.107500000006,64177.28499999999,Target,2.0,1419.11,72374.49
1786994400,1786998300,short,64305.0,64403.1855,64403.1855,64108.629,SL,-1.0,-723.74,71650.75
1787004900,1787008500,short,64300.0,64378.172999999995,64378.172999999995,64143.65400000001,SL,-1.0,-716.51,70934.24
1787012400,1787013900,long,64461.0,64360.30375000001,64360.30375000001,64662.39249999999,SL,-1.0,-709.34,70224.9
1787021400,1787027700,short,64094.0,64214.59125,64214.59125,63852.817500000005,SL,-1.0,-702.25,69522.65
1787031600,1787034000,short,64176.0,64259.1135,64259.1135,64009.773,SL,-1.0,-695.23,68827.42
1787037300,1787038200,long,64329.0,64250.8585,64250.8585,64485.282999999996,SL,-1.0,-688.27,68139.15
1787051700,1787058900,long,64312.5,64135.41625,64135.41625,64666.667499999996,SL,-1.0,-681.39,67457.76
1787068800,1787069400,long,64867.0,64739.114250000006,64739.114250000006,65122.77149999999,SL,-1.0,-674.58,66783.18
1787082000,1787083500,short,64717.0,64566.240000000005,64792.38,64566.240000000005,Target,2.0,1335.66,68118.84
1787089200,1787094000,short,64582.5,64632.80024999999,64632.80024999999,64481.899500000014,SL,-1.0,-681.19,67437.65
1787094600,1787097900,long,64665.5,64572.6975,64572.6975,64851.104999999996,SL,-1.0,-674.38,66763.28
1787100900,1787109300,short,64517.0,64383.691000000006,64650.308999999994,64250.38200000001,SL,1.0,667.63,67430.91
1787111400,1787112000,long,64337.0,64273.847,64273.847,64463.306,SL,-1.0,-674.31,66756.6
1787124600,1787127000,long,64352.5,64253.35725,64253.35725,64550.7855,SL,-1.0,-667.57,66089.03
1787163000,1787163300,short,68139.0,68271.61875,68271.61875,67873.76250000001,SL,-1.0,-660.89,65428.14
1787164800,1787165100,long,68268.0,68366.60175,68169.39825,68465.2035,SL,1.0,654.28,66082.42
1787172600,1787172900,long,68748.5,69082.11599999998,68581.69200000001,69082.11599999998,Target,2.0,1321.65,67404.07
1787173500,1787213700,long,69585.5,71495.16499999998,68630.66750000001,71495.16499999998,Target,2.0,1348.08,68752.15
1787223600,1787225400,long,71947.0,72135.39725,71758.60275,72323.79449999999,SL,1.0,687.52,69439.68
1787240100,1787250600,long,72395.0,72395.0,72012.47575,73160.0485,SL,0.0,0.0,69439.68
1787257800,1787258100,long,72778.5,72778.5,72604.6795,73126.141,SL,0.0,0.0,69439.68
1787270400,1787270700,long,73091.0,73252.98275,72929.01725,73414.96549999999,SL,1.0,694.4,70134.07
1787275800,1787296500,long,74872.0,76833.92799999999,73891.03600000001,76833.92799999999,Target,2.0,1402.68,71536.75
1787304600,1787310600,long,77964.5,77419.77075000001,77419.77075000001,79053.95849999998,SL,-1.0,-715.37,70821.39
1787323800,1787327700,long,77247.0,77247.0,76818.5715,78103.85699999999,SL,0.0,0.0,70821.39
1787333700,1787337300,long,77558.0,77188.38650000001,77188.38650000001,78297.22699999998,SL,-1.0,-708.21,70113.17
1787337600,1787337900,short,77276.0,76864.557,77481.7215,76864.557,Target,2.0,1402.26,71515.44
1787342400,1787343000,short,77059.0,77261.6115,77261.6115,76653.777,SL,-1.0,-715.15,70800.28
1787347500,1787347800,long,77785.5,78199.20525,77371.79475,78612.9105,SL,1.0,708.0,71508.29
1787369100,1787371200,long,78605.0,78312.32425,78312.32425,79190.35149999999,SL,-1.0,-715.08,70793.2
1787375700,1787394600,short,77789.0,76984.723,78593.277,76180.446,SL,1.0,707.93,71501.13
1787406000,1787406300,short,77141.5,77253.6075,77253.6075,76917.285,SL,-1.0,-715.01,70786.12
1787411700,1787415300,short,76975.5,77146.55399999999,77146.55399999999,76633.39200000002,SL,-1.0,-707.86,70078.26
1787415900,1787416800,long,77204.5,77383.03224999999,77025.96775000001,77561.56449999998,SL,1.0,700.78,70779.04
1787419200,1787419500,long,77352.0,77224.86825,77224.86825,77606.2635,SL,-1.0,-707.79,70071.25
1787432100,1787432400,short,77350.0,77225.282,77474.718,77100.56400000001,SL,1.0,700.71,70771.97
1787434200,1787434800,short,77147.5,77031.3875,77263.6125,76915.275,SL,1.0,707.72,71479.69
1787438100,1787442300,short,77063.5,77063.5,77213.5875,76763.32500000001,SL,0.0,0.0,71479.69
1787457600,1787457900,short,76870.5,76870.5,77045.00325,76521.49350000001,SL,0.0,0.0,71479.69
1787458200,1787458500,short,76862.5,77016.489,77016.489,76554.522,SL,-1.0,-714.8,70764.89
1787465100,1787466000,short,76040.5,76309.13549999999,76309.13549999999,75503.22900000002,SL,-1.0,-707.65,70057.24
1787480700,1787481000,long,76707.5,76849.80175,76565.19825,76992.1035,SL,1.0,700.57,70757.81
1787483700,1787484000,long,76849.5,76992.3725,76706.6275,77135.245,SL,1.0,707.58,71465.39
1787484300,1787484900,long,76984.0,77377.82549999998,76787.08725000001,77377.82549999998,Target,2.0,1429.31,72894.7
1787500500,1787501700,short,77170.5,77294.12775,77294.12775,76923.2445,SL,-1.0,-728.95,72165.75
1787505600,1787506200,long,77345.5,77152.90425,77152.90425,77730.69149999999,SL,-1.0,-721.66,71444.09
1787507100,1787508600,short,77221.5,77221.5,77341.65149999999,76981.19700000001,SL,0.0,0.0,71444.09
1787526600,1787527500,short,77402.5,77643.30225,77643.30225,76920.89550000001,SL,-1.0,-714.44,70729.65
1787532300,1787532900,short,77374.5,77622.792,77622.792,76877.916,SL,-1.0,-707.3,70022.36
1787536200,1787536500,short,77157.5,77157.5,77406.684,76659.13200000001,SL,0.0,0.0,70022.36
1787540400,1787541300,long,77439.0,77182.88925000001,77182.88925000001,77951.22149999999,SL,-1.0,-700.22,69322.13
1787554200,1787555400,long,77345.0,77676.218,77179.391,77676.218,Target,2.0,1386.44,70708.58
1787571600,1787572200,long,78152.5,78152.5,77771.095,78915.31,SL,0.0,0.0,70708.58
1787574300,1787575500,long,78251.0,78915.95749999999,77918.52125,78915.95749999999,Target,2.0,1414.17,72122.75
1787582100,1787586900,long,79627.5,78808.07625,78808.07625,81266.3475,SL,-1.0,-721.23,71401.52
1787590200,1787590500,short,79341.5,79048.2025,79634.7975,78754.905,SL,1.0,714.02,72115.54
1787592000,1787592300,short,79064.0,78774.831,79208.5845,78774.831,Target,2.0,1442.31,73557.85
1787597400,1787599200,long,78959.0,78648.15625,78648.15625,79580.6875,SL,-1.0,-735.58,72822.27
1787607300,1787610300,long,78930.0,78780.09025000001,78780.09025000001,79229.81949999998,SL,-1.0,-728.22,72094.04
1787612100,1787613600,short,78698.5,78867.91425,78867.91425,78359.6715,SL,-1.0,-720.94,71373.1
1787619000,1787624100,long,79339.0,79838.4395,78839.5605,80337.87899999999,SL,1.0,713.73,72086.84
1787627400,1787628300,long,80839.5,80533.713,80533.713,81451.074,SL,-1.0,-720.87,71365.97
1787642700,1787643900,short,80612.5,80451.13325,80773.86675,80289.7665,SL,1.0,713.66,72079.63
1787644200,1787644500,short,80467.0,80055.36750000002,80672.81624999999,80055.36750000002,Target,2.0,1441.59,73521.22
1787647500,1787651400,short,79949.0,79406.82,80220.09,79406.82,Target,2.0,1470.42,74991.64
1787658600,1787659500,short,79134.0,78920.346,79347.654,78706.69200000001,SL,1.0,749.92,75741.56
1787661900,1787662200,short,78880.0,79030.49549999999,79030.49549999999,78579.00900000002,SL,-1.0,-757.42,74984.14
1787677200,1787677500,short,79098.0,79098.0,79292.12625,78709.7475,SL,0.0,0.0,74984.14
1787678400,1787679900,short,78833.0,79162.5615,79162.5615,78173.87700000001,SL,-1.0,-749.84,74234.3
1787689800,1787690100,short,78801.5,78626.03125,78976.96875,78450.5625,SL,1.0,742.34,74976.65
1787698500,1787700000,long,78846.5,78708.626,78708.626,79122.24799999999,SL,-1.0,-749.77,74226.88
1787701500,1787702700,short,78608.0,78402.613,78813.387,78197.226,SL,1.0,742.27,74969.15
1787704500,1787705400,short,78428.5,78622.29149999999,78622.29149999999,78040.91700000002,SL,-1.0,-749.69,74219.46
1787705700,1787706600,long,78524.5,78746.67074999999,78302.32925000001,78968.84149999998,SL,1.0,742.19,74961.65
1787716200,1787717400,short,78957.5,79135.548,79135.548,78601.40400000001,SL,-1.0,-749.62,74212.03
1787727600,1787727900,short,78835.0,78983.472,78983.472,78538.05600000001,SL,-1.0,-742.12,73469.91
1787729100,1787729400,long,79006.5,78861.54950000001,78861.54950000001,79296.40099999998,SL,-1.0,-734.7,72735.22
1787730000,1787731200,long,78957.5,78816.572,78816.572,79239.356,SL,-1.0,-727.35,72007.86
1787734500,1787734800,short,78882.5,78728.5015,79036.4985,78574.503,SL,1.0,720.08,72727.94
1787753100,1787754600,long,78431.0,78136.91200000001,78136.91200000001,79019.17599999998,SL,-1.0,-727.28,72000.66
1787767200,1787769600,long,78493.0,78296.83200000001,78296.83200000001,78885.33599999998,SL,-1.0,-720.01,71280.66
1787771700,1787772000,short,78366.0,78366.0,78467.71424999999,78162.57150000002,SL,0.0,0.0,71280.66
1787772300,1787772600,short,78348.0,78477.219,78477.219,78089.562,SL,-1.0,-712.81,70567.85
1787773800,1787775600,long,78409.0,78307.82650000001,78307.82650000001,78611.34699999998,SL,-1.0,-705.68,69862.17
1787780400,1787782800,long,78717.0,78853.80975,78580.19025,78990.6195,SL,1.0,698.62,70560.79
1787802900,1787808900,short,78806.5,78668.5475,78944.4525,78530.595,SL,1.0,705.61,71266.4
1787814900,1787817000,long,78803.0,78905.37,78700.63,79007.73999999999,SL,1.0,712.66,71979.06
1787822700,1787823000,long,79974.5,80223.88249999999,79725.11750000001,80473.26499999998,SL,1.0,719.79,72698.85
1787836800,1787837400,long,79360.0,79203.87825000001,79203.87825000001,79672.24349999998,SL,-1.0,-726.99,71971.87
1787838300,1787838900,short,79078.5,79377.16875,79377.16875,78481.1625,SL,-1.0,-719.72,71252.15
1787840700,1787841300,long,79683.5,80045.18075,79321.81925,80406.8615,SL,1.0,712.52,71964.67
1787859600,1787862000,short,80086.0,80086.0,80243.60175,79770.7965,SL,0.0,0.0,71964.67
1787891700,1787892000,short,79792.5,79702.0785,79882.9215,79611.657,SL,1.0,719.65,72684.32
1787898900,1787900400,long,79852.5,79852.5,79738.61075,80080.27849999999,SL,0.0,0.0,72684.32
1787907300,1787911800,short,79474.0,79200.14600000001,79747.85399999999,78926.29200000002,SL,1.0,726.84,73411.16
1787920200,1787923500,short,79504.5,79275.65325,79733.34675,79046.8065,SL,1.0,734.11,74145.27
1787924700,1787925000,short,79120.0,79379.67,79379.67,78600.66,SL,-1.0,-741.45,73403.82
1787926200,1787929200,short,78736.0,79727.844,79727.844,76752.312,SL,-1.0,-734.04,72669.78
1787936400,1787937000,short,77744.5,77984.973,77984.973,77263.554,SL,-1.0,-726.7,71943.08
1787939400,1787941200,long,77899.0,77637.16200000001,77637.16200000001,78422.67599999998,SL,-1.0,-719.43,71223.65
1787946300,1787949000,short,77593.5,77323.81050000002,77728.34474999999,77323.81050000002,Target,2.0,1424.47,72648.12
1787988600,1787990400,long,77507.5,77507.5,77389.78575000001,77742.92849999998,SL,0.0,0.0,72648.12
1787991900,1787994300,long,77524.0,77607.23975,77440.76025,77690.47949999999,SL,1.0,726.48,73374.61
